customer_id,customer_segment,zone,signup_date,is_loyalty_member
1,Particular,Zona Sur GBA,2024-02-20,False
2,VIP,Zona Oeste GBA,2024-03-11,False
3,Frecuente,Zona Norte GBA,2025-04-24,True
4,Particular,Zona Sur GBA,2025-07-13,False
5,Particular,CABA Centro,2024-01-19,False
6,Particular,CABA Norte,2026-02-12,False
7,Particular,Zona Sur GBA,2024-03-24,False
8,Frecuente,CABA Sur,2024-06-03,True
9,Particular,Zona Sur GBA,2025-07-18,False
10,Particular,Zona Sur GBA,2025-09-10,True
11,Particular,CABA Norte,2024-12-22,True
12,VIP,Zona Sur GBA,2026-03-26,True
13,Frecuente,Zona Norte GBA,2025-10-08,True
14,Particular,Zona Norte GBA,2025-03-18,False
15,Particular,Zona Norte GBA,2024-03-09,False
16,Particular,Zona Sur GBA,2025-06-06,False
17,Particular,CABA Norte,2024-05-22,False
18,Particular,Zona Norte GBA,2024-07-10,True
19,Particular,Zona Oeste GBA,2025-01-21,False
20,Particular,Zona Oeste GBA,2025-01-12,False
21,Particular,Zona Oeste GBA,2025-08-03,True
22,Particular,CABA Norte,2025-06-18,False
23,Particular,CABA Centro,2025-11-23,False
24,Particular,CABA Sur,2024-10-19,True
25,Particular,Zona Oeste GBA,2024-01-09,True
26,Frecuente,CABA Centro,2024-09-27,True
27,Particular,CABA Centro,2025-01-21,False
28,Particular,Zona Sur GBA,2024-04-02,False
29,Particular,CABA Norte,2025-06-12,True
30,Particular,Zona Sur GBA,2024-06-02,False
31,Particular,Zona Oeste GBA,2025-02-08,False
32,Particular,Zona Sur GBA,2026-04-19,False
33,Particular,CABA Centro,2024-05-28,True
34,VIP,CABA Norte,2026-06-07,True
35,VIP,Zona Oeste GBA,2024-09-23,True
36,Frecuente,Zona Sur GBA,2025-02-25,True
37,Particular,Zona Oeste GBA,2026-04-19,False
38,Particular,CABA Norte,2025-09-09,False
39,Particular,Zona Oeste GBA,2025-04-16,False
40,Particular,Zona Oeste GBA,2026-06-11,False
41,Particular,Zona Oeste GBA,2025-06-30,False
42,Particular,Zona Oeste GBA,2025-09-22,False
43,Particular,Zona Sur GBA,2025-06-09,False
44,Frecuente,Zona Norte GBA,2025-05-17,True
45,Particular,CABA Norte,2024-01-14,False
46,Particular,Zona Norte GBA,2026-02-16,False
47,Particular,CABA Norte,2025-10-13,False
48,Particular,CABA Sur,2026-03-16,False
49,Particular,CABA Sur,2024-12-29,True
50,Particular,CABA Norte,2024-04-28,False
51,VIP,CABA Sur,2024-08-25,False
52,Frecuente,CABA Norte,2025-06-29,True
53,Frecuente,Zona Oeste GBA,2024-06-17,True
54,Frecuente,Zona Sur GBA,2025-06-05,True
55,Particular,CABA Norte,2025-09-25,False
56,Frecuente,Zona Sur GBA,2025-10-18,True
57,Particular,Zona Norte GBA,2026-01-04,False
58,Particular,CABA Centro,2026-06-01,False
59,Particular,CABA Norte,2026-02-07,False
60,Particular,Zona Norte GBA,2026-02-18,True
61,Particular,Zona Oeste GBA,2026-05-20,False
62,Particular,Zona Oeste GBA,2025-05-30,False
63,Frecuente,CABA Norte,2025-01-31,True
64,Particular,CABA Norte,2026-05-15,False
65,Particular,CABA Sur,2024-04-15,False
66,Particular,CABA Centro,2024-03-25,True
67,Particular,CABA Centro,2024-08-01,True
68,Frecuente,CABA Centro,2024-04-30,False
69,Particular,Zona Oeste GBA,2024-05-11,False
70,VIP,Zona Sur GBA,2026-04-29,False
71,Frecuente,CABA Sur,2024-07-15,True
72,Particular,Zona Sur GBA,2024-01-19,False
73,Particular,CABA Sur,2025-10-03,False
74,Frecuente,Zona Norte GBA,2024-01-12,True
75,Particular,CABA Centro,2024-03-21,False
76,Frecuente,Zona Oeste GBA,2024-11-25,True
77,Frecuente,Zona Sur GBA,2026-05-15,True
78,Particular,Zona Norte GBA,2026-02-12,False
79,Particular,CABA Sur,2025-01-26,False
80,Particular,Zona Oeste GBA,2025-09-28,False
81,Frecuente,CABA Norte,2024-11-02,True
82,Particular,Zona Sur GBA,2024-09-23,False
83,Particular,Zona Norte GBA,2025-03-22,False
84,Particular,Zona Norte GBA,2025-03-16,False
85,Particular,Zona Norte GBA,2026-06-13,False
86,Particular,Zona Norte GBA,2025-10-13,False
87,Frecuente,CABA Norte,2026-04-20,True
88,Particular,Zona Oeste GBA,2024-01-02,True
89,Frecuente,CABA Centro,2025-06-03,True
90,Particular,Zona Oeste GBA,2026-01-31,False
91,Particular,Zona Sur GBA,2025-10-12,False
92,Particular,Zona Oeste GBA,2025-09-27,False
93,Frecuente,Zona Norte GBA,2024-11-04,True
94,Particular,Zona Norte GBA,2026-01-09,False
95,Frecuente,CABA Norte,2025-06-05,True
96,Particular,Zona Oeste GBA,2025-04-13,False
97,Particular,CABA Centro,2024-07-30,False
98,Particular,Zona Norte GBA,2024-04-21,False
99,Particular,CABA Centro,2024-01-08,False
100,Particular,CABA Norte,2026-03-14,False
101,Particular,Zona Norte GBA,2025-04-21,False
102,Particular,CABA Norte,2026-05-23,False
103,Particular,Zona Oeste GBA,2025-04-04,False
104,Particular,CABA Centro,2024-09-09,False
105,Frecuente,CABA Norte,2025-06-09,False
106,Particular,Zona Norte GBA,2026-01-21,False
107,Particular,CABA Norte,2025-03-13,False
108,Frecuente,CABA Centro,2026-01-23,False
109,Particular,Zona Oeste GBA,2026-05-03,True
110,Particular,CABA Norte,2025-10-22,True
111,Particular,Zona Sur GBA,2024-08-23,False
112,Particular,CABA Norte,2024-11-01,True
113,Frecuente,CABA Centro,2025-04-22,False
114,Frecuente,Zona Oeste GBA,2025-11-09,True
115,Particular,CABA Centro,2024-01-20,True
116,Frecuente,CABA Norte,2024-08-03,True
117,Frecuente,CABA Sur,2026-05-04,True
118,Particular,CABA Centro,2024-05-14,False
119,Frecuente,Zona Sur GBA,2026-06-23,False
120,Particular,CABA Centro,2024-05-08,False
121,Frecuente,Zona Oeste GBA,2025-02-13,True
122,Frecuente,Zona Sur GBA,2025-02-25,False
123,Particular,CABA Sur,2024-10-20,False
124,Particular,Zona Sur GBA,2024-09-02,True
125,Particular,CABA Sur,2025-12-01,False
126,Particular,Zona Sur GBA,2025-07-09,False
127,Frecuente,CABA Norte,2024-03-26,True
128,Frecuente,Zona Oeste GBA,2025-07-09,False
129,Particular,Zona Norte GBA,2026-04-21,False
130,Particular,CABA Sur,2025-01-09,False
131,Particular,Zona Norte GBA,2025-03-21,False
132,Particular,Zona Oeste GBA,2025-01-12,False
133,Particular,CABA Norte,2025-01-24,True
134,Particular,CABA Norte,2025-10-18,False
135,VIP,Zona Oeste GBA,2024-02-20,True
136,Particular,Zona Oeste GBA,2024-08-29,True
137,Particular,Zona Sur GBA,2024-10-20,True
138,Particular,Zona Oeste GBA,2025-07-16,False
139,Particular,Zona Sur GBA,2024-09-22,False
140,VIP,Zona Oeste GBA,2024-04-29,True
141,VIP,CABA Centro,2025-12-12,True
142,Particular,CABA Norte,2024-09-04,True
143,Particular,Zona Oeste GBA,2024-03-10,False
144,Particular,Zona Oeste GBA,2026-05-02,False
145,Particular,CABA Norte,2024-02-26,False
146,Particular,CABA Sur,2025-01-16,False
147,Particular,Zona Sur GBA,2024-02-08,False
148,Particular,Zona Norte GBA,2026-03-11,False
149,Particular,CABA Sur,2025-03-18,True
150,Particular,Zona Norte GBA,2024-01-18,False
151,Frecuente,CABA Centro,2026-01-01,True
152,Particular,CABA Sur,2026-04-04,False
153,Particular,CABA Sur,2026-01-25,False
154,Particular,CABA Norte,2024-12-17,False
155,VIP,Zona Oeste GBA,2026-03-26,True
156,Particular,CABA Sur,2024-10-24,True
157,Particular,Zona Sur GBA,2024-10-09,False
158,Frecuente,Zona Sur GBA,2025-08-08,True
159,Particular,CABA Centro,2024-04-19,False
160,Frecuente,Zona Oeste GBA,2024-06-28,True
161,Particular,Zona Norte GBA,2025-06-27,False
162,Particular,Zona Sur GBA,2026-01-15,False
163,Particular,CABA Centro,2026-03-04,False
164,Particular,Zona Oeste GBA,2024-01-25,False
165,Particular,Zona Norte GBA,2026-04-22,True
166,Frecuente,CABA Centro,2026-03-01,True
167,Particular,CABA Norte,2026-01-07,False
168,Particular,Zona Oeste GBA,2024-02-26,False
169,Particular,Zona Oeste GBA,2024-06-28,False
170,Particular,CABA Centro,2024-08-19,False
171,Particular,Zona Oeste GBA,2026-06-12,False
172,Particular,CABA Sur,2024-12-08,False
173,Particular,Zona Oeste GBA,2025-04-21,False
174,Particular,CABA Centro,2026-03-09,False
175,Particular,Zona Sur GBA,2025-07-29,False
176,Particular,CABA Centro,2025-03-30,True
177,Particular,CABA Sur,2024-08-19,False
178,Particular,CABA Norte,2024-10-15,False
179,Frecuente,CABA Norte,2024-07-31,True
180,Particular,Zona Norte GBA,2024-09-14,False
181,Particular,CABA Centro,2025-06-13,False
182,Particular,Zona Sur GBA,2025-11-17,True
183,Frecuente,CABA Norte,2024-08-16,True
184,Frecuente,CABA Sur,2024-08-13,True
185,Particular,CABA Sur,2025-08-18,False
186,Particular,CABA Norte,2026-03-13,False
187,Frecuente,CABA Norte,2025-03-10,True
188,Particular,CABA Sur,2026-05-31,True
189,Particular,Zona Norte GBA,2026-01-27,False
190,Particular,CABA Sur,2025-02-05,False
191,Particular,Zona Norte GBA,2025-09-13,False
192,Frecuente,Zona Norte GBA,2026-02-04,True
193,Frecuente,CABA Norte,2024-03-28,True
194,Particular,Zona Norte GBA,2025-08-06,True
195,Particular,Zona Sur GBA,2026-06-11,False
196,Particular,Zona Norte GBA,2025-06-25,False
197,Frecuente,Zona Oeste GBA,2025-11-14,True
198,Frecuente,CABA Centro,2024-11-04,True
199,Frecuente,Zona Oeste GBA,2026-06-24,True
200,Frecuente,Zona Oeste GBA,2024-12-08,False
201,Particular,Zona Norte GBA,2025-03-11,True
202,Particular,Zona Sur GBA,2024-06-25,False
203,Particular,CABA Norte,2024-05-18,True
204,Frecuente,CABA Norte,2024-07-12,True
205,Particular,Zona Oeste GBA,2024-07-04,False
206,Particular,Zona Oeste GBA,2024-08-05,False
207,Particular,CABA Norte,2024-06-12,False
208,Particular,CABA Centro,2024-06-09,False
209,Particular,CABA Norte,2025-06-08,False
210,Particular,CABA Centro,2026-03-18,False
211,Particular,Zona Oeste GBA,2025-08-23,False
212,Particular,Zona Norte GBA,2026-04-15,False
213,Particular,CABA Sur,2024-02-11,False
214,Particular,CABA Sur,2024-07-28,False
215,Particular,CABA Norte,2026-01-10,False
216,Particular,CABA Centro,2026-05-11,False
217,Particular,Zona Oeste GBA,2024-10-01,False
218,Frecuente,Zona Sur GBA,2024-10-05,True
219,Particular,Zona Sur GBA,2024-09-07,False
220,Frecuente,CABA Norte,2024-11-05,True
221,Particular,Zona Sur GBA,2025-12-20,False
222,Particular,Zona Oeste GBA,2026-04-12,False
223,Particular,Zona Oeste GBA,2024-05-19,False
224,Particular,Zona Norte GBA,2026-03-02,False
225,Particular,CABA Sur,2025-06-29,False
226,Particular,CABA Centro,2026-03-31,False
227,VIP,CABA Norte,2026-06-22,True
228,Particular,CABA Centro,2025-06-13,False
229,Frecuente,CABA Centro,2024-02-26,True
230,Particular,Zona Norte GBA,2024-04-21,False
231,Frecuente,Zona Oeste GBA,2024-01-05,True
232,Particular,Zona Norte GBA,2025-02-13,False
233,Particular,CABA Norte,2025-02-17,False
234,Particular,Zona Sur GBA,2024-06-30,False
235,Particular,Zona Sur GBA,2024-01-13,False
236,Frecuente,Zona Oeste GBA,2024-12-04,True
237,Particular,Zona Sur GBA,2026-03-07,False
238,Particular,Zona Norte GBA,2024-09-15,True
239,Particular,Zona Sur GBA,2024-03-30,False
240,Particular,CABA Norte,2025-09-07,False
241,VIP,CABA Sur,2026-06-09,True
242,VIP,CABA Centro,2025-11-28,True
243,Frecuente,CABA Centro,2024-09-06,False
244,Particular,CABA Norte,2024-09-11,False
245,Particular,Zona Norte GBA,2025-08-10,False
246,Frecuente,Zona Oeste GBA,2026-06-16,False
247,Particular,Zona Norte GBA,2024-04-17,False
248,VIP,CABA Norte,2025-10-29,False
249,VIP,Zona Oeste GBA,2025-08-16,True
250,Frecuente,Zona Norte GBA,2025-08-11,True
251,Particular,CABA Sur,2025-04-29,True
252,Particular,Zona Oeste GBA,2024-09-14,True
253,Frecuente,CABA Centro,2025-09-30,True
254,Particular,CABA Sur,2026-06-21,False
255,Particular,Zona Sur GBA,2024-10-08,False
256,Particular,CABA Centro,2024-03-28,False
257,Frecuente,Zona Norte GBA,2024-07-22,True
258,Particular,Zona Sur GBA,2024-01-16,False
259,Particular,Zona Oeste GBA,2024-05-30,False
260,Particular,CABA Norte,2024-09-10,False
261,Particular,CABA Norte,2024-07-06,False
262,VIP,CABA Norte,2024-11-24,True
263,Particular,Zona Norte GBA,2025-06-27,False
264,Particular,Zona Norte GBA,2026-02-21,True
265,Frecuente,CABA Norte,2025-01-31,True
266,Frecuente,Zona Sur GBA,2025-05-31,True
267,Particular,Zona Norte GBA,2025-04-03,False
268,Particular,CABA Centro,2024-11-25,False
269,Particular,Zona Norte GBA,2026-03-30,True
270,Particular,Zona Oeste GBA,2026-04-24,True
271,Frecuente,CABA Norte,2024-06-17,True
272,Frecuente,CABA Centro,2025-11-23,False
273,Frecuente,Zona Oeste GBA,2024-12-31,True
274,Frecuente,Zona Norte GBA,2024-06-26,True
275,Particular,Zona Norte GBA,2025-10-16,False
276,Particular,CABA Sur,2024-12-27,True
277,Frecuente,CABA Norte,2026-01-29,True
278,Particular,CABA Norte,2025-09-30,False
279,Particular,Zona Norte GBA,2026-02-13,True
280,Frecuente,CABA Centro,2024-02-09,True
281,Frecuente,CABA Norte,2025-02-19,True
282,Particular,Zona Sur GBA,2024-12-20,False
283,Particular,Zona Sur GBA,2024-09-11,False
284,Particular,Zona Oeste GBA,2024-05-22,True
285,Particular,Zona Sur GBA,2026-01-21,False
286,Particular,CABA Centro,2026-01-09,False
287,Particular,Zona Sur GBA,2026-05-02,False
288,Particular,CABA Centro,2025-12-10,True
289,Particular,Zona Sur GBA,2025-07-30,False
290,Particular,Zona Sur GBA,2026-06-18,False
291,Particular,Zona Oeste GBA,2024-01-11,False
292,Particular,Zona Sur GBA,2025-09-11,True
293,Frecuente,Zona Norte GBA,2024-01-26,True
294,Particular,CABA Centro,2025-02-24,False
295,Particular,CABA Sur,2025-10-24,False
296,Particular,Zona Norte GBA,2024-08-08,False
297,Frecuente,CABA Norte,2026-05-02,True
298,Particular,Zona Norte GBA,2025-05-10,False
299,Particular,Zona Sur GBA,2024-08-24,False
300,Particular,CABA Centro,2024-08-24,False
301,Particular,Zona Oeste GBA,2024-08-06,False
302,Particular,Zona Sur GBA,2025-05-01,True
303,Particular,Zona Sur GBA,2025-04-05,False
304,Particular,Zona Sur GBA,2025-10-24,False
305,Frecuente,Zona Norte GBA,2025-09-26,True
306,VIP,Zona Sur GBA,2024-05-23,False
307,Particular,Zona Oeste GBA,2024-07-07,False
308,Particular,CABA Norte,2024-09-11,False
309,Frecuente,Zona Norte GBA,2024-03-08,True
310,Particular,Zona Oeste GBA,2025-09-07,False
311,Particular,CABA Centro,2024-12-01,True
312,Particular,Zona Oeste GBA,2025-11-01,False
313,Particular,Zona Oeste GBA,2026-03-31,False
314,VIP,CABA Norte,2026-05-23,True
315,Frecuente,Zona Norte GBA,2025-02-12,True
316,Particular,Zona Oeste GBA,2024-10-26,True
317,Particular,Zona Norte GBA,2026-06-26,True
318,Particular,CABA Norte,2025-08-24,False
319,Particular,CABA Norte,2024-12-22,False
320,Particular,CABA Sur,2024-09-12,False
321,Particular,Zona Sur GBA,2024-12-18,False
322,Particular,CABA Centro,2026-01-01,False
323,Particular,Zona Norte GBA,2025-06-04,False
324,Particular,CABA Centro,2025-06-07,False
325,VIP,CABA Sur,2026-04-16,False
326,Frecuente,Zona Sur GBA,2026-01-25,False
327,Particular,Zona Oeste GBA,2025-11-24,False
328,Particular,CABA Norte,2024-10-10,True
329,Particular,CABA Sur,2024-11-07,False
330,Particular,CABA Norte,2024-04-08,False
331,Particular,Zona Norte GBA,2024-07-15,False
332,Frecuente,Zona Oeste GBA,2025-04-26,True
333,Particular,CABA Norte,2026-05-27,True
334,Particular,CABA Centro,2024-08-13,True
335,Particular,CABA Sur,2026-04-24,False
336,Particular,Zona Sur GBA,2025-09-06,False
337,Frecuente,Zona Sur GBA,2025-09-09,True
338,Particular,CABA Norte,2024-12-30,False
339,Particular,Zona Oeste GBA,2025-01-02,False
340,Particular,CABA Sur,2025-07-23,False
341,Particular,CABA Sur,2025-08-12,False
342,Particular,Zona Oeste GBA,2024-03-15,False
343,Particular,Zona Sur GBA,2024-02-11,False
344,Particular,Zona Sur GBA,2025-02-25,False
345,Particular,Zona Norte GBA,2026-04-15,True
346,Particular,CABA Sur,2024-06-29,False
347,Particular,Zona Oeste GBA,2025-06-28,True
348,Particular,CABA Centro,2024-03-11,False
349,Particular,Zona Norte GBA,2025-07-21,False
350,Particular,CABA Sur,2024-04-14,False
351,Particular,Zona Oeste GBA,2024-07-18,False
352,Frecuente,CABA Centro,2024-04-10,True
353,Particular,CABA Centro,2026-02-06,False
354,Particular,Zona Sur GBA,2024-11-02,True
355,Particular,CABA Norte,2025-08-08,False
356,Particular,Zona Norte GBA,2025-11-13,True
357,Particular,CABA Centro,2025-01-11,False
358,Particular,CABA Norte,2025-10-16,False
359,VIP,CABA Norte,2025-11-08,True
360,Particular,CABA Norte,2025-02-02,False
361,Particular,Zona Sur GBA,2026-02-11,False
362,Particular,CABA Centro,2024-08-08,True
363,Particular,Zona Sur GBA,2025-08-17,False
364,Particular,Zona Norte GBA,2024-06-30,False
365,VIP,CABA Sur,2024-11-02,False
366,Particular,Zona Norte GBA,2025-06-05,False
367,VIP,Zona Norte GBA,2025-01-30,True
368,Frecuente,Zona Oeste GBA,2024-01-04,False
369,Particular,CABA Centro,2026-05-12,False
370,Particular,CABA Sur,2026-04-27,False
371,Particular,Zona Sur GBA,2026-03-14,False
372,Particular,Zona Sur GBA,2024-10-07,False
373,Particular,Zona Sur GBA,2024-08-02,False
374,Particular,CABA Sur,2025-09-01,False
375,Particular,Zona Oeste GBA,2025-02-23,True
376,Particular,Zona Norte GBA,2024-04-10,True
377,Frecuente,Zona Norte GBA,2025-06-04,True
378,Particular,CABA Centro,2025-07-26,False
379,Frecuente,Zona Norte GBA,2024-11-04,True
380,Particular,CABA Centro,2025-10-19,True
381,Particular,CABA Sur,2025-05-24,False
382,Particular,Zona Sur GBA,2024-03-03,False
383,Particular,CABA Centro,2025-09-24,False
384,Frecuente,CABA Norte,2024-08-13,False
385,Frecuente,CABA Norte,2024-04-14,False
386,Frecuente,Zona Sur GBA,2026-02-10,True
387,Particular,Zona Norte GBA,2026-05-10,False
388,Particular,CABA Sur,2025-02-28,False
389,Frecuente,Zona Oeste GBA,2024-09-11,True
390,Frecuente,Zona Sur GBA,2025-03-04,True
391,VIP,CABA Sur,2025-03-09,True
392,Particular,Zona Oeste GBA,2024-07-25,False
393,Particular,Zona Oeste GBA,2024-01-28,False
394,Frecuente,Zona Oeste GBA,2025-11-12,True
395,Particular,CABA Norte,2024-12-01,False
396,Frecuente,Zona Sur GBA,2025-08-10,True
397,Frecuente,Zona Norte GBA,2025-09-19,True
398,Particular,CABA Centro,2024-03-09,False
399,Frecuente,CABA Sur,2026-05-15,True
400,Frecuente,CABA Norte,2026-01-15,True
401,Particular,CABA Norte,2025-05-27,False
402,Frecuente,Zona Oeste GBA,2024-06-15,False
403,Particular,CABA Norte,2026-05-13,False
404,Frecuente,CABA Sur,2025-12-30,True
405,Particular,Zona Norte GBA,2026-02-23,True
406,Frecuente,CABA Norte,2025-01-02,True
407,Particular,Zona Sur GBA,2024-09-07,False
408,Particular,CABA Centro,2026-05-08,False
409,Frecuente,CABA Centro,2026-05-05,True
410,Particular,CABA Centro,2025-11-16,False
411,Particular,CABA Centro,2024-06-18,False
412,VIP,CABA Norte,2026-01-27,True
413,VIP,Zona Oeste GBA,2024-03-30,True
414,Particular,Zona Sur GBA,2025-07-14,False
415,Particular,CABA Centro,2025-03-21,False
416,Particular,Zona Oeste GBA,2024-10-20,False
417,Particular,Zona Oeste GBA,2024-05-29,True
418,Particular,Zona Sur GBA,2024-05-11,False
419,Particular,CABA Sur,2025-03-08,False
420,Frecuente,CABA Centro,2024-02-28,False
421,Frecuente,CABA Sur,2026-04-15,True
422,Frecuente,Zona Oeste GBA,2024-07-17,False
423,Particular,Zona Oeste GBA,2024-08-02,False
424,Particular,CABA Centro,2026-06-16,True
425,Particular,CABA Sur,2025-07-14,False
426,Particular,Zona Sur GBA,2025-04-16,False
427,Particular,Zona Oeste GBA,2026-01-13,False
428,Frecuente,Zona Sur GBA,2024-09-03,True
429,Particular,Zona Oeste GBA,2025-01-16,False
430,Particular,CABA Sur,2024-08-26,False
431,Particular,Zona Norte GBA,2025-01-01,False
432,Frecuente,Zona Oeste GBA,2024-06-16,True
433,Particular,CABA Norte,2025-07-13,False
434,Particular,Zona Norte GBA,2024-02-20,False
435,Particular,Zona Oeste GBA,2026-03-21,False
436,Particular,CABA Norte,2025-09-01,False
437,Particular,Zona Oeste GBA,2025-12-28,False
438,Frecuente,Zona Norte GBA,2025-11-19,True
439,Particular,Zona Sur GBA,2025-01-14,False
440,Particular,CABA Norte,2025-04-18,False
441,Particular,CABA Centro,2024-03-20,True
442,VIP,Zona Norte GBA,2025-11-27,True
443,Particular,CABA Centro,2025-01-01,False
444,Particular,Zona Oeste GBA,2025-04-05,False
445,Frecuente,Zona Oeste GBA,2026-06-29,True
446,VIP,CABA Norte,2025-06-22,True
447,VIP,Zona Norte GBA,2025-03-27,True
448,Frecuente,Zona Norte GBA,2025-04-08,False
449,Particular,CABA Sur,2025-04-22,False
450,Particular,Zona Sur GBA,2025-02-23,True
451,Frecuente,Zona Sur GBA,2025-12-07,True
452,Particular,Zona Oeste GBA,2024-08-01,False
453,Particular,Zona Oeste GBA,2025-01-03,False
454,Frecuente,Zona Norte GBA,2026-05-03,True
455,Particular,Zona Sur GBA,2024-04-23,False
456,Particular,Zona Oeste GBA,2026-01-23,False
457,Particular,Zona Oeste GBA,2025-05-17,False
458,Particular,Zona Sur GBA,2025-09-27,False
459,Particular,CABA Centro,2026-03-27,False
460,Particular,Zona Oeste GBA,2025-08-10,True
461,Particular,CABA Centro,2024-11-06,False
462,Particular,CABA Sur,2025-04-13,False
463,Frecuente,CABA Sur,2026-04-03,True
464,Particular,Zona Sur GBA,2025-12-08,False
465,VIP,Zona Sur GBA,2026-05-12,True
466,Particular,Zona Oeste GBA,2024-02-13,False
467,Particular,Zona Oeste GBA,2025-02-18,False
468,Frecuente,Zona Norte GBA,2025-11-28,True
469,Particular,Zona Sur GBA,2026-05-04,True
470,VIP,Zona Norte GBA,2024-09-02,True
471,Particular,CABA Sur,2024-03-24,True
472,VIP,CABA Norte,2024-07-25,True
473,Particular,Zona Oeste GBA,2024-05-30,False
474,Frecuente,Zona Oeste GBA,2025-10-29,True
475,Particular,CABA Sur,2025-06-11,False
476,VIP,CABA Norte,2024-06-13,True
477,Particular,Zona Sur GBA,2024-05-24,True
478,Particular,CABA Norte,2024-02-06,False
479,VIP,Zona Oeste GBA,2024-11-28,True
480,Particular,Zona Sur GBA,2025-02-06,False
481,Particular,CABA Sur,2025-02-17,False
482,Particular,CABA Centro,2024-02-14,False
483,Particular,Zona Oeste GBA,2025-02-05,False
484,Particular,Zona Oeste GBA,2024-07-24,False
485,Particular,Zona Norte GBA,2024-03-02,False
486,Frecuente,Zona Sur GBA,2025-02-23,True
487,Particular,CABA Norte,2026-05-17,False
488,Particular,Zona Norte GBA,2025-04-12,False
489,VIP,Zona Oeste GBA,2026-03-30,False
490,Frecuente,Zona Sur GBA,2024-01-19,True
491,Particular,CABA Norte,2024-12-30,False
492,Particular,Zona Oeste GBA,2024-10-26,True
493,Particular,Zona Norte GBA,2024-01-07,True
494,Particular,CABA Sur,2026-01-30,False
495,Particular,CABA Norte,2025-03-03,False
496,Particular,Zona Sur GBA,2024-04-26,True
497,Particular,CABA Norte,2025-08-02,False
498,Particular,CABA Centro,2025-05-21,False
499,VIP,CABA Centro,2025-06-29,True
500,VIP,Zona Sur GBA,2025-12-06,True
501,Particular,Zona Oeste GBA,2024-11-20,True
502,Particular,Zona Oeste GBA,2024-02-24,False
503,Particular,CABA Centro,2026-02-16,False
504,Frecuente,Zona Norte GBA,2024-02-11,False
505,Particular,Zona Norte GBA,2024-10-23,True
506,Particular,Zona Sur GBA,2024-08-18,False
507,Frecuente,Zona Sur GBA,2025-03-28,True
508,Frecuente,CABA Norte,2026-06-08,False
509,VIP,Zona Oeste GBA,2025-01-28,True
510,Frecuente,CABA Norte,2025-06-05,True
511,Particular,Zona Norte GBA,2024-12-23,False
512,Particular,CABA Centro,2025-03-19,True
513,Frecuente,CABA Centro,2024-05-07,True
514,Frecuente,CABA Sur,2025-11-21,False
515,Particular,Zona Norte GBA,2025-02-08,False
516,Particular,CABA Sur,2025-01-26,False
517,Particular,Zona Oeste GBA,2024-07-11,False
518,Frecuente,CABA Sur,2025-08-26,True
519,VIP,CABA Norte,2026-05-30,True
520,Particular,Zona Oeste GBA,2026-01-12,False
521,Particular,CABA Centro,2024-03-18,False
522,Particular,CABA Sur,2024-03-25,False
523,VIP,Zona Oeste GBA,2024-01-30,True
524,Frecuente,CABA Sur,2025-12-25,True
525,Frecuente,CABA Norte,2024-02-18,True
526,Particular,CABA Sur,2026-02-15,False
527,Particular,Zona Sur GBA,2024-05-24,False
528,Particular,Zona Oeste GBA,2024-03-09,True
529,Particular,Zona Oeste GBA,2024-02-27,False
530,Frecuente,Zona Norte GBA,2025-11-27,True
531,Frecuente,CABA Centro,2025-07-27,False
532,VIP,CABA Sur,2025-04-23,True
533,VIP,Zona Oeste GBA,2026-03-30,True
534,Particular,CABA Norte,2025-03-20,False
535,Frecuente,CABA Centro,2024-10-22,True
536,VIP,CABA Centro,2025-11-08,True
537,Frecuente,CABA Sur,2024-06-19,False
538,Particular,Zona Sur GBA,2025-07-28,True
539,Particular,CABA Norte,2024-05-26,False
540,Particular,Zona Norte GBA,2025-04-28,False
541,VIP,CABA Norte,2024-11-01,True
542,Particular,Zona Sur GBA,2025-11-03,True
543,Particular,CABA Norte,2025-10-14,False
544,Particular,CABA Sur,2026-04-25,False
545,Particular,Zona Oeste GBA,2025-08-31,False
546,Particular,Zona Oeste GBA,2025-03-21,False
547,Particular,CABA Sur,2024-08-08,False
548,Particular,CABA Sur,2025-07-08,False
549,Particular,CABA Sur,2026-03-14,True
550,Frecuente,CABA Centro,2025-01-12,True
551,Particular,CABA Centro,2025-09-11,False
552,Frecuente,Zona Norte GBA,2024-09-22,True
553,Particular,CABA Centro,2024-04-04,False
554,Particular,CABA Centro,2024-09-18,False
555,Frecuente,Zona Oeste GBA,2026-04-04,True
556,Particular,Zona Sur GBA,2026-06-15,False
557,Particular,Zona Norte GBA,2024-03-11,False
558,Particular,CABA Norte,2024-08-06,True
559,Frecuente,CABA Norte,2025-06-16,False
560,Particular,Zona Sur GBA,2024-04-01,False
561,Particular,CABA Centro,2024-05-06,False
562,Particular,CABA Norte,2024-03-20,False
563,Particular,Zona Norte GBA,2026-04-03,False
564,Particular,Zona Norte GBA,2024-08-25,False
565,Particular,Zona Oeste GBA,2025-01-06,False
566,Particular,CABA Centro,2025-04-30,False
567,Particular,CABA Norte,2025-11-24,False
568,Particular,Zona Sur GBA,2024-01-25,False
569,Frecuente,CABA Centro,2024-06-04,True
570,Particular,Zona Oeste GBA,2025-05-31,True
571,Particular,Zona Oeste GBA,2025-09-23,False
572,Frecuente,Zona Norte GBA,2026-02-27,True
573,Particular,CABA Centro,2025-06-13,False
574,Particular,CABA Centro,2025-12-10,False
575,Frecuente,Zona Norte GBA,2024-02-26,True
576,VIP,Zona Sur GBA,2025-08-27,True
577,Particular,Zona Sur GBA,2024-01-19,True
578,Frecuente,CABA Norte,2025-01-18,True
579,Particular,CABA Norte,2026-05-14,False
580,Particular,Zona Sur GBA,2024-07-11,False
581,Particular,Zona Oeste GBA,2024-08-24,False
582,VIP,Zona Sur GBA,2025-01-21,True
583,Particular,CABA Centro,2025-03-01,True
584,Particular,Zona Norte GBA,2024-10-03,True
585,Particular,Zona Oeste GBA,2024-08-14,True
586,Particular,Zona Oeste GBA,2026-01-14,False
587,Particular,CABA Sur,2025-07-05,False
588,Particular,CABA Norte,2024-11-18,True
589,Particular,Zona Norte GBA,2024-06-01,False
590,Particular,CABA Centro,2025-09-30,True
591,Particular,Zona Norte GBA,2024-08-24,False
592,Particular,Zona Sur GBA,2024-02-24,False
593,Particular,CABA Sur,2025-03-11,False
594,Particular,Zona Sur GBA,2025-11-14,False
595,Frecuente,CABA Centro,2024-04-18,True
596,Particular,Zona Oeste GBA,2026-05-15,True
597,Particular,Zona Sur GBA,2024-07-02,False
598,Particular,CABA Norte,2025-01-02,False
599,Particular,CABA Norte,2024-07-16,False
600,Particular,CABA Sur,2025-01-05,False
601,Particular,CABA Norte,2025-01-07,False
602,Particular,Zona Oeste GBA,2025-05-11,False
603,Particular,Zona Sur GBA,2025-08-21,True
604,Particular,CABA Sur,2024-07-19,False
605,Particular,CABA Centro,2026-04-28,False
606,Particular,CABA Sur,2025-05-23,True
607,Particular,Zona Oeste GBA,2024-11-17,False
608,Particular,CABA Norte,2024-10-01,False
609,Particular,Zona Norte GBA,2024-07-29,True
610,Particular,Zona Norte GBA,2025-05-18,False
611,Particular,Zona Norte GBA,2026-06-21,False
612,Frecuente,CABA Centro,2024-04-27,False
613,Particular,Zona Oeste GBA,2025-12-03,False
614,Particular,CABA Norte,2025-07-07,False
615,Frecuente,CABA Centro,2024-02-11,True
616,Frecuente,Zona Sur GBA,2024-11-10,True
617,Particular,Zona Oeste GBA,2026-02-26,False
618,Particular,CABA Norte,2024-11-24,False
619,Frecuente,CABA Centro,2024-01-17,False
620,Frecuente,CABA Centro,2024-10-09,False
621,Particular,CABA Centro,2024-09-14,True
622,Particular,CABA Centro,2025-07-28,False
623,Particular,CABA Norte,2025-07-27,False
624,Particular,Zona Norte GBA,2025-09-03,True
625,Particular,Zona Oeste GBA,2024-01-19,False
626,Particular,Zona Norte GBA,2025-06-12,False
627,Particular,Zona Oeste GBA,2026-04-16,True
628,Frecuente,CABA Norte,2025-02-26,True
629,Particular,Zona Sur GBA,2025-04-10,False
630,Particular,Zona Sur GBA,2025-01-07,False
631,Particular,Zona Oeste GBA,2026-01-27,False
632,Frecuente,Zona Sur GBA,2026-02-01,False
633,Particular,Zona Sur GBA,2024-03-21,False
634,Particular,Zona Norte GBA,2025-07-04,False
635,Particular,CABA Centro,2025-07-01,True
636,Particular,Zona Norte GBA,2025-02-27,False
637,Particular,Zona Oeste GBA,2025-03-04,True
638,Particular,Zona Oeste GBA,2025-01-22,False
639,Particular,Zona Norte GBA,2025-12-09,False
640,Particular,CABA Norte,2025-10-31,False
641,Particular,CABA Sur,2024-07-22,False
642,Particular,Zona Sur GBA,2024-07-14,True
643,Particular,Zona Norte GBA,2025-12-28,True
644,Particular,Zona Norte GBA,2024-10-11,True
645,Particular,CABA Centro,2024-07-14,False
646,Frecuente,CABA Sur,2024-11-02,True
647,Particular,Zona Sur GBA,2025-10-25,True
648,Particular,Zona Oeste GBA,2024-01-14,False
649,Frecuente,Zona Oeste GBA,2026-04-16,False
650,Particular,Zona Norte GBA,2024-05-25,False
651,Particular,Zona Norte GBA,2024-02-26,False
652,Particular,CABA Centro,2025-12-23,False
653,Particular,Zona Oeste GBA,2026-02-18,True
654,Frecuente,CABA Sur,2024-07-28,True
655,Particular,Zona Norte GBA,2025-06-12,False
656,Particular,Zona Oeste GBA,2026-03-08,False
657,Particular,Zona Sur GBA,2024-12-09,False
658,Particular,CABA Norte,2025-12-15,True
659,Particular,Zona Sur GBA,2025-09-02,False
660,Particular,CABA Centro,2024-10-05,False
661,Particular,Zona Norte GBA,2024-07-27,False
662,VIP,CABA Norte,2025-10-02,True
663,Particular,CABA Centro,2024-11-30,False
664,Particular,Zona Norte GBA,2024-10-14,False
665,Particular,CABA Norte,2024-09-08,False
666,Particular,Zona Norte GBA,2024-09-21,False
667,Particular,Zona Sur GBA,2024-09-27,False
668,Particular,CABA Norte,2025-11-30,True
669,Particular,Zona Oeste GBA,2025-02-22,True
670,Particular,CABA Sur,2025-12-26,True
671,Particular,Zona Oeste GBA,2026-03-05,False
672,Frecuente,CABA Centro,2024-07-29,True
673,Particular,CABA Norte,2024-12-30,False
674,Particular,CABA Norte,2024-03-16,False
675,Particular,CABA Norte,2025-10-21,True
676,VIP,CABA Centro,2024-11-16,True
677,Particular,Zona Oeste GBA,2025-12-25,False
678,Particular,Zona Sur GBA,2025-03-08,False
679,VIP,Zona Oeste GBA,2024-04-18,True
680,Frecuente,Zona Oeste GBA,2025-10-02,True
681,Frecuente,CABA Norte,2025-06-05,True
682,Particular,CABA Centro,2024-02-16,False
683,Particular,CABA Centro,2025-01-13,True
684,Particular,CABA Centro,2026-04-06,False
685,Frecuente,Zona Norte GBA,2024-04-05,True
686,Particular,Zona Norte GBA,2024-04-12,False
687,Particular,CABA Sur,2026-06-10,False
688,Particular,CABA Sur,2026-05-03,True
689,Frecuente,Zona Sur GBA,2024-05-25,True
690,Particular,Zona Oeste GBA,2026-05-29,False
691,Particular,CABA Centro,2024-01-27,False
692,Particular,Zona Sur GBA,2026-01-01,False
693,Particular,Zona Sur GBA,2025-06-13,False
694,Particular,CABA Sur,2025-11-09,False
695,Particular,CABA Sur,2024-03-22,False
696,Particular,Zona Norte GBA,2025-03-03,False
697,Particular,Zona Sur GBA,2025-08-06,True
698,Particular,Zona Sur GBA,2026-04-01,False
699,Particular,CABA Norte,2025-04-23,True
700,Particular,CABA Sur,2026-02-04,True
701,Particular,Zona Norte GBA,2024-06-10,False
702,Particular,Zona Norte GBA,2026-04-18,False
703,Particular,CABA Centro,2025-02-05,False
704,Particular,Zona Sur GBA,2025-05-22,False
705,Particular,Zona Oeste GBA,2024-02-07,True
706,VIP,Zona Sur GBA,2025-05-25,True
707,Particular,Zona Sur GBA,2025-01-27,False
708,Frecuente,Zona Oeste GBA,2025-12-13,False
709,Particular,CABA Sur,2025-05-08,False
710,Particular,Zona Norte GBA,2024-07-18,True
711,Frecuente,CABA Norte,2024-09-11,True
712,Particular,Zona Oeste GBA,2024-06-27,False
713,Particular,CABA Norte,2025-06-30,False
714,Particular,Zona Oeste GBA,2025-08-16,False
715,Particular,CABA Centro,2025-01-23,False
716,Frecuente,CABA Norte,2025-02-01,True
717,Frecuente,CABA Norte,2026-01-01,False
718,VIP,CABA Norte,2024-06-06,True
719,Particular,Zona Oeste GBA,2024-01-04,False
720,Frecuente,Zona Oeste GBA,2024-06-15,False
721,Frecuente,Zona Norte GBA,2025-04-12,True
722,Particular,CABA Norte,2025-02-12,False
723,Particular,CABA Norte,2025-02-15,False
724,Frecuente,CABA Norte,2024-07-22,True
725,Particular,CABA Norte,2024-07-12,True
726,Frecuente,Zona Sur GBA,2024-08-22,False
727,Particular,CABA Centro,2025-12-18,True
728,Frecuente,CABA Sur,2024-05-29,True
729,Particular,CABA Norte,2024-06-07,True
730,Particular,CABA Centro,2024-10-05,False
731,Particular,Zona Norte GBA,2026-03-26,False
732,Frecuente,Zona Norte GBA,2025-02-07,True
733,Particular,CABA Centro,2026-06-11,False
734,Particular,CABA Norte,2025-11-08,True
735,Particular,CABA Sur,2024-11-06,False
736,Frecuente,CABA Centro,2024-03-08,True
737,Particular,CABA Centro,2025-04-07,False
738,Frecuente,Zona Sur GBA,2024-03-28,True
739,Particular,Zona Norte GBA,2024-08-04,False
740,Particular,Zona Norte GBA,2024-01-01,True
741,Particular,CABA Sur,2024-05-14,False
742,Particular,CABA Sur,2025-11-27,False
743,Frecuente,Zona Norte GBA,2024-12-16,True
744,Particular,Zona Oeste GBA,2024-05-19,False
745,Particular,Zona Oeste GBA,2025-09-09,False
746,Frecuente,CABA Norte,2024-05-12,True
747,Particular,Zona Norte GBA,2025-09-11,False
748,Particular,CABA Sur,2024-06-26,True
749,Frecuente,Zona Sur GBA,2026-03-20,False
750,Particular,Zona Norte GBA,2024-12-23,False
751,Particular,Zona Norte GBA,2025-01-14,False
752,Frecuente,CABA Norte,2026-06-26,False
753,Particular,Zona Norte GBA,2026-05-20,False
754,Particular,CABA Norte,2025-10-19,True
755,Particular,CABA Sur,2025-03-25,False
756,Frecuente,CABA Norte,2025-08-08,True
757,Particular,Zona Oeste GBA,2025-04-07,False
758,Particular,CABA Centro,2024-04-17,False
759,Frecuente,CABA Sur,2024-05-01,True
760,Frecuente,Zona Sur GBA,2024-01-17,True
761,Particular,CABA Centro,2024-07-14,False
762,Particular,Zona Norte GBA,2024-11-22,False
763,Particular,CABA Sur,2024-11-13,True
764,Frecuente,CABA Norte,2026-03-19,True
765,Particular,Zona Oeste GBA,2025-04-23,False
766,Particular,CABA Norte,2024-09-08,False
767,Frecuente,Zona Norte GBA,2025-05-17,True
768,Frecuente,Zona Norte GBA,2024-04-28,False
769,Particular,Zona Norte GBA,2025-11-04,False
770,Frecuente,Zona Oeste GBA,2025-12-10,True
771,Particular,CABA Centro,2025-05-12,False
772,Frecuente,CABA Norte,2025-04-30,True
773,Particular,Zona Oeste GBA,2024-02-14,False
774,Particular,Zona Norte GBA,2024-11-09,True
775,Frecuente,Zona Sur GBA,2024-06-27,True
776,Particular,Zona Sur GBA,2026-06-12,False
777,Particular,Zona Sur GBA,2025-02-21,False
778,Frecuente,Zona Norte GBA,2025-07-09,True
779,Frecuente,CABA Sur,2026-02-21,False
780,Particular,Zona Oeste GBA,2024-03-18,False
781,Particular,Zona Norte GBA,2024-11-21,False
782,Particular,CABA Centro,2025-11-20,False
783,Particular,Zona Sur GBA,2024-12-22,False
784,Particular,Zona Sur GBA,2025-02-19,False
785,Particular,Zona Norte GBA,2025-05-29,False
786,Frecuente,CABA Norte,2024-08-01,True
787,Particular,CABA Sur,2026-05-03,False
788,Particular,Zona Oeste GBA,2024-03-14,False
789,Particular,Zona Sur GBA,2025-07-16,False
790,VIP,CABA Centro,2025-08-01,True
791,Particular,CABA Norte,2025-05-23,False
792,Particular,Zona Sur GBA,2024-11-27,False
793,Particular,CABA Sur,2024-04-02,False
794,Particular,Zona Norte GBA,2025-11-18,False
795,Particular,Zona Sur GBA,2025-10-18,False
796,Frecuente,CABA Norte,2025-06-02,False
797,Frecuente,Zona Oeste GBA,2024-09-25,True
798,Particular,CABA Norte,2025-01-10,True
799,Particular,CABA Sur,2026-04-13,False
800,Frecuente,Zona Oeste GBA,2024-01-04,True
801,Particular,CABA Sur,2024-05-17,False
802,Particular,Zona Sur GBA,2024-08-18,True
803,Particular,Zona Norte GBA,2025-08-22,True
804,Particular,CABA Sur,2025-06-12,False
805,Particular,CABA Centro,2024-02-21,False
806,Frecuente,CABA Sur,2025-10-07,False
807,Frecuente,CABA Sur,2025-12-23,True
808,Frecuente,CABA Norte,2024-11-20,True
809,Particular,CABA Sur,2026-06-23,False
810,Particular,Zona Norte GBA,2025-12-31,False
811,VIP,Zona Oeste GBA,2025-12-17,True
812,Frecuente,Zona Oeste GBA,2025-12-23,True
813,Particular,Zona Oeste GBA,2024-10-03,True
814,Frecuente,CABA Norte,2025-06-19,True
815,Frecuente,CABA Centro,2025-04-30,False
816,Particular,Zona Oeste GBA,2025-05-30,False
817,Particular,Zona Norte GBA,2024-05-31,False
818,Particular,CABA Norte,2025-04-27,False
819,Particular,Zona Oeste GBA,2024-09-15,False
820,Particular,Zona Oeste GBA,2024-11-19,False
821,Frecuente,Zona Norte GBA,2026-05-18,False
822,Particular,CABA Norte,2024-06-16,False
823,Particular,Zona Oeste GBA,2025-11-18,False
824,Particular,Zona Norte GBA,2024-11-05,True
825,Particular,Zona Oeste GBA,2026-03-13,True
826,Frecuente,Zona Oeste GBA,2025-04-23,True
827,Particular,Zona Oeste GBA,2024-02-25,True
828,Particular,Zona Norte GBA,2025-09-11,False
829,Frecuente,CABA Norte,2025-04-17,True
830,Particular,Zona Oeste GBA,2024-10-22,False
831,Particular,Zona Norte GBA,2025-04-05,False
832,Particular,Zona Oeste GBA,2024-11-19,False
833,Particular,CABA Norte,2026-03-24,False
834,Particular,CABA Centro,2026-04-25,True
835,Particular,Zona Sur GBA,2024-05-20,False
836,Particular,Zona Oeste GBA,2025-10-28,False
837,Frecuente,Zona Sur GBA,2024-09-18,False
838,Particular,Zona Oeste GBA,2026-02-23,True
839,Particular,Zona Norte GBA,2025-02-23,False
840,Particular,Zona Oeste GBA,2026-01-13,False
841,Particular,Zona Sur GBA,2024-08-28,False
842,Particular,Zona Norte GBA,2024-12-20,False
843,Particular,Zona Norte GBA,2026-04-28,False
844,VIP,CABA Norte,2026-02-08,False
845,Particular,Zona Norte GBA,2026-01-30,True
846,Particular,Zona Oeste GBA,2025-08-11,False
847,Particular,CABA Centro,2024-06-28,False
848,VIP,CABA Centro,2024-03-06,False
849,Particular,CABA Centro,2026-03-30,False
850,Particular,CABA Centro,2024-12-13,False
851,Particular,CABA Centro,2024-06-19,False
852,Frecuente,CABA Sur,2025-04-18,True
853,Particular,Zona Sur GBA,2025-06-17,False
854,Frecuente,Zona Norte GBA,2025-01-01,True
855,Particular,CABA Centro,2024-04-16,True
856,Particular,CABA Norte,2025-03-14,False
857,Particular,Zona Oeste GBA,2026-04-14,False
858,Particular,CABA Sur,2024-08-14,True
859,Particular,Zona Sur GBA,2025-03-19,False
860,Particular,Zona Oeste GBA,2025-03-17,False
861,Frecuente,Zona Oeste GBA,2025-01-30,False
862,Particular,CABA Centro,2025-12-28,True
863,Particular,Zona Oeste GBA,2025-08-03,False
864,Particular,CABA Centro,2024-03-24,False
865,Particular,Zona Sur GBA,2025-09-06,False
866,Particular,Zona Norte GBA,2025-07-04,True
867,Particular,CABA Sur,2024-01-13,False
868,Particular,CABA Centro,2026-03-19,False
869,Frecuente,CABA Centro,2026-04-04,True
870,VIP,Zona Oeste GBA,2025-11-23,True
871,Particular,CABA Centro,2025-05-07,False
872,Particular,Zona Norte GBA,2024-09-24,False
873,Particular,CABA Centro,2025-06-08,False
874,Particular,Zona Oeste GBA,2024-04-29,False
875,Particular,Zona Oeste GBA,2024-12-18,False
876,Particular,Zona Oeste GBA,2024-02-26,False
877,Particular,Zona Oeste GBA,2024-02-09,False
878,Particular,CABA Centro,2026-06-04,False
879,Particular,CABA Norte,2024-12-01,False
880,Particular,Zona Oeste GBA,2025-10-01,False
881,Particular,CABA Sur,2024-06-21,False
882,Particular,CABA Sur,2025-06-30,False
883,Particular,CABA Norte,2024-09-15,True
884,Particular,CABA Centro,2026-06-06,True
885,Frecuente,CABA Norte,2025-05-31,False
886,Particular,Zona Sur GBA,2025-12-30,True
887,Particular,CABA Centro,2025-06-06,False
888,Particular,Zona Norte GBA,2026-06-12,False
889,Particular,CABA Norte,2026-04-18,True
890,Particular,Zona Oeste GBA,2024-04-26,False
891,Frecuente,CABA Sur,2024-07-02,True
892,Frecuente,Zona Sur GBA,2026-06-24,False
893,Frecuente,Zona Sur GBA,2026-05-23,True
894,Particular,CABA Sur,2024-04-25,False
895,Particular,Zona Sur GBA,2024-06-10,False
896,Particular,Zona Sur GBA,2025-08-01,False
897,Particular,Zona Sur GBA,2025-12-12,False
898,Frecuente,Zona Sur GBA,2025-06-26,True
899,Particular,CABA Centro,2025-08-09,True
900,Particular,Zona Norte GBA,2024-08-24,False
901,Particular,CABA Norte,2026-04-18,False
902,Particular,CABA Norte,2024-03-06,False
903,Particular,Zona Sur GBA,2024-03-10,False
904,Particular,CABA Sur,2026-03-19,False
905,Particular,Zona Oeste GBA,2025-03-22,False
906,Frecuente,Zona Oeste GBA,2025-02-19,True
907,Frecuente,Zona Sur GBA,2025-06-15,False
908,Particular,Zona Sur GBA,2025-03-16,False
909,Particular,CABA Centro,2026-01-07,False
910,Particular,CABA Norte,2025-04-08,False
911,Particular,CABA Sur,2025-01-30,False
912,Particular,CABA Norte,2025-12-11,False
913,Particular,CABA Norte,2025-07-04,False
914,Particular,CABA Sur,2025-10-18,False
915,Particular,Zona Oeste GBA,2025-07-10,False
916,Particular,Zona Norte GBA,2025-01-29,False
917,Particular,CABA Centro,2024-11-21,False
918,VIP,Zona Oeste GBA,2026-06-11,True
919,Frecuente,CABA Centro,2024-03-31,True
920,Particular,CABA Norte,2026-01-19,True
921,Frecuente,Zona Oeste GBA,2024-03-10,True
922,Particular,Zona Norte GBA,2024-06-14,False
923,Frecuente,Zona Oeste GBA,2025-10-03,True
924,Frecuente,CABA Norte,2024-08-01,True
925,Particular,Zona Sur GBA,2026-05-01,False
926,Particular,Zona Norte GBA,2025-08-23,False
927,Particular,Zona Norte GBA,2024-11-30,False
928,Particular,Zona Norte GBA,2026-02-02,False
929,Particular,Zona Sur GBA,2025-01-03,True
930,Particular,Zona Norte GBA,2026-05-10,False
931,Particular,Zona Norte GBA,2025-08-06,True
932,Frecuente,Zona Sur GBA,2025-11-07,True
933,VIP,Zona Oeste GBA,2024-02-18,True
934,Particular,Zona Norte GBA,2024-02-21,False
935,Particular,Zona Oeste GBA,2024-10-15,False
936,Particular,CABA Sur,2026-02-28,False
937,Particular,CABA Centro,2025-09-17,False
938,Frecuente,Zona Norte GBA,2024-08-26,True
939,Particular,Zona Sur GBA,2024-05-12,False
940,Particular,Zona Sur GBA,2026-02-24,False
941,Particular,CABA Sur,2024-06-14,True
942,Particular,Zona Norte GBA,2025-01-08,False
943,Particular,CABA Centro,2025-01-07,False
944,Frecuente,Zona Sur GBA,2026-03-15,True
945,Particular,Zona Sur GBA,2025-04-22,False
946,Particular,Zona Oeste GBA,2026-01-24,False
947,Particular,Zona Oeste GBA,2025-04-23,False
948,Frecuente,Zona Oeste GBA,2026-04-11,True
949,Frecuente,Zona Norte GBA,2025-10-11,True
950,Particular,CABA Norte,2025-08-13,False
951,Particular,Zona Norte GBA,2025-11-12,False
952,Particular,Zona Oeste GBA,2025-09-26,False
953,Particular,Zona Oeste GBA,2025-11-18,True
954,Frecuente,CABA Sur,2024-10-26,False
955,Particular,Zona Sur GBA,2024-03-22,False
956,Particular,CABA Norte,2024-03-27,True
957,Particular,Zona Norte GBA,2024-08-12,False
958,Particular,Zona Oeste GBA,2024-01-16,False
959,Particular,Zona Oeste GBA,2026-04-01,False
960,Frecuente,Zona Oeste GBA,2024-12-23,False
961,Particular,CABA Centro,2024-06-11,False
962,Particular,CABA Norte,2025-09-01,True
963,Particular,Zona Norte GBA,2025-10-29,False
964,Particular,Zona Norte GBA,2025-05-28,True
965,Particular,CABA Norte,2024-12-15,False
966,Particular,Zona Oeste GBA,2026-06-27,True
967,Particular,Zona Norte GBA,2025-11-11,False
968,Particular,Zona Oeste GBA,2025-04-08,False
969,Particular,Zona Sur GBA,2026-04-06,False
970,Particular,CABA Norte,2026-04-16,True
971,Particular,CABA Norte,2025-01-09,False
972,Frecuente,Zona Oeste GBA,2024-04-01,True
973,Frecuente,Zona Norte GBA,2024-06-29,True
974,Particular,Zona Oeste GBA,2026-01-12,False
975,Particular,Zona Sur GBA,2024-10-27,False
976,Particular,Zona Oeste GBA,2025-10-21,False
977,Particular,Zona Sur GBA,2026-03-02,False
978,Particular,Zona Norte GBA,2024-07-07,False
979,Particular,Zona Norte GBA,2026-05-08,False
980,Particular,CABA Sur,2026-05-11,False
981,Particular,CABA Norte,2024-11-09,True
982,Frecuente,Zona Norte GBA,2025-05-07,True
983,Particular,CABA Centro,2024-05-07,False
984,Particular,Zona Sur GBA,2025-06-02,False
985,Frecuente,Zona Norte GBA,2025-03-01,True
986,Particular,Zona Norte GBA,2025-07-12,False
987,Particular,CABA Sur,2025-07-18,False
988,Particular,CABA Norte,2024-07-05,True
989,Particular,CABA Norte,2025-07-03,False
990,Frecuente,CABA Sur,2025-03-28,True
991,Frecuente,CABA Norte,2025-04-15,True
992,Particular,Zona Norte GBA,2026-01-07,True
993,Particular,Zona Sur GBA,2025-07-18,False
994,Particular,Zona Sur GBA,2026-06-29,False
995,Particular,Zona Oeste GBA,2024-08-11,False
996,Particular,CABA Centro,2024-06-02,True
997,Frecuente,Zona Sur GBA,2025-07-13,True
998,Particular,Zona Sur GBA,2024-12-16,False
999,VIP,CABA Centro,2024-05-26,True
1000,Particular,Zona Oeste GBA,2026-06-23,False
1001,Particular,CABA Centro,2025-07-29,False
1002,Particular,Zona Oeste GBA,2024-12-14,False
1003,Frecuente,Zona Sur GBA,2024-06-30,True
1004,Frecuente,CABA Norte,2025-09-28,False
1005,Frecuente,Zona Sur GBA,2024-06-27,True
1006,Particular,Zona Norte GBA,2024-02-08,True
1007,Particular,Zona Sur GBA,2026-02-10,False
1008,Frecuente,Zona Norte GBA,2026-06-12,True
1009,Particular,Zona Sur GBA,2024-01-03,True
1010,Particular,CABA Norte,2024-03-04,False
1011,Particular,CABA Sur,2024-01-29,False
1012,VIP,CABA Norte,2025-01-06,True
1013,VIP,Zona Sur GBA,2025-06-06,True
1014,Particular,Zona Oeste GBA,2024-04-06,True
1015,Particular,Zona Sur GBA,2026-05-19,True
1016,Frecuente,Zona Sur GBA,2025-03-17,True
1017,Particular,CABA Norte,2024-07-21,False
1018,Particular,CABA Sur,2025-02-14,False
1019,Frecuente,CABA Norte,2024-01-21,True
1020,Particular,CABA Centro,2025-07-04,False
1021,Particular,CABA Centro,2026-01-04,False
1022,Particular,Zona Norte GBA,2024-04-11,True
1023,Frecuente,CABA Centro,2024-02-15,True
1024,VIP,CABA Norte,2024-03-06,True
1025,VIP,CABA Norte,2025-08-25,True
1026,Particular,CABA Norte,2024-06-12,False
1027,Frecuente,Zona Sur GBA,2024-04-20,True
1028,Frecuente,Zona Oeste GBA,2024-12-03,True
1029,Particular,Zona Sur GBA,2024-05-02,False
1030,Frecuente,CABA Sur,2025-12-05,True
1031,Particular,CABA Centro,2025-03-22,False
1032,Particular,Zona Oeste GBA,2025-09-02,True
1033,Particular,CABA Sur,2024-10-17,False
1034,Particular,CABA Centro,2025-11-01,False
1035,Particular,CABA Centro,2025-02-15,False
1036,Particular,CABA Norte,2025-09-06,False
1037,Particular,CABA Centro,2026-06-15,False
1038,Frecuente,CABA Sur,2024-10-07,True
1039,Particular,Zona Oeste GBA,2024-02-12,True
1040,Particular,CABA Norte,2025-04-30,False
1041,Particular,CABA Centro,2025-08-18,False
1042,Frecuente,Zona Oeste GBA,2025-12-03,True
1043,Particular,CABA Norte,2024-02-20,False
1044,Particular,CABA Sur,2026-06-16,False
1045,Frecuente,Zona Sur GBA,2024-07-28,True
1046,Particular,CABA Norte,2024-05-05,False
1047,Particular,CABA Norte,2025-05-06,False
1048,Particular,Zona Norte GBA,2025-05-23,False
1049,Frecuente,CABA Centro,2025-08-03,True
1050,Particular,Zona Norte GBA,2026-02-15,False
1051,Frecuente,Zona Oeste GBA,2024-09-14,False
1052,Particular,CABA Norte,2024-07-06,False
1053,Frecuente,Zona Norte GBA,2024-08-17,True
1054,Frecuente,Zona Norte GBA,2024-07-07,True
1055,VIP,CABA Norte,2025-02-18,True
1056,Particular,Zona Norte GBA,2024-01-10,False
1057,Frecuente,CABA Centro,2024-04-23,True
1058,Particular,Zona Norte GBA,2024-03-16,False
1059,Particular,CABA Norte,2025-11-06,False
1060,Particular,Zona Norte GBA,2025-05-16,False
1061,Frecuente,CABA Centro,2024-03-25,True
1062,VIP,Zona Sur GBA,2024-02-18,True
1063,Frecuente,CABA Norte,2025-05-09,False
1064,Particular,CABA Sur,2026-04-17,True
1065,Particular,Zona Norte GBA,2025-11-19,False
1066,Frecuente,Zona Oeste GBA,2025-01-21,True
1067,Particular,Zona Norte GBA,2025-01-23,True
1068,Particular,Zona Oeste GBA,2024-08-05,False
1069,Particular,Zona Oeste GBA,2025-12-01,False
1070,Particular,Zona Sur GBA,2024-12-11,True
1071,Particular,CABA Centro,2024-08-17,False
1072,Particular,Zona Norte GBA,2024-09-11,True
1073,Particular,Zona Sur GBA,2024-08-23,False
1074,Particular,Zona Sur GBA,2024-01-26,False
1075,VIP,Zona Sur GBA,2025-08-06,False
1076,Particular,CABA Sur,2024-09-17,False
1077,Particular,CABA Centro,2026-02-04,False
1078,Particular,Zona Norte GBA,2024-09-27,False
1079,Particular,Zona Oeste GBA,2024-05-02,False
1080,VIP,Zona Norte GBA,2025-10-17,True
1081,Frecuente,Zona Norte GBA,2024-09-13,True
1082,Particular,Zona Sur GBA,2025-10-17,False
1083,Particular,CABA Sur,2025-02-24,False
1084,Frecuente,Zona Sur GBA,2024-09-15,False
1085,VIP,CABA Sur,2024-02-16,True
1086,Particular,CABA Sur,2026-05-12,False
1087,Particular,Zona Norte GBA,2025-06-08,False
1088,Particular,Zona Oeste GBA,2026-06-06,False
1089,VIP,CABA Norte,2024-07-26,True
1090,Particular,CABA Centro,2024-11-06,False
1091,VIP,Zona Sur GBA,2026-01-16,False
1092,Particular,CABA Norte,2024-05-28,False
1093,Particular,Zona Norte GBA,2026-04-13,False
1094,Particular,Zona Norte GBA,2025-03-13,False
1095,Particular,Zona Norte GBA,2024-06-03,False
1096,Particular,Zona Oeste GBA,2025-11-08,True
1097,Particular,CABA Centro,2024-03-30,False
1098,Particular,Zona Norte GBA,2025-11-28,False
1099,Frecuente,CABA Sur,2026-04-09,True
1100,Particular,Zona Oeste GBA,2024-12-23,False
1101,Particular,CABA Norte,2024-06-22,False
1102,VIP,Zona Norte GBA,2024-08-04,False
1103,Frecuente,CABA Centro,2026-06-25,True
1104,Frecuente,CABA Centro,2025-03-31,True
1105,VIP,CABA Centro,2026-02-14,True
1106,Particular,CABA Centro,2025-08-31,False
1107,Particular,Zona Sur GBA,2025-09-20,False
1108,Frecuente,CABA Centro,2024-07-17,False
1109,Particular,Zona Sur GBA,2026-04-11,False
1110,Particular,Zona Sur GBA,2025-04-30,False
1111,Frecuente,Zona Norte GBA,2025-06-16,True
1112,Particular,CABA Norte,2024-07-18,True
1113,Particular,CABA Sur,2025-01-05,True
1114,Particular,Zona Oeste GBA,2026-05-02,False
1115,Particular,CABA Sur,2025-03-23,True
1116,Particular,CABA Norte,2024-09-04,False
1117,Particular,Zona Norte GBA,2026-02-26,True
1118,Frecuente,Zona Sur GBA,2024-09-20,True
1119,Particular,Zona Oeste GBA,2024-02-27,False
1120,Particular,CABA Norte,2024-10-28,True
1121,Frecuente,Zona Oeste GBA,2024-01-31,True
1122,VIP,CABA Centro,2025-05-12,True
1123,Frecuente,CABA Centro,2024-09-05,True
1124,Frecuente,Zona Sur GBA,2025-08-27,True
1125,Particular,CABA Centro,2026-02-15,False
1126,Particular,CABA Centro,2024-09-27,False
1127,Particular,CABA Norte,2025-08-28,True
1128,Particular,Zona Sur GBA,2025-10-27,False
1129,Particular,Zona Oeste GBA,2025-01-28,False
1130,Particular,Zona Norte GBA,2026-03-07,False
1131,Frecuente,Zona Oeste GBA,2025-05-16,False
1132,Particular,CABA Norte,2025-08-14,False
1133,Particular,Zona Norte GBA,2026-03-14,False
1134,Particular,CABA Sur,2024-03-24,False
1135,Particular,CABA Norte,2024-12-30,False
1136,Particular,Zona Norte GBA,2026-06-04,True
1137,Frecuente,Zona Sur GBA,2025-07-02,True
1138,Particular,CABA Norte,2024-12-07,True
1139,Particular,CABA Centro,2026-04-18,False
1140,Particular,CABA Centro,2025-02-10,False
1141,Frecuente,CABA Centro,2025-02-28,True
1142,Particular,Zona Sur GBA,2026-01-13,False
1143,Particular,Zona Norte GBA,2024-04-02,False
1144,Particular,Zona Norte GBA,2026-04-27,True
1145,Particular,Zona Oeste GBA,2025-09-05,False
1146,Frecuente,CABA Norte,2025-02-15,True
1147,Frecuente,Zona Norte GBA,2025-03-07,False
1148,Particular,CABA Sur,2025-11-08,False
1149,Frecuente,Zona Norte GBA,2024-06-07,True
1150,Frecuente,Zona Sur GBA,2024-01-14,True
1151,Particular,Zona Oeste GBA,2025-01-07,False
1152,Frecuente,CABA Sur,2024-08-12,True
1153,Particular,Zona Sur GBA,2025-05-19,False
1154,Particular,CABA Norte,2024-03-13,False
1155,Particular,CABA Norte,2024-09-05,False
1156,Frecuente,CABA Centro,2025-05-25,False
1157,Particular,CABA Sur,2025-08-25,False
1158,Frecuente,Zona Norte GBA,2024-08-03,True
1159,Frecuente,Zona Norte GBA,2025-08-24,True
1160,Particular,Zona Sur GBA,2025-06-24,False
1161,Frecuente,Zona Norte GBA,2026-03-27,True
1162,Particular,Zona Norte GBA,2024-08-07,False
1163,Particular,CABA Norte,2026-04-19,False
1164,Frecuente,CABA Norte,2025-12-27,True
1165,Particular,Zona Norte GBA,2024-08-08,False
1166,Frecuente,CABA Sur,2025-01-23,True
1167,Frecuente,Zona Sur GBA,2025-07-07,True
1168,Particular,CABA Norte,2025-10-08,False
1169,Particular,CABA Norte,2024-02-11,False
1170,Particular,Zona Norte GBA,2025-11-06,False
1171,Particular,CABA Centro,2026-05-22,False
1172,VIP,CABA Norte,2024-10-09,True
1173,Particular,Zona Oeste GBA,2024-02-27,True
1174,Particular,CABA Norte,2026-03-24,False
1175,Particular,Zona Norte GBA,2026-04-13,True
1176,Particular,CABA Centro,2025-06-20,False
1177,Frecuente,CABA Norte,2024-03-13,True
1178,Particular,CABA Sur,2026-06-03,False
1179,Frecuente,Zona Oeste GBA,2024-05-08,True
1180,Particular,CABA Sur,2025-08-21,False
1181,VIP,Zona Oeste GBA,2026-04-21,True
1182,Particular,CABA Norte,2025-03-01,False
1183,Particular,Zona Oeste GBA,2025-10-26,False
1184,Frecuente,CABA Centro,2025-11-24,True
1185,Particular,Zona Oeste GBA,2024-05-04,False
1186,Frecuente,Zona Norte GBA,2024-03-07,True
1187,Particular,Zona Sur GBA,2024-01-06,False
1188,Particular,CABA Sur,2025-09-28,True
1189,Particular,CABA Norte,2024-11-09,False
1190,Particular,CABA Norte,2024-11-21,False
1191,Particular,Zona Sur GBA,2025-07-18,False
1192,Particular,Zona Norte GBA,2025-07-31,False
1193,Particular,Zona Oeste GBA,2026-04-05,False
1194,Particular,CABA Centro,2025-05-20,False
1195,Particular,CABA Sur,2024-03-22,False
1196,Frecuente,CABA Norte,2025-08-21,True
1197,VIP,Zona Sur GBA,2024-01-02,True
1198,VIP,Zona Oeste GBA,2024-07-22,True
1199,Frecuente,Zona Sur GBA,2025-10-23,True
1200,Particular,CABA Centro,2026-03-15,False
1201,Frecuente,Zona Norte GBA,2025-02-07,True
1202,Particular,Zona Oeste GBA,2024-04-12,False
1203,Particular,CABA Centro,2025-06-19,False
1204,Particular,Zona Sur GBA,2025-01-02,False
1205,Particular,Zona Sur GBA,2024-07-30,False
1206,Frecuente,Zona Sur GBA,2025-07-30,True
1207,Particular,Zona Oeste GBA,2024-07-27,False
1208,Particular,CABA Centro,2026-02-01,True
1209,Particular,CABA Centro,2026-06-15,False
1210,VIP,Zona Sur GBA,2024-04-26,True
1211,Particular,CABA Norte,2025-09-19,True
1212,Particular,Zona Oeste GBA,2026-01-18,True
1213,Particular,Zona Oeste GBA,2025-04-22,True
1214,Frecuente,Zona Norte GBA,2024-04-14,True
1215,Particular,Zona Sur GBA,2025-05-09,True
1216,Particular,CABA Centro,2026-02-09,False
1217,Particular,CABA Sur,2024-02-15,True
1218,Particular,CABA Norte,2026-04-02,False
1219,Particular,Zona Norte GBA,2024-11-26,False
1220,Particular,CABA Centro,2024-08-03,False
1221,VIP,CABA Sur,2025-05-06,True
1222,Particular,Zona Sur GBA,2026-03-23,False
1223,Particular,Zona Sur GBA,2026-04-24,False
1224,VIP,CABA Centro,2025-03-24,True
1225,Particular,CABA Sur,2025-06-19,False
1226,Particular,Zona Sur GBA,2025-05-25,False
1227,Particular,CABA Norte,2025-04-02,False
1228,Particular,CABA Norte,2025-06-30,False
1229,VIP,CABA Norte,2025-06-19,True
1230,Particular,Zona Norte GBA,2025-06-23,False
1231,Frecuente,CABA Norte,2025-04-28,True
1232,Particular,Zona Sur GBA,2024-01-16,True
1233,Particular,Zona Norte GBA,2025-07-24,True
1234,Particular,Zona Norte GBA,2024-08-30,False
1235,Particular,CABA Centro,2024-07-25,False
1236,Particular,Zona Norte GBA,2026-06-30,False
1237,Frecuente,Zona Oeste GBA,2024-09-27,True
1238,Particular,Zona Oeste GBA,2026-01-30,False
1239,VIP,Zona Oeste GBA,2026-02-17,True
1240,Particular,Zona Norte GBA,2025-12-05,False
1241,Frecuente,Zona Sur GBA,2026-04-26,True
1242,Frecuente,Zona Oeste GBA,2025-12-30,True
1243,Frecuente,Zona Oeste GBA,2024-04-24,True
1244,Frecuente,CABA Norte,2025-08-02,True
1245,Frecuente,CABA Norte,2024-10-25,True
1246,Particular,CABA Centro,2026-04-16,False
1247,Particular,Zona Oeste GBA,2025-04-27,False
1248,Particular,CABA Sur,2025-01-31,False
1249,Frecuente,CABA Sur,2025-01-28,True
1250,Particular,Zona Sur GBA,2024-03-15,True
1251,Frecuente,Zona Sur GBA,2025-04-26,True
1252,Particular,Zona Sur GBA,2024-04-12,False
1253,Particular,CABA Centro,2024-10-23,False
1254,Particular,Zona Oeste GBA,2024-06-26,False
1255,Particular,CABA Centro,2024-08-02,False
1256,Particular,CABA Centro,2024-11-10,False
1257,Particular,CABA Centro,2024-02-08,False
1258,Particular,CABA Sur,2024-09-15,False
1259,Particular,CABA Sur,2025-12-16,False
1260,Particular,Zona Sur GBA,2024-01-07,False
1261,Particular,CABA Norte,2024-02-18,False
1262,Frecuente,Zona Oeste GBA,2025-06-21,True
1263,Particular,Zona Norte GBA,2024-06-09,False
1264,Particular,CABA Centro,2026-05-18,False
1265,Particular,Zona Norte GBA,2024-06-24,False
1266,Particular,CABA Centro,2025-08-13,False
1267,Particular,Zona Norte GBA,2024-01-02,False
1268,Particular,CABA Sur,2026-06-13,True
1269,Particular,CABA Norte,2025-03-30,False
1270,Particular,CABA Norte,2025-10-05,False
1271,Particular,Zona Norte GBA,2024-10-02,True
1272,Frecuente,Zona Sur GBA,2025-05-12,True
1273,Frecuente,CABA Sur,2025-09-20,True
1274,Particular,Zona Oeste GBA,2025-11-06,False
1275,Particular,Zona Oeste GBA,2026-03-10,False
1276,Particular,Zona Sur GBA,2024-01-28,False
1277,Particular,Zona Sur GBA,2024-11-28,False
1278,VIP,Zona Norte GBA,2024-01-01,True
1279,Particular,Zona Oeste GBA,2024-07-06,False
1280,Particular,Zona Sur GBA,2024-02-25,False
1281,Particular,CABA Sur,2025-06-30,False
1282,Particular,CABA Sur,2024-04-21,False
1283,Particular,CABA Norte,2026-03-08,False
1284,Particular,Zona Sur GBA,2024-11-05,False
1285,Particular,Zona Oeste GBA,2024-02-05,True
1286,Particular,CABA Norte,2025-03-14,True
1287,Particular,Zona Norte GBA,2025-12-29,False
1288,Particular,Zona Norte GBA,2025-08-14,False
1289,Particular,CABA Norte,2026-04-05,True
1290,Particular,Zona Sur GBA,2025-08-17,False
1291,Particular,CABA Centro,2025-07-30,False
1292,Particular,CABA Norte,2024-11-20,False
1293,Particular,Zona Norte GBA,2025-10-01,False
1294,Particular,Zona Oeste GBA,2024-11-02,False
1295,Frecuente,CABA Norte,2025-06-17,True
1296,Particular,Zona Oeste GBA,2025-12-28,False
1297,Particular,Zona Norte GBA,2025-09-10,False
1298,Particular,CABA Norte,2024-04-18,True
1299,Particular,CABA Norte,2025-01-06,False
1300,Particular,Zona Norte GBA,2024-12-22,False
1301,Particular,CABA Centro,2024-06-29,True
1302,Frecuente,Zona Sur GBA,2024-12-21,True
1303,Particular,Zona Oeste GBA,2025-11-06,False
1304,Particular,Zona Sur GBA,2024-03-08,True
1305,Particular,CABA Centro,2024-10-18,True
1306,Frecuente,Zona Sur GBA,2025-11-22,False
1307,Particular,CABA Sur,2024-06-29,False
1308,Frecuente,CABA Sur,2025-04-10,True
1309,Particular,CABA Norte,2025-03-09,True
1310,Frecuente,CABA Norte,2025-04-08,True
1311,Particular,Zona Oeste GBA,2025-11-11,False
1312,Frecuente,Zona Norte GBA,2025-06-17,False
1313,Particular,CABA Centro,2024-03-06,False
1314,Frecuente,Zona Norte GBA,2024-01-21,False
1315,Particular,CABA Centro,2025-09-03,False
1316,Particular,Zona Norte GBA,2025-01-18,True
1317,Particular,CABA Sur,2026-03-22,False
1318,Frecuente,Zona Sur GBA,2025-09-06,False
1319,Particular,Zona Sur GBA,2025-07-12,False
1320,Particular,Zona Norte GBA,2024-02-08,False
1321,Particular,CABA Sur,2024-10-11,True
1322,Particular,CABA Sur,2026-04-01,False
1323,Frecuente,Zona Oeste GBA,2025-08-24,True
1324,Particular,CABA Sur,2025-08-19,False
1325,VIP,CABA Centro,2026-02-23,False
1326,Particular,CABA Norte,2024-12-01,False
1327,Particular,Zona Norte GBA,2024-07-06,False
1328,Frecuente,Zona Norte GBA,2025-11-01,True
1329,Particular,Zona Sur GBA,2024-08-30,False
1330,Particular,CABA Centro,2024-03-13,False
1331,Particular,CABA Sur,2025-04-23,False
1332,Particular,Zona Oeste GBA,2025-07-14,False
1333,Particular,Zona Sur GBA,2024-04-10,False
1334,VIP,CABA Sur,2025-05-28,True
1335,VIP,Zona Norte GBA,2026-01-25,True
1336,Particular,CABA Centro,2024-06-24,False
1337,Particular,Zona Sur GBA,2024-08-25,False
1338,Particular,CABA Norte,2026-06-28,True
1339,Particular,Zona Sur GBA,2024-02-28,False
1340,Particular,Zona Oeste GBA,2026-05-14,False
1341,Particular,Zona Norte GBA,2024-04-08,False
1342,Particular,CABA Norte,2026-05-20,False
1343,Frecuente,Zona Norte GBA,2025-05-09,True
1344,Frecuente,CABA Sur,2025-05-28,True
1345,Frecuente,CABA Norte,2026-01-24,True
1346,Particular,Zona Oeste GBA,2024-10-23,True
1347,Particular,Zona Sur GBA,2024-07-29,False
1348,Particular,Zona Norte GBA,2024-05-02,False
1349,VIP,Zona Oeste GBA,2024-08-16,True
1350,Particular,CABA Norte,2025-08-16,False
1351,Frecuente,CABA Sur,2025-10-17,True
1352,Particular,CABA Norte,2025-01-22,True
1353,Particular,Zona Norte GBA,2024-05-19,False
1354,Frecuente,Zona Sur GBA,2025-06-24,False
1355,Particular,Zona Oeste GBA,2025-01-25,False
1356,Frecuente,CABA Norte,2024-09-26,True
1357,Frecuente,CABA Sur,2026-01-28,True
1358,Particular,Zona Norte GBA,2024-01-12,False
1359,Particular,CABA Sur,2026-05-16,False
1360,Particular,Zona Sur GBA,2025-01-23,False
1361,Frecuente,Zona Oeste GBA,2024-12-02,True
1362,Particular,Zona Norte GBA,2025-05-20,True
1363,Particular,CABA Sur,2024-04-15,False
1364,Particular,CABA Centro,2024-02-01,False
1365,Frecuente,CABA Norte,2024-03-14,True
1366,Particular,CABA Sur,2024-06-19,False
1367,Particular,CABA Sur,2026-04-28,False
1368,Frecuente,Zona Oeste GBA,2024-03-09,True
1369,Particular,Zona Oeste GBA,2026-03-23,False
1370,Particular,CABA Norte,2024-12-27,True
1371,VIP,CABA Sur,2025-10-10,True
1372,Particular,CABA Centro,2025-03-08,False
1373,Frecuente,CABA Norte,2024-04-09,True
1374,Particular,Zona Sur GBA,2025-10-19,False
1375,Particular,CABA Norte,2024-01-09,False
1376,Frecuente,CABA Sur,2025-07-27,True
1377,Particular,CABA Norte,2025-11-27,False
1378,Particular,Zona Sur GBA,2024-01-29,False
1379,Particular,Zona Norte GBA,2026-06-11,False
1380,Particular,CABA Centro,2024-04-23,False
1381,Particular,Zona Norte GBA,2025-04-06,True
1382,Particular,Zona Oeste GBA,2024-05-22,True
1383,VIP,Zona Sur GBA,2025-01-24,True
1384,Particular,CABA Centro,2025-09-23,True
1385,Particular,Zona Sur GBA,2025-11-12,False
1386,Particular,Zona Sur GBA,2024-06-05,True
1387,Frecuente,Zona Sur GBA,2024-11-30,True
1388,Particular,Zona Norte GBA,2026-05-10,True
1389,VIP,Zona Norte GBA,2024-09-16,True
1390,Particular,CABA Sur,2024-03-22,False
1391,Particular,Zona Oeste GBA,2026-01-23,False
1392,Particular,Zona Norte GBA,2025-03-16,False
1393,Particular,Zona Oeste GBA,2024-06-20,False
1394,Particular,CABA Sur,2024-08-18,False
1395,Particular,Zona Oeste GBA,2025-12-20,True
1396,Frecuente,Zona Sur GBA,2024-03-15,True
1397,Particular,CABA Norte,2024-09-26,False
1398,Particular,Zona Sur GBA,2026-06-17,False
1399,Particular,Zona Norte GBA,2025-09-17,True
1400,Particular,Zona Sur GBA,2024-03-02,False
1401,Particular,CABA Sur,2026-05-23,False
1402,Particular,CABA Sur,2024-11-15,False
1403,Particular,Zona Sur GBA,2024-04-11,False
1404,Frecuente,CABA Centro,2025-03-04,False
1405,Particular,Zona Sur GBA,2026-05-23,False
1406,Particular,Zona Norte GBA,2025-12-22,False
1407,Frecuente,Zona Norte GBA,2024-09-11,True
1408,Frecuente,CABA Centro,2025-06-15,True
1409,Particular,Zona Norte GBA,2025-07-23,False
1410,Frecuente,CABA Sur,2024-04-21,True
1411,Particular,CABA Norte,2024-11-08,False
1412,Particular,CABA Centro,2025-04-05,False
1413,Particular,CABA Norte,2025-12-08,False
1414,Particular,Zona Sur GBA,2026-06-05,False
1415,Particular,Zona Sur GBA,2025-04-06,False
1416,Frecuente,CABA Sur,2026-05-14,True
1417,Particular,Zona Oeste GBA,2024-04-01,False
1418,Particular,CABA Sur,2024-02-21,False
1419,Particular,Zona Oeste GBA,2026-03-15,False
1420,Frecuente,Zona Oeste GBA,2025-06-03,True
1421,Particular,Zona Sur GBA,2026-03-22,True
1422,Particular,CABA Sur,2024-04-07,False
1423,Particular,Zona Oeste GBA,2024-08-23,False
1424,Particular,CABA Centro,2026-06-19,False
1425,VIP,Zona Sur GBA,2025-01-08,True
1426,VIP,CABA Norte,2025-08-03,True
1427,Particular,Zona Norte GBA,2025-07-10,False
1428,VIP,Zona Oeste GBA,2025-10-10,True
1429,Particular,Zona Oeste GBA,2024-08-21,True
1430,Frecuente,CABA Norte,2024-02-01,False
1431,Particular,Zona Sur GBA,2024-10-15,True
1432,Particular,CABA Centro,2025-09-29,False
1433,Particular,Zona Norte GBA,2025-08-01,False
1434,Particular,CABA Centro,2025-06-25,False
1435,Particular,CABA Centro,2024-04-23,False
1436,Particular,Zona Norte GBA,2024-07-22,False
1437,Particular,CABA Sur,2024-01-29,True
1438,Particular,CABA Norte,2025-10-04,False
1439,Particular,CABA Norte,2025-04-18,True
1440,Particular,CABA Sur,2025-11-27,False
1441,VIP,Zona Oeste GBA,2024-09-09,False
1442,Particular,Zona Sur GBA,2026-03-08,False
1443,Particular,CABA Norte,2026-06-23,False
1444,Particular,CABA Sur,2025-01-20,False
1445,Frecuente,CABA Norte,2024-03-02,True
1446,Particular,CABA Norte,2025-05-29,False
1447,Particular,Zona Oeste GBA,2025-03-05,False
1448,Frecuente,Zona Norte GBA,2025-08-02,True
1449,VIP,CABA Norte,2025-06-20,False
1450,Particular,CABA Centro,2025-11-21,False
1451,Particular,CABA Norte,2024-05-20,False
1452,Particular,Zona Sur GBA,2026-01-12,True
1453,Frecuente,Zona Sur GBA,2024-10-26,True
1454,Particular,CABA Norte,2025-11-05,False
1455,Particular,CABA Centro,2024-11-06,True
1456,Frecuente,Zona Sur GBA,2025-04-15,True
1457,Particular,Zona Sur GBA,2025-01-27,False
1458,Particular,CABA Sur,2025-10-03,False
1459,Particular,CABA Norte,2025-03-20,False
1460,Particular,CABA Norte,2026-01-27,False
1461,Particular,Zona Norte GBA,2026-03-19,True
1462,Particular,CABA Sur,2024-06-20,False
1463,Particular,CABA Norte,2025-07-29,False
1464,Particular,Zona Norte GBA,2024-01-31,False
1465,VIP,CABA Norte,2024-02-16,True
1466,Particular,Zona Oeste GBA,2024-05-09,False
1467,VIP,CABA Centro,2024-12-17,False
1468,Particular,CABA Norte,2026-04-24,False
1469,Frecuente,Zona Norte GBA,2025-09-13,False
1470,Frecuente,CABA Sur,2025-08-03,False
1471,Particular,Zona Sur GBA,2024-02-27,False
1472,Frecuente,Zona Norte GBA,2024-04-15,True
1473,Frecuente,CABA Centro,2026-03-22,True
1474,Particular,Zona Oeste GBA,2024-11-25,False
1475,Particular,CABA Centro,2026-02-06,False
1476,Particular,Zona Sur GBA,2026-04-03,False
1477,Frecuente,CABA Sur,2025-11-13,True
1478,Frecuente,Zona Norte GBA,2025-01-17,True
1479,Frecuente,CABA Norte,2024-06-10,True
1480,Particular,CABA Sur,2024-10-12,False
1481,Frecuente,Zona Sur GBA,2024-03-11,True
1482,Particular,Zona Oeste GBA,2026-02-05,True
1483,Particular,CABA Centro,2025-03-29,True
1484,Particular,CABA Centro,2026-06-04,False
1485,Particular,Zona Oeste GBA,2025-07-20,False
1486,Particular,Zona Sur GBA,2026-04-14,False
1487,Particular,CABA Norte,2025-01-31,False
1488,Particular,Zona Norte GBA,2025-05-29,False
1489,Particular,CABA Sur,2024-01-26,False
1490,Particular,Zona Sur GBA,2024-11-08,False
1491,Particular,CABA Norte,2024-05-05,True
1492,Particular,CABA Centro,2025-02-11,False
1493,Particular,Zona Oeste GBA,2025-07-18,False
1494,Particular,CABA Norte,2024-07-16,False
1495,Particular,Zona Norte GBA,2026-03-21,False
1496,Particular,Zona Norte GBA,2024-07-06,False
1497,Particular,CABA Sur,2025-11-28,True
1498,Particular,CABA Sur,2026-03-27,False
1499,Particular,Zona Norte GBA,2026-03-20,True
1500,Frecuente,CABA Norte,2025-12-16,False
1501,Particular,Zona Norte GBA,2025-04-28,False
1502,Particular,Zona Oeste GBA,2025-03-25,True
1503,Particular,Zona Oeste GBA,2025-06-06,False
1504,Particular,CABA Norte,2026-05-20,False
1505,Particular,CABA Norte,2024-12-19,False
1506,Particular,CABA Centro,2025-10-19,True
1507,Particular,CABA Sur,2025-08-19,False
1508,Particular,CABA Sur,2024-04-09,False
1509,Particular,Zona Oeste GBA,2025-09-07,False
1510,Frecuente,CABA Norte,2025-07-11,True
1511,Frecuente,CABA Norte,2025-07-09,True
1512,Particular,CABA Sur,2024-10-04,False
1513,VIP,Zona Oeste GBA,2025-11-23,True
1514,Particular,CABA Centro,2025-11-29,True
1515,Particular,Zona Oeste GBA,2025-09-17,False
1516,Particular,CABA Centro,2025-05-05,False
1517,Particular,Zona Sur GBA,2024-09-11,True
1518,Frecuente,Zona Sur GBA,2025-01-15,True
1519,Particular,CABA Centro,2026-06-10,False
1520,Frecuente,CABA Centro,2025-06-25,True
1521,Particular,CABA Sur,2024-09-20,False
1522,Frecuente,CABA Centro,2025-09-01,True
1523,Particular,Zona Oeste GBA,2026-04-04,False
1524,Particular,Zona Sur GBA,2026-05-28,False
1525,Particular,Zona Oeste GBA,2024-11-24,True
1526,Particular,Zona Sur GBA,2024-04-24,False
1527,Particular,CABA Sur,2024-10-02,True
1528,Particular,CABA Norte,2025-05-02,True
1529,Frecuente,Zona Oeste GBA,2024-10-07,True
1530,Particular,CABA Sur,2024-10-01,False
1531,Particular,Zona Oeste GBA,2026-02-11,False
1532,Particular,CABA Centro,2026-04-22,False
1533,Particular,CABA Norte,2025-12-19,False
1534,Particular,Zona Sur GBA,2026-06-14,False
1535,Particular,CABA Norte,2024-11-23,False
1536,Particular,Zona Sur GBA,2024-07-29,False
1537,Particular,Zona Sur GBA,2025-12-27,False
1538,Particular,Zona Oeste GBA,2025-07-05,False
1539,Particular,Zona Oeste GBA,2024-01-26,False
1540,Particular,Zona Norte GBA,2024-01-27,False
1541,Particular,Zona Sur GBA,2025-12-02,False
1542,Particular,CABA Centro,2024-03-23,False
1543,Particular,Zona Norte GBA,2026-06-14,False
1544,Particular,Zona Norte GBA,2025-11-12,False
1545,VIP,CABA Sur,2025-02-16,False
1546,Particular,CABA Sur,2024-06-15,False
1547,Frecuente,CABA Sur,2025-11-30,False
1548,Particular,Zona Norte GBA,2024-06-17,False
1549,Particular,Zona Sur GBA,2026-03-11,False
1550,Particular,CABA Centro,2024-08-16,False
1551,VIP,Zona Sur GBA,2025-08-31,False
1552,Particular,Zona Oeste GBA,2025-01-01,False
1553,Frecuente,Zona Sur GBA,2025-06-11,True
1554,Frecuente,Zona Norte GBA,2026-03-01,False
1555,Particular,Zona Oeste GBA,2025-10-08,True
1556,Particular,CABA Norte,2025-06-21,False
1557,Particular,Zona Oeste GBA,2026-05-13,False
1558,Particular,CABA Norte,2025-06-07,False
1559,Frecuente,Zona Sur GBA,2024-03-12,True
1560,Frecuente,Zona Sur GBA,2025-10-06,True
1561,Particular,CABA Centro,2024-04-15,True
1562,Particular,CABA Centro,2026-01-01,False
1563,Frecuente,Zona Oeste GBA,2026-06-03,True
1564,Particular,CABA Centro,2025-11-19,False
1565,Frecuente,Zona Sur GBA,2024-10-08,True
1566,Particular,CABA Norte,2024-05-12,False
1567,Particular,CABA Norte,2025-06-17,False
1568,Particular,Zona Sur GBA,2024-09-25,False
1569,Particular,Zona Oeste GBA,2025-02-15,False
1570,Particular,Zona Sur GBA,2025-11-03,True
1571,Particular,CABA Sur,2025-09-10,False
1572,Particular,Zona Oeste GBA,2026-03-01,False
1573,Frecuente,Zona Norte GBA,2026-05-14,False
1574,Frecuente,Zona Norte GBA,2026-01-16,True
1575,Particular,Zona Oeste GBA,2024-01-18,False
1576,Particular,Zona Norte GBA,2026-01-23,False
1577,Particular,CABA Sur,2024-04-26,False
1578,Particular,CABA Centro,2026-03-08,False
1579,Particular,Zona Oeste GBA,2026-03-04,False
1580,Particular,CABA Centro,2024-05-23,False
1581,Particular,Zona Oeste GBA,2025-12-17,True
1582,Particular,CABA Centro,2025-07-04,False
1583,Particular,Zona Norte GBA,2025-10-27,True
1584,Particular,Zona Oeste GBA,2025-11-18,False
1585,VIP,CABA Centro,2026-01-22,False
1586,Particular,CABA Norte,2025-02-25,False
1587,Particular,CABA Norte,2026-06-16,False
1588,Particular,Zona Norte GBA,2025-01-03,True
1589,Particular,Zona Sur GBA,2025-10-07,False
1590,Particular,CABA Norte,2025-07-11,True
1591,Particular,Zona Oeste GBA,2024-02-19,False
1592,VIP,CABA Sur,2025-11-08,True
1593,Particular,Zona Norte GBA,2024-04-15,False
1594,Particular,Zona Sur GBA,2024-08-03,False
1595,Frecuente,CABA Sur,2025-10-19,False
1596,Particular,Zona Norte GBA,2025-02-28,True
1597,Particular,CABA Norte,2024-03-12,True
1598,Particular,CABA Norte,2026-04-21,True
1599,Particular,CABA Centro,2026-02-23,False
1600,Frecuente,CABA Norte,2026-01-28,False
1601,Particular,Zona Norte GBA,2025-03-21,False
1602,Particular,CABA Sur,2024-07-04,False
1603,Particular,Zona Norte GBA,2024-03-10,False
1604,Particular,CABA Norte,2024-05-29,False
1605,Particular,CABA Centro,2024-09-02,False
1606,Particular,Zona Oeste GBA,2026-02-12,False
1607,Particular,Zona Sur GBA,2025-06-21,True
1608,Frecuente,CABA Norte,2025-10-13,True
1609,Particular,Zona Sur GBA,2024-04-08,False
1610,Particular,Zona Norte GBA,2026-06-28,False
1611,Frecuente,Zona Norte GBA,2024-10-04,True
1612,Particular,Zona Norte GBA,2025-07-16,False
1613,Particular,CABA Norte,2025-10-24,False
1614,Particular,CABA Norte,2025-03-30,False
1615,Particular,Zona Norte GBA,2024-04-13,False
1616,Particular,CABA Sur,2025-08-23,False
1617,VIP,Zona Sur GBA,2025-10-14,True
1618,Particular,CABA Sur,2025-12-25,False
1619,Particular,CABA Norte,2024-08-20,False
1620,Frecuente,Zona Oeste GBA,2025-01-28,True
1621,Particular,CABA Centro,2025-05-15,False
1622,Particular,Zona Norte GBA,2025-11-25,False
1623,Particular,Zona Oeste GBA,2024-09-07,False
1624,VIP,Zona Sur GBA,2025-06-04,True
1625,Particular,Zona Oeste GBA,2024-03-19,False
1626,Particular,Zona Oeste GBA,2024-02-21,True
1627,Particular,Zona Oeste GBA,2026-06-16,False
1628,Particular,Zona Sur GBA,2026-02-19,False
1629,Particular,CABA Centro,2024-08-13,False
1630,Particular,CABA Norte,2024-02-20,True
1631,Frecuente,CABA Centro,2024-07-04,False
1632,Particular,CABA Centro,2024-02-03,False
1633,Particular,Zona Oeste GBA,2026-03-13,False
1634,Frecuente,Zona Norte GBA,2026-01-11,False
1635,Frecuente,Zona Norte GBA,2024-05-10,True
1636,Particular,CABA Norte,2025-09-23,False
1637,Particular,Zona Oeste GBA,2025-03-18,True
1638,Particular,CABA Sur,2026-04-17,False
1639,VIP,Zona Oeste GBA,2026-01-28,True
1640,Frecuente,Zona Norte GBA,2025-03-07,True
1641,Particular,CABA Sur,2025-12-04,False
1642,Frecuente,CABA Norte,2025-05-11,True
1643,Particular,CABA Norte,2025-02-06,False
1644,Particular,Zona Sur GBA,2024-11-18,False
1645,Particular,Zona Sur GBA,2024-07-28,False
1646,Frecuente,Zona Oeste GBA,2025-09-06,True
1647,Particular,CABA Norte,2024-11-24,False
1648,Frecuente,CABA Sur,2025-01-06,True
1649,Frecuente,Zona Oeste GBA,2025-04-04,False
1650,Particular,Zona Oeste GBA,2024-05-12,False
1651,Particular,CABA Norte,2026-04-14,False
1652,Particular,CABA Norte,2025-10-12,False
1653,Particular,Zona Oeste GBA,2024-04-30,True
1654,Particular,CABA Sur,2025-08-28,False
1655,Particular,CABA Centro,2025-03-27,False
1656,Frecuente,CABA Norte,2024-05-08,True
1657,Particular,Zona Norte GBA,2024-03-31,True
1658,Particular,Zona Sur GBA,2025-08-26,False
1659,Particular,Zona Sur GBA,2025-07-28,True
1660,Particular,Zona Norte GBA,2024-01-29,False
1661,Particular,Zona Norte GBA,2025-12-22,True
1662,Particular,CABA Norte,2025-06-07,False
1663,Frecuente,Zona Norte GBA,2024-11-28,True
1664,Particular,CABA Sur,2024-10-23,False
1665,VIP,Zona Norte GBA,2024-05-09,True
1666,Frecuente,CABA Sur,2024-10-19,True
1667,Particular,CABA Centro,2024-06-21,False
1668,Frecuente,CABA Norte,2025-12-20,True
1669,Particular,CABA Centro,2024-01-24,False
1670,Frecuente,CABA Norte,2024-04-08,True
1671,Particular,CABA Norte,2025-02-09,False
1672,Frecuente,Zona Sur GBA,2024-12-21,True
1673,Frecuente,Zona Norte GBA,2024-05-18,True
1674,Frecuente,Zona Norte GBA,2025-05-17,True
1675,Frecuente,Zona Sur GBA,2026-04-05,True
1676,Particular,Zona Sur GBA,2024-06-22,False
1677,Particular,Zona Norte GBA,2024-01-29,False
1678,Particular,Zona Oeste GBA,2025-05-10,False
1679,Particular,CABA Sur,2025-10-16,False
1680,Particular,CABA Centro,2026-04-07,False
1681,Particular,CABA Sur,2024-12-16,False
1682,VIP,Zona Oeste GBA,2025-07-07,True
1683,Particular,Zona Oeste GBA,2024-10-25,True
1684,Frecuente,CABA Centro,2025-12-20,True
1685,Particular,CABA Norte,2026-04-21,False
1686,Frecuente,Zona Norte GBA,2024-07-10,False
1687,Frecuente,CABA Norte,2025-11-02,False
1688,Particular,Zona Norte GBA,2024-03-04,False
1689,Particular,Zona Oeste GBA,2026-01-24,False
1690,Frecuente,Zona Oeste GBA,2026-02-08,False
1691,Particular,Zona Oeste GBA,2025-10-25,False
1692,Particular,Zona Sur GBA,2024-08-02,False
1693,Particular,Zona Norte GBA,2026-04-13,False
1694,Particular,Zona Oeste GBA,2024-06-14,False
1695,Particular,Zona Norte GBA,2025-06-26,True
1696,Particular,CABA Centro,2026-06-01,False
1697,Particular,CABA Norte,2024-08-19,True
1698,Particular,CABA Centro,2026-03-04,True
1699,VIP,Zona Norte GBA,2025-06-24,True
1700,Particular,Zona Norte GBA,2024-07-13,False
1701,VIP,Zona Sur GBA,2025-05-20,False
1702,Particular,CABA Centro,2024-11-29,True
1703,Particular,CABA Norte,2026-02-06,False
1704,Particular,Zona Sur GBA,2026-03-03,False
1705,Particular,CABA Norte,2024-10-30,False
1706,Particular,Zona Norte GBA,2026-04-12,False
1707,Particular,Zona Norte GBA,2025-03-12,False
1708,Particular,Zona Norte GBA,2024-11-18,False
1709,Particular,CABA Norte,2025-05-16,True
1710,Particular,CABA Norte,2026-05-07,False
1711,Particular,CABA Norte,2025-01-27,False
1712,Particular,Zona Norte GBA,2026-03-16,False
1713,Frecuente,Zona Norte GBA,2025-08-21,True
1714,Particular,CABA Centro,2024-05-28,False
1715,Particular,Zona Norte GBA,2026-01-30,True
1716,VIP,Zona Sur GBA,2026-04-12,True
1717,Particular,CABA Norte,2025-02-08,False
1718,Particular,Zona Norte GBA,2024-10-09,False
1719,VIP,Zona Oeste GBA,2024-12-27,True
1720,Particular,CABA Centro,2025-01-13,False
1721,Particular,CABA Centro,2024-07-16,False
1722,Particular,Zona Norte GBA,2025-07-09,False
1723,Particular,Zona Sur GBA,2024-12-21,False
1724,Particular,Zona Oeste GBA,2025-06-23,False
1725,Particular,Zona Norte GBA,2025-03-04,True
1726,Particular,Zona Oeste GBA,2024-01-17,False
1727,Particular,CABA Sur,2025-09-30,False
1728,VIP,Zona Oeste GBA,2025-01-13,True
1729,Frecuente,Zona Norte GBA,2025-11-10,False
1730,Particular,CABA Centro,2025-05-20,False
1731,Particular,Zona Oeste GBA,2026-01-25,False
1732,Particular,Zona Norte GBA,2026-06-17,False
1733,Particular,CABA Sur,2024-03-16,False
1734,Particular,Zona Sur GBA,2024-08-18,False
1735,Particular,CABA Norte,2025-12-16,False
1736,Frecuente,CABA Centro,2024-09-04,True
1737,Particular,CABA Norte,2024-10-28,False
1738,Particular,Zona Oeste GBA,2025-12-26,False
1739,Particular,Zona Oeste GBA,2024-08-02,False
1740,Particular,CABA Sur,2024-06-06,False
1741,Frecuente,Zona Oeste GBA,2024-03-09,False
1742,Frecuente,CABA Sur,2025-01-27,True
1743,Frecuente,Zona Oeste GBA,2024-03-25,True
1744,Particular,Zona Norte GBA,2024-09-23,False
1745,Particular,CABA Sur,2024-03-09,False
1746,Particular,Zona Sur GBA,2025-09-02,False
1747,Particular,CABA Centro,2024-12-12,False
1748,Particular,CABA Norte,2025-12-28,False
1749,Frecuente,Zona Norte GBA,2025-11-03,True
1750,Particular,Zona Sur GBA,2025-02-26,False
1751,Particular,CABA Sur,2025-08-28,False
1752,Particular,CABA Norte,2024-06-22,False
1753,Particular,CABA Sur,2025-11-07,False
1754,Particular,Zona Norte GBA,2024-04-24,False
1755,VIP,CABA Norte,2024-08-07,True
1756,Frecuente,Zona Oeste GBA,2024-01-31,False
1757,VIP,Zona Sur GBA,2025-06-06,False
1758,Particular,Zona Norte GBA,2024-12-08,True
1759,Particular,CABA Sur,2025-01-11,False
1760,Particular,CABA Sur,2024-05-09,False
1761,Particular,CABA Norte,2025-09-08,False
1762,Frecuente,Zona Sur GBA,2025-06-22,True
1763,Particular,CABA Sur,2026-01-08,True
1764,Particular,CABA Sur,2024-01-02,False
1765,Particular,Zona Oeste GBA,2026-05-20,False
1766,Particular,Zona Norte GBA,2024-04-10,True
1767,Frecuente,Zona Oeste GBA,2025-06-16,False
1768,Particular,CABA Norte,2024-02-27,True
1769,Particular,Zona Oeste GBA,2025-01-23,True
1770,Particular,Zona Sur GBA,2025-11-22,True
1771,Particular,Zona Oeste GBA,2024-12-06,True
1772,Frecuente,Zona Sur GBA,2026-05-10,True
1773,Frecuente,CABA Norte,2024-01-20,True
1774,VIP,Zona Norte GBA,2024-09-11,True
1775,Frecuente,Zona Norte GBA,2024-11-12,True
1776,Particular,Zona Norte GBA,2024-02-07,False
1777,Particular,CABA Sur,2025-10-21,False
1778,Particular,CABA Sur,2025-06-20,False
1779,Particular,CABA Norte,2025-01-20,False
1780,Frecuente,CABA Sur,2025-09-24,False
1781,Particular,CABA Norte,2024-01-26,False
1782,Frecuente,Zona Oeste GBA,2025-03-29,True
1783,Particular,CABA Centro,2025-11-11,False
1784,Particular,CABA Norte,2024-11-18,True
1785,Particular,Zona Norte GBA,2026-01-06,False
1786,Frecuente,Zona Norte GBA,2025-05-27,True
1787,Particular,Zona Sur GBA,2026-03-29,False
1788,Particular,Zona Norte GBA,2026-02-11,True
1789,Particular,CABA Sur,2024-01-13,False
1790,Particular,Zona Oeste GBA,2026-06-26,True
1791,Particular,Zona Norte GBA,2025-07-13,False
1792,Frecuente,CABA Norte,2026-04-04,True
1793,Particular,Zona Norte GBA,2025-01-05,False
1794,Particular,Zona Sur GBA,2024-10-17,False
1795,Particular,CABA Sur,2024-11-27,False
1796,Particular,CABA Centro,2025-08-28,False
1797,Particular,CABA Norte,2024-09-17,True
1798,Particular,CABA Norte,2026-02-28,False
1799,Particular,CABA Sur,2026-05-20,True
1800,Particular,Zona Norte GBA,2024-07-23,False
1801,VIP,CABA Norte,2025-11-27,True
1802,Frecuente,Zona Sur GBA,2025-11-17,True
1803,Particular,Zona Oeste GBA,2025-01-21,False
1804,Particular,Zona Norte GBA,2026-06-10,False
1805,Particular,Zona Sur GBA,2026-03-31,False
1806,Frecuente,CABA Norte,2025-04-12,True
1807,Particular,Zona Norte GBA,2025-02-18,False
1808,Particular,Zona Norte GBA,2024-03-09,False
1809,Particular,Zona Sur GBA,2025-04-16,False
1810,Particular,Zona Oeste GBA,2024-04-13,False
1811,Particular,CABA Centro,2026-01-27,False
1812,Frecuente,Zona Sur GBA,2024-06-09,True
1813,Particular,CABA Norte,2024-07-18,False
1814,Particular,Zona Sur GBA,2024-08-03,True
1815,Particular,Zona Sur GBA,2024-07-30,True
1816,VIP,CABA Norte,2025-05-22,True
1817,Particular,Zona Oeste GBA,2024-01-16,False
1818,Frecuente,CABA Norte,2025-05-12,True
1819,Particular,CABA Sur,2026-06-02,False
1820,Particular,Zona Norte GBA,2024-11-27,False
1821,Particular,Zona Norte GBA,2025-12-17,False
1822,Particular,Zona Sur GBA,2026-05-26,False
1823,Particular,Zona Oeste GBA,2025-07-04,False
1824,Frecuente,Zona Norte GBA,2025-08-23,True
1825,Particular,Zona Oeste GBA,2024-09-12,True
1826,Particular,Zona Sur GBA,2026-02-04,False
1827,Particular,CABA Norte,2025-12-28,False
1828,VIP,Zona Sur GBA,2026-05-29,True
1829,Frecuente,CABA Norte,2026-03-25,False
1830,Particular,Zona Oeste GBA,2024-06-20,False
1831,VIP,CABA Centro,2025-10-10,True
1832,Particular,CABA Norte,2025-05-12,True
1833,Particular,CABA Sur,2025-04-15,False
1834,Frecuente,Zona Oeste GBA,2025-01-18,False
1835,Frecuente,CABA Sur,2025-11-20,True
1836,Particular,CABA Norte,2025-08-11,True
1837,Particular,Zona Norte GBA,2025-11-30,True
1838,Particular,Zona Sur GBA,2025-05-21,False
1839,Frecuente,CABA Sur,2025-06-10,True
1840,Particular,CABA Centro,2026-03-14,False
1841,Particular,Zona Norte GBA,2026-04-10,False
1842,Particular,CABA Norte,2024-11-20,False
1843,Particular,Zona Sur GBA,2024-08-01,False
1844,Particular,Zona Sur GBA,2024-07-26,False
1845,VIP,Zona Norte GBA,2024-06-17,False
1846,Particular,CABA Sur,2024-11-25,True
1847,Particular,Zona Oeste GBA,2024-10-06,False
1848,Particular,Zona Norte GBA,2024-10-31,False
1849,Frecuente,Zona Sur GBA,2024-05-25,True
1850,Particular,Zona Norte GBA,2026-02-13,False
1851,Particular,Zona Oeste GBA,2025-05-30,True
1852,Frecuente,Zona Norte GBA,2024-03-30,False
1853,Frecuente,CABA Sur,2025-03-28,True
1854,Frecuente,Zona Sur GBA,2024-02-29,False
1855,Frecuente,Zona Norte GBA,2024-11-06,True
1856,Particular,Zona Norte GBA,2025-06-11,False
1857,Frecuente,CABA Centro,2024-08-14,True
1858,Particular,Zona Norte GBA,2025-04-18,False
1859,Frecuente,Zona Norte GBA,2025-06-24,True
1860,Frecuente,CABA Centro,2025-10-24,True
1861,Frecuente,CABA Norte,2026-01-26,False
1862,Particular,Zona Norte GBA,2026-02-20,False
1863,Particular,Zona Oeste GBA,2024-03-19,False
1864,Particular,Zona Norte GBA,2025-03-08,False
1865,VIP,CABA Centro,2026-03-11,True
1866,Frecuente,Zona Oeste GBA,2024-06-01,True
1867,Particular,CABA Norte,2026-02-27,False
1868,Particular,Zona Norte GBA,2025-02-04,False
1869,Particular,CABA Norte,2024-10-05,False
1870,Frecuente,CABA Centro,2024-02-26,True
1871,Frecuente,CABA Centro,2024-07-04,True
1872,Particular,CABA Sur,2025-02-01,True
1873,Particular,CABA Norte,2025-08-27,False
1874,Frecuente,CABA Sur,2026-02-26,True
1875,Frecuente,Zona Norte GBA,2024-06-06,True
1876,Particular,Zona Norte GBA,2026-02-25,True
1877,Particular,CABA Sur,2025-11-23,False
1878,Particular,Zona Sur GBA,2024-12-24,False
1879,Particular,CABA Norte,2025-03-15,False
1880,Particular,Zona Norte GBA,2025-08-11,False
1881,Particular,CABA Norte,2025-04-10,False
1882,Frecuente,CABA Norte,2025-10-24,False
1883,Particular,Zona Norte GBA,2025-03-21,True
1884,Frecuente,Zona Norte GBA,2026-01-19,True
1885,Particular,Zona Sur GBA,2026-03-11,False
1886,Particular,Zona Norte GBA,2026-01-12,False
1887,Particular,Zona Sur GBA,2025-05-02,False
1888,Particular,CABA Norte,2025-06-13,False
1889,Frecuente,CABA Norte,2024-03-13,True
1890,VIP,CABA Norte,2025-12-01,True
1891,Particular,CABA Centro,2024-01-17,True
1892,Particular,Zona Norte GBA,2025-06-14,False
1893,Frecuente,Zona Oeste GBA,2025-12-31,True
1894,Particular,CABA Norte,2024-11-21,False
1895,Particular,Zona Sur GBA,2025-09-23,False
1896,Frecuente,Zona Sur GBA,2025-09-04,False
1897,Particular,CABA Centro,2025-06-29,False
1898,Particular,CABA Norte,2025-08-18,False
1899,Particular,CABA Norte,2025-12-08,True
1900,Frecuente,CABA Norte,2026-04-21,True
1901,Particular,CABA Norte,2024-07-20,False
1902,Particular,Zona Norte GBA,2024-12-09,True
1903,Frecuente,CABA Centro,2026-05-02,True
1904,Particular,CABA Sur,2025-06-06,False
1905,Frecuente,Zona Sur GBA,2026-05-08,True
1906,Particular,Zona Oeste GBA,2025-02-03,False
1907,VIP,Zona Sur GBA,2024-08-05,True
1908,Particular,CABA Norte,2025-03-20,False
1909,Particular,CABA Sur,2026-02-03,True
1910,Particular,Zona Norte GBA,2024-08-09,False
1911,Particular,CABA Norte,2025-01-17,False
1912,Frecuente,CABA Norte,2026-05-30,True
1913,VIP,Zona Oeste GBA,2025-08-14,False
1914,Particular,Zona Oeste GBA,2024-01-07,False
1915,Particular,CABA Sur,2024-09-28,True
1916,Frecuente,Zona Norte GBA,2026-01-08,True
1917,Frecuente,CABA Sur,2024-01-16,True
1918,Particular,CABA Norte,2025-02-27,True
1919,Particular,CABA Sur,2025-06-07,False
1920,Particular,CABA Norte,2026-03-13,True
1921,Particular,CABA Norte,2026-01-22,False
1922,Particular,Zona Sur GBA,2024-01-21,False
1923,Particular,Zona Norte GBA,2025-11-20,True
1924,Particular,Zona Oeste GBA,2024-08-15,False
1925,Frecuente,CABA Centro,2026-02-23,False
1926,Particular,CABA Sur,2024-10-14,False
1927,Particular,CABA Centro,2026-03-19,False
1928,Particular,CABA Norte,2024-05-13,True
1929,Particular,CABA Norte,2024-10-09,False
1930,Particular,Zona Oeste GBA,2025-02-07,False
1931,Particular,Zona Oeste GBA,2025-10-26,False
1932,Particular,Zona Norte GBA,2024-03-06,False
1933,Particular,Zona Norte GBA,2025-10-10,False
1934,Particular,Zona Sur GBA,2025-08-26,False
1935,Particular,CABA Norte,2025-03-12,False
1936,Frecuente,CABA Centro,2026-04-08,False
1937,Particular,CABA Sur,2024-09-15,False
1938,Frecuente,Zona Oeste GBA,2024-04-12,True
1939,Particular,Zona Sur GBA,2025-07-20,False
1940,Particular,CABA Centro,2026-02-07,False
1941,Particular,Zona Sur GBA,2024-04-10,True
1942,Particular,Zona Sur GBA,2024-07-16,False
1943,Frecuente,CABA Centro,2026-03-23,False
1944,Particular,CABA Sur,2024-08-13,False
1945,Frecuente,CABA Sur,2025-04-07,True
1946,Particular,Zona Sur GBA,2024-08-24,True
1947,Particular,CABA Centro,2024-01-26,False
1948,Particular,Zona Oeste GBA,2024-04-30,False
1949,Particular,CABA Sur,2026-06-28,False
1950,Particular,Zona Oeste GBA,2025-05-20,False
1951,Particular,CABA Sur,2024-06-30,False
1952,Particular,Zona Norte GBA,2025-12-11,False
1953,Particular,Zona Sur GBA,2026-03-24,False
1954,Frecuente,Zona Oeste GBA,2026-02-05,True
1955,VIP,Zona Sur GBA,2025-09-25,True
1956,Frecuente,CABA Norte,2025-06-26,True
1957,Particular,Zona Oeste GBA,2024-11-10,False
1958,Particular,CABA Norte,2026-03-07,False
1959,Particular,CABA Sur,2025-09-09,True
1960,Frecuente,Zona Norte GBA,2026-01-05,True
1961,Particular,CABA Sur,2024-09-29,True
1962,Particular,Zona Norte GBA,2026-06-28,False
1963,Frecuente,Zona Sur GBA,2024-08-19,True
1964,Particular,CABA Norte,2025-02-23,False
1965,Particular,Zona Oeste GBA,2026-02-06,False
1966,Particular,CABA Sur,2025-03-17,False
1967,Particular,CABA Norte,2025-05-10,True
1968,Particular,CABA Norte,2024-01-24,False
1969,Particular,Zona Sur GBA,2024-04-18,False
1970,Particular,Zona Sur GBA,2025-12-03,False
1971,Particular,Zona Sur GBA,2025-05-16,False
1972,Frecuente,Zona Sur GBA,2026-05-08,True
1973,Particular,CABA Centro,2024-01-25,False
1974,Particular,CABA Sur,2024-07-05,False
1975,Particular,Zona Oeste GBA,2024-10-14,True
1976,VIP,Zona Norte GBA,2025-09-19,True
1977,Particular,CABA Sur,2024-12-03,False
1978,Particular,CABA Sur,2026-05-27,True
1979,Frecuente,Zona Norte GBA,2024-02-06,True
1980,Frecuente,Zona Norte GBA,2026-03-04,False
1981,Particular,CABA Norte,2024-05-16,False
1982,Frecuente,Zona Norte GBA,2025-05-22,True
1983,Particular,Zona Norte GBA,2024-08-14,True
1984,Particular,Zona Norte GBA,2024-11-15,False
1985,Particular,CABA Centro,2026-04-19,False
1986,Particular,Zona Oeste GBA,2024-06-30,True
1987,Frecuente,CABA Norte,2026-05-23,True
1988,Particular,CABA Sur,2024-03-26,True
1989,Particular,Zona Oeste GBA,2025-04-11,False
1990,Frecuente,Zona Norte GBA,2024-02-22,True
1991,Frecuente,CABA Centro,2026-05-09,False
1992,Particular,Zona Oeste GBA,2026-05-16,True
1993,Particular,Zona Norte GBA,2024-08-22,True
1994,Particular,Zona Oeste GBA,2026-02-17,True
1995,Frecuente,Zona Oeste GBA,2026-03-09,False
1996,Particular,Zona Norte GBA,2025-03-08,False
1997,VIP,Zona Norte GBA,2025-05-10,True
1998,Particular,CABA Norte,2024-04-09,False
1999,Particular,CABA Centro,2025-08-21,False
2000,Particular,CABA Sur,2025-02-06,False
2001,Particular,Zona Norte GBA,2025-01-30,False
2002,Particular,Zona Norte GBA,2025-06-10,False
2003,Frecuente,CABA Centro,2025-02-18,True
2004,Particular,CABA Norte,2025-09-04,False
2005,Particular,Zona Norte GBA,2025-11-07,False
2006,Frecuente,CABA Centro,2025-04-07,True
2007,Particular,Zona Oeste GBA,2025-06-24,True
2008,Frecuente,CABA Norte,2025-09-17,False
2009,Particular,Zona Norte GBA,2025-09-10,True
2010,Particular,Zona Sur GBA,2024-12-29,False
2011,Particular,CABA Norte,2024-05-09,False
2012,Particular,Zona Norte GBA,2024-03-24,True
2013,Frecuente,CABA Norte,2024-09-27,True
2014,Particular,Zona Norte GBA,2024-08-31,False
2015,Particular,Zona Norte GBA,2025-01-22,False
2016,Particular,CABA Sur,2024-08-01,False
2017,Particular,Zona Norte GBA,2026-03-28,False
2018,Frecuente,Zona Sur GBA,2024-06-14,True
2019,Particular,CABA Centro,2026-03-01,False
2020,Particular,CABA Norte,2024-02-28,True
2021,VIP,Zona Sur GBA,2025-08-24,True
2022,Particular,Zona Norte GBA,2026-06-01,True
2023,Frecuente,Zona Sur GBA,2026-04-22,True
2024,Particular,Zona Norte GBA,2025-05-18,False
2025,Particular,Zona Oeste GBA,2025-12-06,False
2026,Particular,CABA Sur,2024-05-02,False
2027,Frecuente,Zona Oeste GBA,2025-10-09,True
2028,VIP,Zona Sur GBA,2025-02-16,True
2029,Particular,Zona Norte GBA,2024-05-18,True
2030,Particular,CABA Centro,2024-08-16,False
2031,Particular,CABA Centro,2024-09-30,False
2032,Particular,CABA Centro,2025-03-14,True
2033,Particular,CABA Centro,2025-07-15,False
2034,VIP,CABA Centro,2026-06-28,True
2035,Particular,Zona Norte GBA,2024-04-27,True
2036,Particular,Zona Norte GBA,2025-12-14,True
2037,Particular,CABA Sur,2026-06-23,False
2038,Particular,Zona Norte GBA,2025-04-27,False
2039,Particular,CABA Norte,2025-01-29,False
2040,Particular,CABA Norte,2025-12-03,False
2041,Frecuente,CABA Norte,2026-05-25,True
2042,Particular,Zona Norte GBA,2025-04-04,False
2043,Particular,CABA Centro,2026-04-14,True
2044,Particular,CABA Centro,2025-11-23,False
2045,Frecuente,CABA Sur,2024-03-18,True
2046,Frecuente,Zona Oeste GBA,2025-02-15,False
2047,Particular,CABA Norte,2024-03-15,True
2048,Particular,Zona Oeste GBA,2024-10-21,False
2049,Particular,Zona Oeste GBA,2026-03-03,False
2050,Particular,Zona Oeste GBA,2024-01-21,True
2051,Particular,Zona Sur GBA,2026-06-24,False
2052,Particular,CABA Norte,2024-06-19,False
2053,Particular,CABA Norte,2024-01-15,False
2054,VIP,Zona Sur GBA,2024-07-29,True
2055,Frecuente,Zona Norte GBA,2025-07-13,False
2056,Particular,Zona Norte GBA,2024-03-26,False
2057,Particular,Zona Oeste GBA,2024-05-28,False
2058,Particular,Zona Oeste GBA,2025-11-30,False
2059,Particular,Zona Sur GBA,2025-01-06,False
2060,Particular,Zona Sur GBA,2025-04-24,False
2061,Particular,Zona Oeste GBA,2026-03-28,False
2062,Particular,CABA Centro,2024-05-30,True
2063,Frecuente,Zona Sur GBA,2024-05-20,True
2064,Particular,CABA Norte,2024-03-09,False
2065,Particular,CABA Centro,2024-09-16,False
2066,Frecuente,Zona Sur GBA,2026-04-25,True
2067,Particular,CABA Centro,2025-06-04,False
2068,Particular,CABA Centro,2025-09-24,False
2069,Particular,CABA Norte,2025-01-05,False
2070,Particular,Zona Sur GBA,2025-02-22,False
2071,Frecuente,Zona Norte GBA,2024-04-10,False
2072,Particular,Zona Oeste GBA,2025-10-22,False
2073,Particular,CABA Centro,2025-10-19,False
2074,Frecuente,Zona Oeste GBA,2026-05-14,True
2075,Frecuente,Zona Oeste GBA,2024-08-30,True
2076,Frecuente,CABA Centro,2026-01-22,False
2077,Particular,CABA Sur,2025-05-26,False
2078,Particular,CABA Centro,2026-04-28,False
2079,VIP,Zona Sur GBA,2025-07-08,False
2080,Frecuente,Zona Oeste GBA,2024-04-04,False
2081,Particular,Zona Sur GBA,2024-08-13,False
2082,Particular,CABA Centro,2025-06-01,True
2083,Particular,Zona Oeste GBA,2024-08-01,True
2084,Frecuente,Zona Oeste GBA,2025-12-18,True
2085,Particular,Zona Oeste GBA,2024-03-07,False
2086,Particular,Zona Sur GBA,2025-01-30,False
2087,Particular,CABA Sur,2025-09-03,False
2088,Particular,CABA Norte,2024-01-12,False
2089,Frecuente,Zona Oeste GBA,2024-08-24,True
2090,Particular,Zona Oeste GBA,2026-04-13,False
2091,Frecuente,Zona Norte GBA,2026-02-08,True
2092,VIP,CABA Centro,2025-02-02,False
2093,Particular,Zona Norte GBA,2025-02-10,False
2094,Particular,CABA Centro,2026-04-28,False
2095,Particular,CABA Sur,2025-04-24,False
2096,Frecuente,Zona Oeste GBA,2025-10-08,True
2097,Particular,Zona Oeste GBA,2024-08-09,False
2098,Particular,CABA Centro,2024-06-04,True
2099,Frecuente,CABA Sur,2025-10-15,True
2100,Particular,CABA Centro,2025-03-03,False
2101,Frecuente,CABA Centro,2024-06-06,True
2102,Particular,Zona Oeste GBA,2025-02-19,False
2103,Particular,Zona Sur GBA,2024-11-21,False
2104,Particular,CABA Sur,2025-01-05,False
2105,Frecuente,Zona Oeste GBA,2024-12-09,False
2106,Particular,Zona Sur GBA,2024-09-18,False
2107,Frecuente,Zona Sur GBA,2024-10-09,True
2108,Frecuente,CABA Centro,2026-04-29,True
2109,Particular,Zona Sur GBA,2026-05-05,False
2110,VIP,CABA Sur,2024-08-16,True
2111,Particular,CABA Sur,2026-06-06,False
2112,Particular,CABA Norte,2024-10-06,False
2113,Particular,Zona Norte GBA,2026-05-19,False
2114,Frecuente,CABA Norte,2024-10-16,False
2115,Particular,CABA Centro,2025-11-10,False
2116,Particular,CABA Centro,2024-02-16,False
2117,Particular,Zona Oeste GBA,2025-12-15,False
2118,Particular,Zona Sur GBA,2024-08-01,True
2119,Particular,CABA Centro,2026-01-27,False
2120,Frecuente,Zona Sur GBA,2024-01-24,True
2121,Frecuente,Zona Sur GBA,2024-11-16,True
2122,Particular,Zona Oeste GBA,2024-09-30,False
2123,VIP,CABA Norte,2025-07-09,True
2124,Particular,Zona Oeste GBA,2026-04-23,False
2125,VIP,Zona Sur GBA,2024-11-08,True
2126,Particular,Zona Oeste GBA,2024-12-28,True
2127,Particular,CABA Sur,2025-10-29,False
2128,Particular,Zona Norte GBA,2025-01-14,True
2129,Frecuente,Zona Oeste GBA,2025-12-11,True
2130,Particular,Zona Norte GBA,2025-11-04,False
2131,Particular,CABA Norte,2026-06-25,False
2132,Particular,CABA Centro,2025-04-14,False
2133,Particular,Zona Oeste GBA,2026-01-15,False
2134,Particular,Zona Sur GBA,2025-11-05,False
2135,Particular,CABA Norte,2024-04-25,False
2136,Frecuente,Zona Sur GBA,2025-08-27,False
2137,Particular,CABA Sur,2024-02-11,False
2138,Frecuente,Zona Oeste GBA,2026-03-06,True
2139,Particular,Zona Oeste GBA,2025-01-13,False
2140,Frecuente,Zona Oeste GBA,2025-12-22,True
2141,Frecuente,Zona Sur GBA,2024-07-24,True
2142,Particular,CABA Centro,2025-04-10,False
2143,Particular,Zona Sur GBA,2026-01-01,True
2144,Particular,CABA Norte,2024-10-06,False
2145,Particular,Zona Oeste GBA,2025-10-09,False
2146,Frecuente,Zona Oeste GBA,2025-09-09,True
2147,Particular,Zona Oeste GBA,2024-04-27,True
2148,Particular,CABA Centro,2024-08-24,True
2149,Particular,Zona Sur GBA,2024-11-04,False
2150,Frecuente,CABA Norte,2025-03-31,True
2151,Particular,CABA Norte,2026-06-18,False
2152,Particular,Zona Oeste GBA,2025-04-19,False
2153,Particular,Zona Norte GBA,2024-04-09,False
2154,Frecuente,Zona Sur GBA,2024-09-17,True
2155,Particular,CABA Sur,2024-10-31,True
2156,Particular,CABA Norte,2024-12-19,False
2157,Particular,Zona Sur GBA,2024-10-12,False
2158,Particular,Zona Norte GBA,2024-11-23,True
2159,Particular,CABA Centro,2024-04-12,False
2160,Frecuente,Zona Oeste GBA,2024-03-03,False
2161,Particular,Zona Norte GBA,2025-11-17,True
2162,Particular,Zona Norte GBA,2024-10-08,True
2163,Particular,Zona Norte GBA,2025-03-16,True
2164,Frecuente,Zona Sur GBA,2024-10-19,False
2165,Particular,Zona Sur GBA,2026-01-07,False
2166,VIP,Zona Oeste GBA,2024-01-07,True
2167,Particular,CABA Norte,2025-09-30,False
2168,Particular,Zona Sur GBA,2024-04-01,False
2169,Particular,Zona Oeste GBA,2024-07-08,False
2170,Particular,Zona Oeste GBA,2026-05-20,True
2171,Particular,CABA Sur,2025-04-20,False
2172,Particular,Zona Sur GBA,2025-05-25,False
2173,Particular,Zona Oeste GBA,2025-04-06,False
2174,Frecuente,CABA Norte,2024-02-22,True
2175,Particular,CABA Sur,2026-01-23,True
2176,Frecuente,Zona Sur GBA,2025-04-30,True
2177,Particular,CABA Norte,2025-10-05,False
2178,Particular,Zona Sur GBA,2025-05-04,False
2179,Particular,Zona Oeste GBA,2024-12-29,False
2180,Particular,Zona Norte GBA,2024-04-21,False
2181,Particular,CABA Centro,2025-02-12,False
2182,Particular,CABA Centro,2024-01-07,False
2183,Particular,Zona Sur GBA,2026-01-11,False
2184,Particular,CABA Centro,2025-10-29,False
2185,Particular,Zona Oeste GBA,2024-07-15,False
2186,Frecuente,CABA Sur,2026-04-14,True
2187,Frecuente,CABA Norte,2026-05-25,False
2188,Frecuente,CABA Norte,2026-01-04,True
2189,Frecuente,Zona Norte GBA,2025-01-01,True
2190,Particular,Zona Sur GBA,2024-09-06,False
2191,Particular,CABA Sur,2025-08-17,False
2192,Frecuente,CABA Sur,2024-08-27,True
2193,Particular,CABA Sur,2025-01-14,False
2194,Particular,Zona Norte GBA,2026-06-25,False
2195,Particular,Zona Norte GBA,2026-05-21,False
2196,Particular,Zona Sur GBA,2026-04-14,False
2197,Particular,Zona Norte GBA,2025-04-15,False
2198,Frecuente,Zona Norte GBA,2026-02-13,True
2199,Particular,CABA Norte,2025-12-01,False
2200,Particular,Zona Sur GBA,2025-03-30,False
2201,VIP,CABA Centro,2024-12-31,True
2202,Particular,CABA Norte,2024-10-16,True
2203,Particular,Zona Oeste GBA,2026-05-23,False
2204,Particular,Zona Norte GBA,2025-02-06,False
2205,Frecuente,CABA Sur,2024-02-27,True
2206,Frecuente,CABA Sur,2025-06-04,False
2207,Particular,Zona Oeste GBA,2024-10-30,False
2208,Frecuente,CABA Centro,2024-04-24,False
2209,Particular,Zona Sur GBA,2024-07-28,True
2210,Frecuente,Zona Oeste GBA,2024-02-10,True
2211,Frecuente,CABA Sur,2026-03-26,True
2212,Frecuente,Zona Norte GBA,2024-06-21,False
2213,Particular,CABA Centro,2024-08-21,False
2214,VIP,Zona Oeste GBA,2026-03-03,True
2215,Frecuente,Zona Norte GBA,2026-06-02,True
2216,Particular,CABA Sur,2025-08-12,False
2217,Frecuente,Zona Norte GBA,2025-09-11,False
2218,Particular,Zona Sur GBA,2026-03-03,True
2219,Frecuente,CABA Sur,2025-02-06,True
2220,Particular,Zona Sur GBA,2024-02-08,False
2221,Particular,CABA Sur,2024-04-28,True
2222,Particular,CABA Norte,2024-11-30,False
2223,Particular,CABA Centro,2024-12-01,False
2224,Particular,CABA Sur,2025-06-22,False
2225,Particular,CABA Centro,2025-09-07,False
2226,Particular,CABA Norte,2024-03-14,False
2227,Particular,Zona Sur GBA,2024-07-09,False
2228,Particular,Zona Sur GBA,2024-11-19,False
2229,Particular,Zona Oeste GBA,2024-05-26,False
2230,Particular,CABA Norte,2026-02-05,False
2231,Frecuente,CABA Norte,2024-10-10,True
2232,Particular,CABA Norte,2024-07-31,True
2233,Frecuente,Zona Oeste GBA,2025-09-26,False
2234,Frecuente,Zona Sur GBA,2025-12-18,True
2235,Particular,CABA Sur,2026-01-21,False
2236,Particular,CABA Norte,2025-01-28,False
2237,Frecuente,Zona Norte GBA,2024-12-04,False
2238,Particular,CABA Sur,2026-03-08,False
2239,Particular,CABA Sur,2024-01-22,True
2240,Particular,Zona Norte GBA,2026-02-09,False
2241,Frecuente,Zona Oeste GBA,2026-05-18,True
2242,Particular,CABA Norte,2024-04-14,False
2243,Particular,CABA Norte,2025-04-10,False
2244,VIP,Zona Sur GBA,2025-04-03,True
2245,Frecuente,CABA Centro,2025-03-07,True
2246,Particular,CABA Norte,2026-02-08,False
2247,Particular,CABA Centro,2025-12-16,True
2248,Frecuente,CABA Norte,2026-04-01,True
2249,Particular,CABA Sur,2026-02-12,False
2250,Particular,Zona Oeste GBA,2025-09-10,False
2251,Particular,CABA Sur,2026-02-01,False
2252,Frecuente,Zona Norte GBA,2024-08-08,True
2253,Particular,Zona Oeste GBA,2025-01-13,False
2254,Frecuente,Zona Norte GBA,2024-08-09,True
2255,Frecuente,Zona Sur GBA,2024-09-14,True
2256,Particular,Zona Sur GBA,2025-12-13,False
2257,Particular,CABA Norte,2025-01-01,False
2258,Particular,Zona Oeste GBA,2026-02-08,False
2259,Particular,Zona Norte GBA,2024-12-14,False
2260,Particular,Zona Sur GBA,2024-08-12,False
2261,Frecuente,Zona Norte GBA,2025-12-14,True
2262,Particular,Zona Sur GBA,2026-01-07,False
2263,Frecuente,Zona Oeste GBA,2024-08-23,True
2264,Particular,CABA Centro,2024-07-01,True
2265,Particular,Zona Norte GBA,2025-12-12,False
2266,Particular,Zona Sur GBA,2026-05-18,True
2267,Particular,Zona Sur GBA,2026-01-27,False
2268,Particular,CABA Norte,2025-03-19,False
2269,Particular,Zona Oeste GBA,2026-05-14,False
2270,Particular,CABA Sur,2025-09-14,False
2271,Particular,CABA Norte,2024-01-06,False
2272,Particular,CABA Sur,2024-08-23,False
2273,Particular,CABA Centro,2024-05-06,False
2274,Particular,Zona Oeste GBA,2024-04-13,False
2275,VIP,CABA Sur,2026-01-18,True
2276,Particular,Zona Sur GBA,2025-04-24,True
2277,Frecuente,CABA Norte,2024-06-03,True
2278,Particular,CABA Centro,2024-09-13,False
2279,Particular,CABA Centro,2024-08-22,False
2280,Particular,CABA Centro,2025-05-14,False
2281,Particular,CABA Norte,2024-10-15,False
2282,Particular,CABA Centro,2025-05-24,False
2283,Particular,Zona Norte GBA,2025-07-05,True
2284,Particular,CABA Centro,2026-03-10,False
2285,Particular,CABA Sur,2025-12-09,False
2286,Particular,CABA Sur,2026-02-23,False
2287,VIP,Zona Sur GBA,2026-06-12,True
2288,Particular,Zona Sur GBA,2026-02-14,True
2289,Particular,Zona Norte GBA,2025-07-22,True
2290,Particular,CABA Sur,2024-10-24,False
2291,Particular,CABA Norte,2025-09-01,True
2292,Particular,Zona Sur GBA,2024-05-16,False
2293,Particular,CABA Norte,2025-01-10,False
2294,Particular,CABA Centro,2024-03-27,False
2295,Particular,CABA Centro,2025-02-22,False
2296,Particular,CABA Sur,2026-01-23,False
2297,Particular,CABA Norte,2024-07-17,False
2298,Particular,Zona Oeste GBA,2025-04-07,False
2299,Particular,CABA Norte,2025-03-12,False
2300,Particular,Zona Norte GBA,2024-11-05,False
2301,Frecuente,CABA Norte,2025-08-18,True
2302,Particular,CABA Norte,2026-01-23,False
2303,Particular,Zona Sur GBA,2024-10-07,False
2304,Particular,CABA Centro,2024-11-18,False
2305,Frecuente,Zona Sur GBA,2026-02-02,True
2306,Particular,Zona Norte GBA,2025-12-02,False
2307,Particular,CABA Norte,2024-05-31,True
2308,Particular,Zona Sur GBA,2024-10-28,False
2309,Particular,CABA Centro,2024-10-04,False
2310,Particular,Zona Sur GBA,2025-10-12,True
2311,Particular,CABA Norte,2025-11-18,False
2312,Frecuente,Zona Sur GBA,2024-01-08,False
2313,Particular,CABA Norte,2026-03-17,False
2314,Particular,Zona Norte GBA,2024-08-22,False
2315,VIP,Zona Oeste GBA,2025-11-05,False
2316,Particular,Zona Sur GBA,2025-07-14,False
2317,Particular,Zona Sur GBA,2024-10-28,True
2318,Particular,Zona Oeste GBA,2024-02-07,False
2319,Particular,Zona Sur GBA,2024-05-15,False
2320,Particular,CABA Centro,2026-04-01,False
2321,Frecuente,CABA Centro,2025-02-24,False
2322,Particular,CABA Centro,2024-08-06,False
2323,Particular,CABA Sur,2024-12-13,False
2324,Particular,CABA Sur,2026-03-18,False
2325,Frecuente,Zona Norte GBA,2025-06-29,True
2326,VIP,CABA Norte,2026-05-13,True
2327,Frecuente,Zona Oeste GBA,2024-03-19,True
2328,Particular,CABA Norte,2026-01-17,False
2329,Particular,CABA Centro,2026-06-13,True
2330,Particular,Zona Norte GBA,2024-09-29,False
2331,Particular,Zona Oeste GBA,2024-06-09,True
2332,Particular,Zona Oeste GBA,2025-11-17,False
2333,Particular,Zona Oeste GBA,2026-05-27,False
2334,Particular,CABA Norte,2024-11-03,False
2335,Particular,Zona Norte GBA,2025-01-08,False
2336,Particular,CABA Norte,2026-01-02,False
2337,Particular,CABA Sur,2024-01-09,False
2338,Particular,CABA Sur,2026-03-11,False
2339,Particular,CABA Norte,2025-03-19,True
2340,Particular,CABA Centro,2024-04-22,False
2341,Frecuente,Zona Sur GBA,2024-07-23,True
2342,Particular,Zona Sur GBA,2025-02-08,False
2343,Particular,CABA Sur,2025-11-28,False
2344,Particular,CABA Norte,2026-05-02,False
2345,VIP,CABA Norte,2024-07-15,True
2346,Particular,CABA Sur,2026-02-16,False
2347,Particular,Zona Sur GBA,2026-02-12,False
2348,Particular,CABA Norte,2026-01-29,False
2349,Particular,Zona Oeste GBA,2024-04-24,False
2350,Particular,CABA Norte,2024-04-30,False
2351,Particular,Zona Sur GBA,2025-10-14,False
2352,Frecuente,CABA Sur,2024-03-05,False
2353,Particular,Zona Oeste GBA,2024-10-02,True
2354,Frecuente,CABA Sur,2026-04-04,True
2355,Frecuente,Zona Norte GBA,2024-08-26,True
2356,Particular,CABA Centro,2024-10-28,False
2357,Frecuente,CABA Norte,2025-01-26,True
2358,Particular,Zona Sur GBA,2025-06-05,False
2359,Particular,Zona Sur GBA,2025-01-03,False
2360,Particular,Zona Sur GBA,2024-08-20,False
2361,Particular,Zona Norte GBA,2024-07-13,False
2362,Particular,Zona Oeste GBA,2026-06-25,False
2363,Particular,CABA Norte,2024-01-12,False
2364,Particular,CABA Sur,2026-06-24,True
2365,Particular,CABA Centro,2025-11-19,False
2366,Particular,Zona Norte GBA,2024-06-25,False
2367,Particular,CABA Sur,2024-08-04,True
2368,Particular,CABA Norte,2024-01-11,True
2369,Particular,Zona Norte GBA,2025-03-21,False
2370,Frecuente,Zona Oeste GBA,2025-09-21,True
2371,Particular,CABA Sur,2024-06-12,True
2372,Frecuente,CABA Norte,2025-07-04,True
2373,Particular,CABA Centro,2024-02-22,False
2374,Particular,CABA Centro,2024-08-05,False
2375,Particular,CABA Centro,2025-12-18,False
2376,Particular,Zona Oeste GBA,2026-04-03,False
2377,Particular,Zona Norte GBA,2024-12-25,False
2378,Frecuente,Zona Oeste GBA,2025-01-19,False
2379,Particular,CABA Sur,2024-02-25,False
2380,Frecuente,Zona Sur GBA,2024-04-27,True
2381,Frecuente,CABA Centro,2026-06-18,True
2382,Frecuente,Zona Norte GBA,2024-09-09,True
2383,Frecuente,Zona Oeste GBA,2026-03-08,True
2384,Particular,CABA Centro,2026-02-18,False
2385,Particular,CABA Norte,2026-03-13,False
2386,Particular,Zona Sur GBA,2026-04-24,False
2387,Particular,CABA Sur,2024-06-28,False
2388,Particular,Zona Oeste GBA,2025-02-18,False
2389,Particular,CABA Norte,2026-05-19,False
2390,Particular,Zona Oeste GBA,2024-08-22,False
2391,Particular,CABA Centro,2026-05-04,True
2392,Particular,CABA Norte,2025-12-08,True
2393,Particular,Zona Norte GBA,2026-03-30,False
2394,Particular,CABA Centro,2024-03-20,True
2395,Frecuente,CABA Sur,2025-10-08,True
2396,Particular,CABA Norte,2024-01-22,True
2397,Particular,CABA Norte,2025-04-21,False
2398,Particular,CABA Centro,2026-04-22,True
2399,Particular,CABA Norte,2025-03-15,False
2400,Particular,Zona Sur GBA,2026-01-06,True
2401,Particular,CABA Norte,2025-07-23,True
2402,Particular,Zona Norte GBA,2024-04-02,True
2403,Particular,CABA Norte,2024-07-10,False
2404,Particular,CABA Centro,2024-04-12,True
2405,Particular,Zona Sur GBA,2025-01-30,False
2406,Particular,CABA Norte,2024-01-07,True
2407,Particular,Zona Sur GBA,2025-10-01,True
2408,Particular,CABA Centro,2025-07-20,False
2409,VIP,Zona Oeste GBA,2024-08-18,False
2410,Particular,Zona Norte GBA,2026-05-23,False
2411,Particular,Zona Sur GBA,2025-07-27,False
2412,Particular,Zona Norte GBA,2024-08-27,False
2413,Particular,Zona Norte GBA,2024-03-30,False
2414,Particular,CABA Centro,2024-08-19,False
2415,Particular,CABA Norte,2025-04-01,False
2416,VIP,Zona Sur GBA,2024-08-20,True
2417,Particular,CABA Sur,2024-12-19,False
2418,Particular,CABA Sur,2024-11-28,False
2419,Particular,Zona Oeste GBA,2025-03-14,False
2420,Particular,CABA Sur,2025-01-09,True
2421,Particular,Zona Sur GBA,2024-10-18,False
2422,Particular,Zona Oeste GBA,2024-12-10,False
2423,Frecuente,Zona Norte GBA,2025-10-25,True
2424,Particular,Zona Sur GBA,2025-03-03,True
2425,Particular,CABA Norte,2025-10-18,False
2426,Frecuente,CABA Centro,2024-05-09,True
2427,Particular,Zona Norte GBA,2024-05-20,False
2428,VIP,CABA Centro,2025-02-18,True
2429,Particular,Zona Oeste GBA,2024-04-02,False
2430,Frecuente,Zona Sur GBA,2025-09-17,True
2431,Particular,CABA Sur,2024-10-10,True
2432,Frecuente,CABA Sur,2025-10-16,True
2433,VIP,Zona Sur GBA,2024-08-10,True
2434,Particular,Zona Norte GBA,2026-01-13,True
2435,VIP,Zona Norte GBA,2025-04-07,False
2436,Particular,CABA Sur,2025-06-28,False
2437,Particular,Zona Sur GBA,2024-10-02,False
2438,Particular,Zona Norte GBA,2025-11-12,True
2439,Particular,Zona Oeste GBA,2024-05-19,False
2440,Particular,Zona Oeste GBA,2024-12-22,False
2441,Particular,CABA Sur,2025-12-13,False
2442,Particular,CABA Sur,2024-01-23,False
2443,Frecuente,Zona Sur GBA,2026-01-05,False
2444,Frecuente,CABA Sur,2026-05-29,True
2445,Particular,Zona Oeste GBA,2024-09-26,True
2446,Particular,Zona Sur GBA,2026-05-08,False
2447,Particular,Zona Norte GBA,2025-10-26,False
2448,Particular,Zona Oeste GBA,2024-11-28,True
2449,Particular,Zona Oeste GBA,2024-03-25,False
2450,Particular,Zona Sur GBA,2025-09-12,False
2451,Particular,CABA Sur,2024-01-31,False
2452,VIP,CABA Norte,2026-01-10,True
2453,Particular,CABA Sur,2024-08-27,True
2454,Particular,Zona Oeste GBA,2026-06-08,False
2455,Particular,Zona Norte GBA,2024-12-28,False
2456,Particular,Zona Oeste GBA,2026-04-01,False
2457,Particular,CABA Sur,2025-01-23,False
2458,Particular,Zona Norte GBA,2025-10-14,False
2459,Particular,CABA Centro,2025-10-29,False
2460,Particular,Zona Oeste GBA,2024-10-25,False
2461,VIP,Zona Norte GBA,2026-05-06,True
2462,Frecuente,CABA Centro,2025-01-05,True
2463,Particular,CABA Centro,2024-04-08,False
2464,Particular,Zona Oeste GBA,2024-02-16,False
2465,Particular,Zona Norte GBA,2026-04-18,False
2466,Particular,CABA Centro,2025-02-25,False
2467,Particular,Zona Sur GBA,2025-04-24,False
2468,Particular,Zona Oeste GBA,2025-08-01,False
2469,Particular,Zona Sur GBA,2024-03-02,False
2470,Particular,CABA Sur,2024-04-18,False
2471,Particular,Zona Norte GBA,2025-11-09,False
2472,VIP,Zona Sur GBA,2025-07-02,True
2473,Frecuente,Zona Norte GBA,2024-04-28,True
2474,Frecuente,Zona Oeste GBA,2025-08-20,True
2475,Particular,CABA Centro,2025-01-16,False
2476,Frecuente,Zona Norte GBA,2025-01-26,True
2477,Particular,CABA Norte,2024-02-21,False
2478,Frecuente,CABA Centro,2025-08-25,True
2479,Particular,CABA Norte,2024-10-15,False
2480,Frecuente,CABA Norte,2024-12-02,True
2481,Particular,Zona Sur GBA,2026-03-20,False
2482,Frecuente,CABA Centro,2024-07-22,True
2483,VIP,Zona Oeste GBA,2026-05-29,True
2484,Particular,Zona Sur GBA,2024-08-25,False
2485,Particular,Zona Norte GBA,2025-01-16,False
2486,VIP,CABA Norte,2025-10-28,True
2487,Particular,Zona Oeste GBA,2026-01-21,True
2488,Frecuente,Zona Norte GBA,2024-05-15,False
2489,Particular,Zona Oeste GBA,2025-02-10,False
2490,Particular,Zona Oeste GBA,2025-05-22,False
2491,Particular,Zona Sur GBA,2024-12-27,False
2492,Particular,Zona Norte GBA,2025-01-15,False
2493,Frecuente,CABA Sur,2026-05-30,True
2494,Particular,Zona Oeste GBA,2025-07-29,False
2495,Particular,CABA Norte,2025-09-26,False
2496,Particular,Zona Sur GBA,2024-09-10,False
2497,Particular,CABA Norte,2025-04-21,True
2498,Frecuente,CABA Sur,2024-04-23,False
2499,VIP,Zona Oeste GBA,2024-01-20,False
2500,Particular,Zona Norte GBA,2025-06-11,False
