attempt_id,shipment_id,attempt_number,attempt_at,attempt_outcome,was_successful
1,1,1,2026-08-18 20:30:39.153816054,Entregado,True
2,2,1,2025-01-14 20:10:50.666796480,Domicilio incorrecto,False
3,2,2,2025-01-16 07:03:41.333592956,Entregado,True
4,3,1,2026-05-16 09:29:12.617286100,Entregado,True
5,4,1,2026-03-23 03:19:53.459018029,Domicilio incorrecto,False
6,4,2,2026-03-24 22:28:22.918036054,Entregado,True
7,5,1,2025-11-21 13:54:23.378202687,Entregado,True
8,6,1,2026-08-22 05:02:27.943658289,Entregado,True
9,7,1,2026-08-23 12:27:57.767952578,Entregado,True
10,8,1,2025-06-08 00:52:46.496717418,Entregado,True
11,9,1,2026-08-02 20:48:03.234621999,Entregado,True
12,10,1,2026-07-12 15:32:57.507528476,Entregado,True
13,11,1,2026-02-12 11:18:51.134703735,Entregado,True
14,12,1,2025-06-10 09:54:54.356839452,Entregado,True
15,13,1,2025-07-06 17:58:06.473682890,Entregado,True
16,14,1,2026-05-09 13:30:35.805304519,Entregado,True
17,15,1,2026-06-21 18:04:48.667208700,Entregado,True
18,16,1,2025-12-26 01:41:20.132143144,Entregado,True
19,17,1,2025-12-30 22:29:15.849980080,Reprogramado,False
20,17,2,2026-01-02 04:13:31.699960158,Entregado,True
21,18,1,2025-07-25 18:17:16.942097594,Domicilio incorrecto,False
22,18,2,2025-07-28 08:06:57.884195188,Entregado,True
23,19,1,2025-01-10 10:33:56.128402695,Entregado,True
24,20,1,2026-04-18 00:14:14.902892620,Entregado,True
25,21,1,2025-06-21 20:03:50.819833382,Entregado,True
26,22,1,2025-04-09 06:48:54.731384420,Entregado,True
27,23,1,2026-09-03 20:21:22.651364422,Entregado,True
28,24,1,2025-11-04 13:50:42.209042481,Entregado,True
29,25,1,2025-09-18 18:20:22.015455093,Entregado,True
30,26,1,2026-04-23 06:39:45.330299208,Entregado,True
31,27,1,2025-10-30 13:28:04.189893286,Entregado,True
32,28,1,2026-04-11 15:33:31.812060333,Cliente ausente,False
33,28,2,2026-04-12 23:58:39.624120670,Entregado,True
34,29,1,2025-11-25 16:52:31.532680099,Entregado,True
35,30,1,2025-04-21 03:16:12.839425658,Cliente ausente,False
36,30,2,2025-04-21 18:13:13.678851316,Entregado,True
37,31,1,2025-05-14 06:05:51.755284107,Entregado,True
38,32,1,2025-05-18 01:10:15.231099367,Entregado,True
39,33,1,2026-06-28 17:02:22.073020000,Entregado,True
40,34,1,2025-12-17 04:33:14.462734240,Entregado,True
41,35,1,2026-04-12 12:35:57.598590980,Entregado,True
42,36,1,2026-05-21 13:50:15.588331234,Entregado,True
43,37,1,2025-05-31 12:33:36.000000000,Cliente ausente,False
44,37,2,2025-05-31 14:33:36.000000000,Domicilio incorrecto,False
45,37,3,2025-05-31 16:33:36.000000000,Entregado,True
46,38,1,2025-09-07 06:10:10.824447039,Entregado,True
47,39,1,2025-04-22 02:58:34.912275286,Entregado,True
48,40,1,2025-10-04 19:43:27.134953935,Entregado,True
49,41,1,2025-03-12 02:11:29.445407829,Entregado,True
50,42,1,2025-02-19 19:29:44.825031171,Entregado,True
51,43,1,2025-08-15 00:40:14.366475519,Entregado,True
52,44,1,2026-08-04 11:53:28.912233231,Entregado,True
53,45,1,2026-05-23 13:49:00.399658569,Entregado,True
54,46,1,2025-06-05 10:05:41.807436435,Entregado,True
55,47,1,2026-04-27 22:42:42.981161335,Entregado,True
56,48,1,2025-04-23 17:10:07.910163040,Entregado,True
57,49,1,2026-05-01 12:58:26.682855020,Entregado,True
58,50,1,2025-10-04 09:51:49.125288398,Entregado,True
59,51,1,2025-06-19 17:59:17.581915201,Entregado,True
60,52,1,2025-01-22 18:34:39.069062317,Entregado,True
61,53,1,2025-12-11 11:58:48.000000000,Entregado,True
62,54,1,2026-07-24 03:33:41.769673891,Acceso restringido,False
63,54,2,2026-07-24 20:35:35.539347786,Entregado,True
64,55,1,2025-10-24 03:23:49.122984350,Entregado,True
65,56,1,2025-12-07 15:35:26.145289377,Entregado,True
66,57,1,2026-03-30 01:45:58.278896848,Entregado,True
67,58,1,2025-12-11 21:06:22.158259311,Entregado,True
68,59,1,2025-03-29 10:49:42.668458510,Entregado,True
69,60,1,2026-01-24 19:39:25.327199995,Entregado,True
70,61,1,2025-08-17 11:42:58.452756285,Entregado,True
71,62,1,2025-10-16 18:02:22.446046017,Entregado,True
72,63,1,2025-10-14 11:41:50.684679844,Entregado,True
73,64,1,2025-04-22 07:36:59.220845942,Entregado,True
74,65,1,2025-05-19 13:47:07.085408865,Entregado,True
75,66,1,2025-10-19 09:43:12.753610104,Entregado,True
76,67,1,2026-05-27 17:06:09.319526722,Entregado,True
77,68,1,2025-02-01 11:43:36.088445539,Entregado,True
78,69,1,2026-02-01 14:21:06.427824811,Entregado,True
79,70,1,2025-01-29 08:50:08.623783359,Reprogramado,False
80,70,2,2025-01-31 04:22:17.247566719,Entregado,True
81,71,1,2026-04-14 22:55:59.337013778,Entregado,True
82,72,1,2025-01-17 21:51:09.321245550,Entregado,True
83,73,1,2026-07-10 22:41:13.156171900,Entregado,True
84,74,1,2026-03-24 16:10:51.545860665,Entregado,True
85,75,1,2025-08-15 08:18:34.010299422,Entregado,True
86,76,1,2026-04-12 01:36:17.923107189,Entregado,True
87,77,1,2025-01-24 05:21:37.728247078,Entregado,True
88,78,1,2026-01-22 22:25:06.666626348,Domicilio incorrecto,False
89,78,2,2026-01-23 05:27:25.333252696,Entregado,True
90,79,1,2026-04-14 16:41:48.140979594,Cliente ausente,False
91,79,2,2026-04-16 14:38:00.281959191,Entregado,True
92,80,1,2025-08-13 19:13:09.903183495,Reprogramado,False
93,80,2,2025-08-14 08:43:43.806366987,Reprogramado,False
94,80,3,2025-08-14 22:14:17.709550483,Entregado,True
95,81,1,2026-04-06 12:11:58.234887510,Entregado,True
96,82,1,2026-04-26 22:20:24.000000000,Entregado,True
97,83,1,2025-06-30 18:31:41.778832666,Entregado,True
98,84,1,2026-06-25 12:46:21.548810701,Entregado,True
99,85,1,2026-06-15 18:52:11.474285379,Entregado,True
100,86,1,2025-01-25 19:13:44.472233085,Entregado,True
101,87,1,2025-12-13 06:07:45.011418898,Entregado,True
102,88,1,2026-08-03 13:04:20.150951851,Entregado,True
103,89,1,2025-01-23 09:37:13.174964781,Domicilio incorrecto,False
104,89,2,2025-01-24 20:23:26.349929566,Entregado,True
105,90,1,2026-02-15 18:12:01.425276716,Entregado,True
106,91,1,2026-05-03 14:02:18.018566995,Entregado,True
107,92,1,2026-06-16 13:39:02.409098835,Entregado,True
108,93,1,2026-02-23 05:54:08.892505814,Entregado,True
109,94,1,2025-09-30 12:24:56.106254595,Entregado,True
110,95,1,2025-07-27 16:32:04.591673642,Entregado,True
111,96,1,2026-07-10 10:48:55.415052147,Entregado,True
112,97,1,2025-04-21 04:00:53.401126248,Entregado,True
113,98,1,2025-06-04 22:20:29.362435947,Entregado,True
114,99,1,2025-01-14 08:39:54.851815342,Entregado,True
115,100,1,2026-07-11 03:52:59.045761984,Entregado,True
116,101,1,2025-06-19 19:22:23.072513282,Entregado,True
117,102,1,2025-09-08 17:58:59.746349154,Entregado,True
118,103,1,2025-05-06 04:52:47.831290532,Entregado,True
119,104,1,2026-01-24 05:59:59.930112404,Entregado,True
120,105,1,2026-03-17 21:24:20.553577613,Cliente ausente,False
121,105,2,2026-03-19 13:31:53.107155227,Entregado,True
122,106,1,2025-10-01 00:53:09.049377346,Entregado,True
123,107,1,2025-10-29 15:34:59.047887453,Entregado,True
124,108,1,2026-04-22 13:09:41.596870176,Entregado,True
125,109,1,2025-06-10 04:17:18.331695114,Entregado,True
126,110,1,2025-08-18 11:36:32.628479176,Entregado,True
127,111,1,2026-02-27 05:42:12.707761294,Entregado,True
128,112,1,2025-01-27 19:05:37.130465889,Entregado,True
129,113,1,2026-06-23 13:06:20.436667718,Cliente ausente,False
130,113,2,2026-06-24 22:05:28.873335436,Entregado,True
131,114,1,2026-07-27 21:17:00.070066518,Entregado,True
132,115,1,2026-06-25 10:10:50.891520061,Entregado,True
133,116,1,2025-05-10 02:52:34.930898868,Entregado,True
134,117,1,2025-04-05 05:50:00.428614029,Cliente ausente,False
135,117,2,2025-04-06 05:29:12.857228059,Entregado,True
136,118,1,2026-02-26 02:23:28.541530284,Reprogramado,False
137,118,2,2026-02-26 23:49:57.083060571,Cliente ausente,False
138,118,3,2026-02-27 21:16:25.624590855,Entregado,True
139,119,1,2025-10-01 17:03:24.268081464,Entregado,True
140,120,1,2026-04-30 14:44:28.278125156,Entregado,True
141,121,1,2025-01-07 17:21:16.355650122,Entregado,True
142,122,1,2025-06-09 12:48:54.077354982,Entregado,True
143,123,1,2025-02-24 03:06:14.000328007,Entregado,True
144,124,1,2025-09-04 15:45:51.527956935,Entregado,True
145,125,1,2026-03-02 18:54:55.235163427,Entregado,True
146,126,1,2025-03-25 04:52:27.207521508,Entregado,True
147,127,1,2025-12-23 09:53:15.919586080,Entregado,True
148,128,1,2025-10-22 08:06:34.545537666,Entregado,True
149,129,1,2025-04-29 15:51:15.970733035,Entregado,True
150,130,1,2026-06-15 12:29:01.297233981,Entregado,True
151,131,1,2026-04-28 00:14:46.715127014,Entregado,True
152,132,1,2025-10-17 00:19:16.804487042,Cliente ausente,False
153,132,2,2025-10-18 18:49:21.608974084,Entregado,True
154,133,1,2026-04-26 05:38:20.369729922,Entregado,True
155,134,1,2025-01-30 17:34:47.652165292,Entregado,True
156,135,1,2026-03-11 15:17:27.997978797,Entregado,True
157,136,1,2025-10-06 00:44:48.433630495,Entregado,True
158,137,1,2025-11-18 00:37:49.351828234,Entregado,True
159,138,1,2025-12-25 08:49:57.713278317,Entregado,True
160,139,1,2025-12-12 04:05:12.198992089,Entregado,True
161,140,1,2026-03-08 15:24:20.393688628,Entregado,True
162,141,1,2026-07-14 19:22:42.252683836,Entregado,True
163,142,1,2026-07-17 12:43:36.656426024,Entregado,True
164,143,1,2026-03-17 13:45:37.510773318,Entregado,True
165,144,1,2026-04-07 20:16:49.081064361,Entregado,True
166,145,1,2025-09-29 06:46:51.197702214,Entregado,True
167,146,1,2026-03-10 08:23:16.821064100,Entregado,True
168,147,1,2025-01-26 11:21:16.876389963,Entregado,True
169,148,1,2025-05-24 07:09:43.780691563,Cliente ausente,False
170,148,2,2025-05-24 17:26:39.561383130,Entregado,True
171,149,1,2025-12-22 02:14:51.114739286,Entregado,True
172,150,1,2026-04-14 05:08:02.073875355,Entregado,True
173,151,1,2026-04-12 06:22:22.584419932,Entregado,True
174,152,1,2026-01-31 16:32:17.230003227,Entregado,True
175,153,1,2025-02-28 00:30:31.819396762,Entregado,True
176,154,1,2025-05-07 13:16:15.545498602,Entregado,True
177,155,1,2026-04-10 16:51:01.875193433,Entregado,True
178,156,1,2025-02-22 20:27:52.540054412,Entregado,True
179,157,1,2025-09-30 07:34:23.553674662,Entregado,True
180,158,1,2025-04-09 17:55:50.112818378,Entregado,True
181,159,1,2025-10-02 17:47:11.111260768,Entregado,True
182,160,1,2025-11-21 21:44:38.735870506,Entregado,True
183,161,1,2026-07-30 03:30:39.347770993,Entregado,True
184,162,1,2025-05-16 00:58:49.053598784,Entregado,True
185,163,1,2025-04-03 00:18:17.332065277,Entregado,True
186,164,1,2025-01-07 20:15:40.589339749,Entregado,True
187,165,1,2025-12-27 07:18:27.727395742,Entregado,True
188,166,1,2025-12-11 15:24:16.092081284,Reprogramado,False
189,166,2,2025-12-13 17:05:56.184162572,Entregado,True
190,167,1,2025-07-25 01:51:32.951446923,Entregado,True
191,168,1,2026-07-30 13:27:14.657501008,Entregado,True
192,169,1,2026-04-19 08:38:26.779672539,Entregado,True
193,170,1,2026-04-11 22:14:42.523036288,Entregado,True
194,171,1,2026-05-15 08:28:58.537769250,Entregado,True
195,172,1,2025-03-04 21:33:28.597000993,Cliente ausente,False
196,172,2,2025-03-05 10:45:57.194001982,Entregado,True
197,173,1,2026-07-11 16:50:59.856264945,Cliente ausente,False
198,173,2,2026-07-12 20:30:35.712529891,Entregado,True
199,174,1,2026-06-28 13:25:47.394618175,Entregado,True
200,175,1,2025-07-19 20:15:12.197744431,Entregado,True
201,176,1,2025-02-03 04:24:59.703516633,Entregado,True
202,177,1,2025-07-29 04:58:28.580526210,Entregado,True
203,178,1,2025-03-09 02:12:20.991231629,Entregado,True
204,179,1,2025-02-28 04:43:05.595207819,Cliente ausente,False
205,179,2,2025-03-01 11:50:47.190415635,Entregado,True
206,180,1,2026-03-11 21:14:55.006998453,Entregado,True
207,181,1,2025-11-05 05:18:32.771745536,Reprogramado,False
208,181,2,2025-11-05 16:42:29.543491072,Domicilio incorrecto,False
209,181,3,2025-11-06 04:06:26.315236605,Entregado,True
210,182,1,2026-07-30 13:48:22.143769732,Entregado,True
211,183,1,2026-04-14 17:38:24.427961386,Entregado,True
212,184,1,2026-09-02 01:31:07.914709628,Entregado,True
213,185,1,2025-04-19 08:21:03.495529306,Entregado,True
214,186,1,2026-08-25 12:19:36.939259956,Entregado,True
215,187,1,2025-10-28 20:20:15.215467491,Cliente ausente,False
216,187,2,2025-10-29 02:14:42.430934983,Entregado,True
217,188,1,2025-02-19 17:46:07.716421984,Entregado,True
218,189,1,2025-03-22 15:11:51.227432235,Entregado,True
219,190,1,2025-05-10 07:02:05.830522584,Entregado,True
220,191,1,2025-09-27 10:25:55.632968382,Entregado,True
221,192,1,2026-08-27 21:57:53.642711851,Entregado,True
222,193,1,2026-08-09 07:45:05.116299973,Cliente ausente,False
223,193,2,2026-08-10 07:25:58.232599946,Entregado,True
224,194,1,2026-02-26 23:39:37.840541720,Entregado,True
225,195,1,2025-06-14 08:04:08.205186111,Entregado,True
226,196,1,2025-03-01 09:12:24.996352550,Entregado,True
227,197,1,2026-01-21 07:45:22.757309305,Entregado,True
228,198,1,2026-05-26 05:38:43.103709326,Entregado,True
229,199,1,2026-03-08 09:33:48.754209438,Entregado,True
230,200,1,2025-12-09 20:58:58.864418619,Entregado,True
231,201,1,2026-08-02 15:01:25.158488044,Entregado,True
232,202,1,2025-01-26 20:42:50.144535723,Entregado,True
233,203,1,2026-01-12 07:57:54.814073378,Entregado,True
234,204,1,2026-06-18 12:22:39.583479745,Entregado,True
235,205,1,2025-09-26 18:45:26.741471486,Entregado,True
236,206,1,2026-03-11 16:40:33.456831578,Entregado,True
237,207,1,2025-01-22 12:57:53.530036243,Entregado,True
238,208,1,2025-05-24 09:29:44.154487068,Entregado,True
239,209,1,2025-03-09 11:29:05.407927382,Entregado,True
240,210,1,2026-06-15 16:42:39.847849189,Entregado,True
241,211,1,2026-01-07 03:58:25.211236483,Entregado,True
242,212,1,2026-08-03 21:30:07.169969073,Entregado,True
243,213,1,2026-08-06 15:35:28.563032050,Entregado,True
244,214,1,2025-07-24 14:03:41.531599616,Entregado,True
245,215,1,2026-02-16 03:27:36.473124999,Entregado,True
246,216,1,2025-04-26 17:59:45.942729270,Entregado,True
247,217,1,2025-05-18 11:48:25.665940065,Cliente ausente,False
248,217,2,2025-05-19 03:38:03.331880127,Reprogramado,False
249,217,3,2025-05-19 19:27:40.997820193,Entregado,True
250,218,1,2025-07-12 06:52:09.661116277,Entregado,True
251,219,1,2025-10-06 21:18:39.522467210,Entregado,True
252,220,1,2025-04-14 21:37:52.251878618,Entregado,True
253,221,1,2025-04-18 22:40:32.823621141,Entregado,True
254,222,1,2026-07-29 13:31:26.288007229,Cliente ausente,False
255,222,2,2026-07-29 22:26:52.576014462,Cliente ausente,False
256,222,3,2026-07-30 07:22:18.864021691,Entregado,True
257,223,1,2025-06-26 00:48:14.779023368,Entregado,True
258,224,1,2025-11-28 16:09:32.357071616,Entregado,True
259,225,1,2025-07-10 23:09:31.731400562,Reprogramado,False
260,225,2,2025-07-11 15:59:15.462801121,Entregado,True
261,226,1,2025-08-14 23:22:42.308524210,Entregado,True
262,227,1,2025-11-22 04:44:37.112647725,Entregado,True
263,228,1,2026-07-02 10:52:12.000000000,Entregado,True
264,229,1,2025-05-18 08:51:30.681873633,Entregado,True
265,230,1,2025-02-07 15:40:17.761520899,Cliente ausente,False
266,230,2,2025-02-08 14:04:23.523041798,Entregado,True
267,231,1,2025-04-06 01:59:08.515134081,Entregado,True
268,232,1,2025-03-19 04:39:26.122126741,Entregado,True
269,233,1,2025-07-03 05:32:30.709520033,Cliente ausente,False
270,233,2,2025-07-04 03:30:13.419040067,Entregado,True
271,234,1,2026-04-05 06:12:00.216893199,Cliente ausente,False
272,234,2,2026-04-06 04:27:00.433786395,Reprogramado,False
273,234,3,2026-04-07 02:42:00.650679595,Entregado,True
274,235,1,2026-02-14 11:01:41.396508253,Entregado,True
275,236,1,2025-07-28 02:26:13.610634583,Entregado,True
276,237,1,2025-09-05 23:21:40.785001308,Entregado,True
277,238,1,2025-12-02 05:03:41.742169783,Entregado,True
278,239,1,2026-06-11 13:46:16.310051547,Entregado,True
279,240,1,2025-10-02 14:17:08.786461992,Entregado,True
280,241,1,2026-01-16 19:42:20.376961171,Entregado,True
281,242,1,2025-01-27 05:24:48.476225016,Cliente ausente,False
282,242,2,2025-01-28 00:40:00.952450032,Entregado,True
283,243,1,2026-06-28 21:33:10.878804496,Entregado,True
284,244,1,2025-04-05 17:24:17.718190052,Entregado,True
285,245,1,2026-04-23 20:05:42.057167211,Entregado,True
286,246,1,2025-07-10 02:23:06.767177301,Entregado,True
287,247,1,2026-07-26 01:21:21.022406175,Entregado,True
288,248,1,2025-07-17 01:18:50.871216546,Entregado,True
289,249,1,2026-06-20 07:25:18.484994161,Cliente ausente,False
290,249,2,2026-06-22 04:27:12.969988322,Entregado,True
291,250,1,2025-03-28 17:20:17.100632594,Entregado,True
292,251,1,2026-08-16 10:55:52.112645137,Domicilio incorrecto,False
293,251,2,2026-08-17 14:28:56.225290270,Reprogramado,False
294,251,3,2026-08-18 18:02:00.337935408,Entregado,True
295,252,1,2025-03-20 01:02:51.680500749,Entregado,True
296,253,1,2025-11-27 15:00:22.040173638,Acceso restringido,False
297,253,2,2025-11-29 01:07:20.080347276,Entregado,True
298,254,1,2026-03-12 21:40:10.311602685,Entregado,True
299,255,1,2026-01-17 09:33:50.042858806,Entregado,True
300,256,1,2025-12-11 16:09:13.494322155,Entregado,True
301,257,1,2025-06-29 16:16:51.687241212,Entregado,True
302,258,1,2026-03-05 16:10:21.052907486,Entregado,True
303,259,1,2026-03-02 14:32:24.341375547,Entregado,True
304,260,1,2025-06-25 21:54:42.399574962,Entregado,True
305,261,1,2026-02-12 19:07:26.238109324,Entregado,True
306,262,1,2025-03-24 20:59:29.359757331,Entregado,True
307,263,1,2025-01-23 08:03:10.258614558,Entregado,True
308,264,1,2026-02-03 01:53:44.241464256,Entregado,True
309,265,1,2025-11-27 14:34:28.319783905,Cliente ausente,False
310,265,2,2025-11-29 01:47:20.639567810,Entregado,True
311,266,1,2025-08-15 14:36:08.724441117,Entregado,True
312,267,1,2026-03-16 01:48:11.217172482,Entregado,True
313,268,1,2025-09-30 18:18:04.175194752,Entregado,True
314,269,1,2025-10-10 05:50:19.536261590,Entregado,True
315,270,1,2025-08-14 23:58:55.378817590,Entregado,True
316,271,1,2026-08-12 02:04:33.817143298,Entregado,True
317,272,1,2026-05-28 11:48:23.600913004,Entregado,True
318,273,1,2025-12-12 05:54:22.843950004,Entregado,True
319,274,1,2025-02-15 17:10:27.462175957,Entregado,True
320,275,1,2025-06-25 23:39:46.923190214,Entregado,True
321,276,1,2025-09-04 04:23:40.344336621,Entregado,True
322,277,1,2025-10-04 13:57:20.825799742,Entregado,True
323,278,1,2025-12-01 13:53:00.314748834,Entregado,True
324,279,1,2026-08-29 20:52:35.227602660,Cliente ausente,False
325,279,2,2026-09-01 05:49:58.455205320,Entregado,True
326,280,1,2025-01-14 13:01:41.202772460,Entregado,True
327,281,1,2025-06-03 15:31:42.635405283,Entregado,True
328,282,1,2025-07-08 14:38:24.000000000,Entregado,True
329,283,1,2025-08-03 07:00:53.244683560,Entregado,True
330,284,1,2025-04-11 23:51:32.892738613,Entregado,True
331,285,1,2025-12-05 23:52:21.059153176,Entregado,True
332,286,1,2025-02-19 17:48:33.334466410,Entregado,True
333,287,1,2025-03-02 03:17:54.012545224,Entregado,True
334,288,1,2025-03-19 07:18:14.464296684,Entregado,True
335,289,1,2025-09-15 15:45:56.021703260,Entregado,True
336,290,1,2026-07-26 04:26:40.295328680,Domicilio incorrecto,False
337,290,2,2026-07-26 14:49:08.590657357,Entregado,True
338,291,1,2026-08-23 10:25:10.894761512,Entregado,True
339,292,1,2025-06-21 19:01:45.124103244,Entregado,True
340,293,1,2025-05-28 08:53:21.428955488,Entregado,True
341,294,1,2025-02-05 00:52:52.562371450,Entregado,True
342,295,1,2026-06-03 15:15:34.839005004,Entregado,True
343,296,1,2025-09-18 16:09:12.852573692,Entregado,True
344,297,1,2025-05-08 14:15:23.959576202,Cliente ausente,False
345,297,2,2025-05-10 11:17:35.919152401,Entregado,True
346,298,1,2025-04-27 04:40:31.319822996,Entregado,True
347,299,1,2025-12-09 02:59:30.589945382,Entregado,True
348,300,1,2025-02-19 07:02:03.042578263,Entregado,True
349,301,1,2026-01-01 23:48:41.601368872,Entregado,True
350,302,1,2026-02-05 05:40:55.041998257,Entregado,True
351,303,1,2025-07-16 04:38:40.589059830,Entregado,True
352,304,1,2025-11-18 08:33:05.614565778,Entregado,True
353,305,1,2025-05-21 03:51:18.861707563,Entregado,True
354,306,1,2025-03-13 12:47:19.552222849,Entregado,True
355,307,1,2026-08-06 10:09:09.031798990,Entregado,True
356,308,1,2026-04-30 23:09:06.505289539,Entregado,True
357,309,1,2025-03-04 02:35:18.249073519,Entregado,True
358,310,1,2026-01-25 22:53:39.647803268,Cliente ausente,False
359,310,2,2026-01-27 09:14:19.295606540,Entregado,True
360,311,1,2025-12-19 18:31:20.914581982,Entregado,True
361,312,1,2025-12-06 07:02:30.198024402,Entregado,True
362,313,1,2026-08-19 20:16:12.000000000,Entregado,True
363,314,1,2026-03-14 12:59:06.636104646,Entregado,True
364,315,1,2026-03-28 17:29:35.426954842,Entregado,True
365,316,1,2026-01-12 22:08:30.004382104,Reprogramado,False
366,316,2,2026-01-13 14:30:12.008764209,Entregado,True
367,317,1,2026-01-28 23:30:29.550910088,Entregado,True
368,318,1,2026-04-27 13:19:22.248340118,Entregado,True
369,319,1,2025-04-26 05:31:08.185941285,Entregado,True
370,320,1,2025-06-25 11:48:42.795130258,Entregado,True
371,321,1,2025-01-20 09:17:13.403705146,Entregado,True
372,322,1,2025-08-23 16:05:41.544357367,Cliente ausente,False
373,322,2,2025-08-24 00:05:23.088714738,Entregado,True
374,323,1,2025-11-07 08:22:19.100833402,Acceso restringido,False
375,323,2,2025-11-08 07:41:38.201666802,Entregado,True
376,324,1,2025-10-11 13:08:52.730829340,Entregado,True
377,325,1,2025-07-16 13:31:33.664241553,Cliente ausente,False
378,325,2,2025-07-17 16:16:19.328483107,Entregado,True
379,326,1,2025-04-29 13:20:39.760083970,Entregado,True
380,327,1,2026-02-04 20:14:39.609554434,Entregado,True
381,328,1,2026-02-25 15:43:54.628865525,Entregado,True
382,329,1,2025-10-13 07:52:48.361491983,Entregado,True
383,330,1,2025-11-26 16:12:56.442713734,Entregado,True
384,331,1,2025-12-10 20:29:20.999497538,Entregado,True
385,332,1,2025-08-12 11:15:55.276010665,Entregado,True
386,333,1,2025-01-11 02:56:16.037684246,Entregado,True
387,334,1,2025-10-23 14:26:08.115909388,Entregado,True
388,335,1,2026-01-11 16:47:44.550620952,Entregado,True
389,336,1,2026-06-20 00:43:54.658843676,Entregado,True
390,337,1,2026-02-23 03:22:26.113001494,Entregado,True
391,338,1,2025-04-10 06:51:09.902250086,Reprogramado,False
392,338,2,2025-04-11 09:11:07.804500172,Entregado,True
393,339,1,2026-01-18 08:36:43.147313812,Entregado,True
394,340,1,2026-03-25 08:43:55.049352870,Acceso restringido,False
395,340,2,2026-03-26 20:03:50.098705740,Entregado,True
396,341,1,2026-03-01 17:37:47.084594217,Entregado,True
397,342,1,2025-11-04 19:52:31.091283336,Entregado,True
398,343,1,2025-06-01 03:12:19.307087924,Entregado,True
399,344,1,2026-03-31 12:42:23.115707438,Entregado,True
400,345,1,2025-02-05 07:37:31.342187150,Entregado,True
401,346,1,2026-05-18 11:59:48.622716585,Entregado,True
402,347,1,2025-11-18 06:47:56.892584770,Entregado,True
403,348,1,2025-07-15 03:47:22.886142075,Entregado,True
404,349,1,2025-07-03 00:29:26.394472312,Entregado,True
405,350,1,2026-06-04 09:24:58.810948394,Entregado,True
406,351,1,2026-06-08 17:53:04.455941100,Entregado,True
407,352,1,2025-12-25 16:34:12.480999412,Cliente ausente,False
408,352,2,2025-12-27 16:00:00.961998822,Entregado,True
409,353,1,2026-07-30 16:22:43.462109193,Entregado,True
410,354,1,2026-04-11 00:04:19.080834733,Entregado,True
411,355,1,2025-04-09 11:37:48.000000000,Entregado,True
412,356,1,2025-05-31 21:09:46.236007843,Entregado,True
413,357,1,2026-07-27 10:31:30.443782630,Entregado,True
414,358,1,2025-07-01 21:26:24.000000000,Entregado,True
415,359,1,2026-07-01 10:39:36.000000000,Entregado,True
416,360,1,2025-11-02 04:25:32.951748673,Entregado,True
417,361,1,2026-07-15 02:12:19.270421560,Entregado,True
418,362,1,2026-08-24 15:20:05.973831783,Entregado,True
419,363,1,2025-01-06 00:55:00.237141321,Entregado,True
420,364,1,2025-04-20 03:23:47.888158376,Entregado,True
421,365,1,2025-03-17 10:38:42.963885520,Entregado,True
422,366,1,2025-05-03 05:28:48.085377632,Entregado,True
423,367,1,2026-07-09 12:09:08.469366001,Entregado,True
424,368,1,2025-07-26 14:36:48.403253210,Entregado,True
425,369,1,2025-10-09 18:54:41.303643958,Entregado,True
426,370,1,2025-05-25 15:38:21.899250294,Entregado,True
427,371,1,2025-04-28 10:33:06.514613658,Entregado,True
428,372,1,2026-04-23 03:05:11.859855352,Entregado,True
429,373,1,2025-05-15 18:34:41.316165825,Reprogramado,False
430,373,2,2025-05-16 15:43:34.632331654,Entregado,True
431,374,1,2025-06-21 23:50:31.916107618,Entregado,True
432,375,1,2025-09-02 18:20:46.925747919,Entregado,True
433,376,1,2025-09-16 16:03:36.000000000,Entregado,True
434,377,1,2025-02-17 11:08:01.916434752,Entregado,True
435,378,1,2025-12-13 20:53:35.792199711,Cliente ausente,False
436,378,2,2025-12-15 07:26:11.584399426,Entregado,True
437,379,1,2025-08-29 21:42:14.062284632,Entregado,True
438,380,1,2025-02-25 12:45:52.206439017,Entregado,True
439,381,1,2025-05-31 02:58:50.263070552,Entregado,True
440,382,1,2026-06-19 07:12:37.129441003,Entregado,True
441,383,1,2025-04-03 05:53:47.844274030,Entregado,True
442,384,1,2025-08-21 10:16:48.000000000,Reprogramado,False
443,384,2,2025-08-21 13:16:48.000000000,Entregado,True
444,385,1,2025-02-23 14:39:15.600459524,Entregado,True
445,386,1,2026-02-01 02:11:22.419055690,Entregado,True
446,387,1,2025-08-03 03:57:00.381691800,Entregado,True
447,388,1,2026-03-28 15:20:19.583183659,Entregado,True
448,389,1,2025-12-08 11:51:00.475715448,Entregado,True
449,390,1,2025-12-19 19:05:46.105301158,Entregado,True
450,391,1,2025-10-16 00:57:10.794376479,Entregado,True
451,392,1,2026-08-10 02:55:23.884035744,Entregado,True
452,393,1,2025-09-03 07:28:36.569642048,Entregado,True
453,394,1,2026-07-06 18:18:26.710260598,Entregado,True
454,395,1,2026-08-09 22:04:17.081928584,Cliente ausente,False
455,395,2,2026-08-12 12:00:10.163857172,Entregado,True
456,396,1,2025-08-17 06:12:37.015032916,Entregado,True
457,397,1,2026-03-19 00:20:15.645112220,Domicilio incorrecto,False
458,397,2,2026-03-20 17:33:55.290224440,Entregado,True
459,398,1,2026-04-21 18:02:48.348253856,Entregado,True
460,399,1,2026-03-22 08:49:05.123562282,Entregado,True
461,400,1,2026-02-19 17:06:32.783098964,Entregado,True
462,401,1,2026-08-07 00:36:23.721241096,Cliente ausente,False
463,401,2,2026-08-07 07:42:47.442482193,Entregado,True
464,402,1,2026-07-06 05:07:09.133064014,Cliente ausente,False
465,402,2,2026-07-07 01:38:18.266128029,Entregado,True
466,403,1,2025-04-29 15:24:47.633774911,Entregado,True
467,404,1,2026-01-01 04:16:17.904431107,Entregado,True
468,405,1,2025-07-25 07:48:06.211171868,Entregado,True
469,406,1,2025-12-19 16:38:12.410635779,Entregado,True
470,407,1,2025-11-16 11:06:52.809161108,Entregado,True
471,408,1,2025-12-27 04:11:14.754176091,Entregado,True
472,409,1,2026-06-04 04:30:06.911469831,Entregado,True
473,410,1,2026-05-07 21:15:07.010563932,Entregado,True
474,411,1,2025-04-21 17:14:53.408416308,Entregado,True
475,412,1,2026-06-03 07:00:00.000000000,Cliente ausente,False
476,412,2,2026-06-03 10:00:00.000000000,Entregado,True
477,413,1,2026-06-15 09:35:28.031267367,Entregado,True
478,414,1,2025-02-09 21:50:13.220741760,Entregado,True
479,415,1,2026-05-16 14:13:17.295421558,Entregado,True
480,416,1,2025-09-24 20:16:52.440798727,Entregado,True
481,417,1,2026-02-09 13:49:49.361369840,Entregado,True
482,418,1,2026-08-28 15:16:04.891065614,Entregado,True
483,419,1,2025-08-07 18:10:28.879770784,Reprogramado,False
484,419,2,2025-08-09 05:01:09.759541573,Entregado,True
485,420,1,2026-01-19 20:59:55.867750364,Entregado,True
486,421,1,2025-07-30 19:52:57.953552959,Entregado,True
487,422,1,2025-10-17 17:00:46.970799526,Entregado,True
488,423,1,2025-04-01 06:33:10.683395560,Entregado,True
489,424,1,2025-05-18 13:19:03.868438252,Entregado,True
490,425,1,2025-06-09 03:31:10.636896504,Entregado,True
491,426,1,2025-06-08 13:04:25.846099690,Entregado,True
492,427,1,2026-04-09 21:04:16.679879176,Entregado,True
493,428,1,2025-08-11 20:22:38.052535875,Entregado,True
494,429,1,2026-04-06 04:08:22.865152606,Entregado,True
495,430,1,2025-06-17 00:22:10.095504272,Cliente ausente,False
496,430,2,2025-06-17 11:55:44.191008544,Entregado,True
497,431,1,2025-11-20 22:45:54.283379000,Entregado,True
498,432,1,2026-07-18 03:39:24.247903392,Entregado,True
499,433,1,2026-07-02 18:37:54.565561196,Entregado,True
500,434,1,2025-10-04 12:14:21.073257276,Entregado,True
501,435,1,2025-05-23 08:30:18.805800254,Entregado,True
502,436,1,2025-01-09 03:14:45.779951166,Entregado,True
503,437,1,2026-01-19 12:59:04.940621800,Entregado,True
504,438,1,2026-04-20 14:36:00.000000000,Entregado,True
505,439,1,2025-01-31 08:53:51.585207288,Entregado,True
506,440,1,2025-12-15 18:42:30.245208523,Entregado,True
507,441,1,2026-08-20 03:59:57.157087329,Entregado,True
508,442,1,2026-05-10 21:33:47.404577732,Entregado,True
509,443,1,2026-05-12 07:46:38.417215483,Cliente ausente,False
510,443,2,2026-05-14 06:33:16.834430966,Entregado,True
511,444,1,2026-01-27 03:07:43.706744374,Entregado,True
512,445,1,2025-09-11 11:40:13.221415905,Entregado,True
513,446,1,2025-01-31 06:14:53.183543427,Cliente ausente,False
514,446,2,2025-02-01 05:43:34.367086855,Cliente ausente,False
515,446,3,2025-02-02 05:12:15.550630282,Entregado,True
516,447,1,2025-12-11 07:23:32.246759345,Entregado,True
517,448,1,2025-10-17 09:48:35.893966435,Entregado,True
518,449,1,2026-02-04 03:58:08.949332474,Entregado,True
519,450,1,2026-05-26 18:21:01.993383446,Entregado,True
520,451,1,2025-08-11 05:33:12.703265031,Entregado,True
521,452,1,2025-06-08 01:38:15.660204428,Entregado,True
522,453,1,2025-11-16 20:36:12.073105544,Cliente ausente,False
523,453,2,2025-11-17 10:32:12.146211088,Entregado,True
524,454,1,2026-01-10 03:07:49.426839631,Entregado,True
525,455,1,2026-06-17 18:46:12.361653854,Entregado,True
526,456,1,2025-08-05 07:56:30.781383824,Entregado,True
527,457,1,2026-01-05 13:35:55.003515115,Entregado,True
528,458,1,2025-04-25 12:13:57.273478971,Domicilio incorrecto,False
529,458,2,2025-04-26 13:00:54.546957943,Entregado,True
530,459,1,2025-01-28 04:18:45.193476812,Entregado,True
531,460,1,2025-05-03 01:56:51.840812338,Entregado,True
532,461,1,2025-01-03 21:38:57.092552343,Entregado,True
533,462,1,2026-03-25 11:21:40.259273641,Entregado,True
534,463,1,2025-09-12 21:08:29.411926108,Entregado,True
535,464,1,2025-01-21 21:11:15.215416749,Domicilio incorrecto,False
536,464,2,2025-01-23 02:24:54.430833499,Entregado,True
537,465,1,2025-07-24 02:40:50.506869691,Entregado,True
538,466,1,2025-12-24 23:56:15.972262116,Entregado,True
539,467,1,2025-05-09 13:07:12.924897308,Reprogramado,False
540,467,2,2025-05-10 04:09:01.849794616,Cliente ausente,False
541,467,3,2025-05-10 19:10:50.774691925,Entregado,True
542,468,1,2025-12-26 00:16:17.149099461,Entregado,True
543,469,1,2025-10-23 08:43:38.754022472,Entregado,True
544,470,1,2025-06-25 17:43:58.713978331,Entregado,True
545,471,1,2025-02-09 06:56:02.819739984,Entregado,True
546,472,1,2025-11-08 12:44:23.407297684,Entregado,True
547,473,1,2026-08-08 08:50:06.670237516,Entregado,True
548,474,1,2025-03-30 00:53:31.853846810,Entregado,True
549,475,1,2026-05-28 03:21:18.740160932,Entregado,True
550,476,1,2026-03-24 06:00:37.237302252,Entregado,True
551,477,1,2026-02-25 09:15:34.945261696,Cliente ausente,False
552,477,2,2026-02-26 07:47:57.890523393,Entregado,True
553,478,1,2025-07-26 23:01:31.086296817,Entregado,True
554,479,1,2026-05-05 17:12:19.447928449,Acceso restringido,False
555,479,2,2026-05-07 07:42:02.895856902,Entregado,True
556,480,1,2025-03-30 00:05:40.368365404,Cliente ausente,False
557,480,2,2025-03-30 14:05:20.736730809,Reprogramado,False
558,480,3,2025-03-31 04:05:01.105096218,Entregado,True
559,481,1,2025-09-11 07:33:15.187735162,Entregado,True
560,482,1,2026-02-27 10:02:20.633462826,Reprogramado,False
561,482,2,2026-03-01 07:37:05.266925655,Entregado,True
562,483,1,2026-08-03 06:02:39.773508248,Entregado,True
563,484,1,2025-08-15 06:11:07.279194134,Cliente ausente,False
564,484,2,2025-08-16 05:02:26.558388272,Entregado,True
565,485,1,2025-12-04 10:06:47.175136221,Entregado,True
566,486,1,2026-08-03 16:15:06.828948932,Entregado,True
567,487,1,2025-04-22 15:47:59.712870552,Entregado,True
568,488,1,2026-05-09 21:02:15.611886045,Entregado,True
569,489,1,2025-10-04 18:39:17.160839078,Entregado,True
570,490,1,2025-02-06 00:24:34.549171002,Reprogramado,False
571,490,2,2025-02-08 12:53:57.098342004,Entregado,True
572,491,1,2025-07-31 23:39:10.816067242,Reprogramado,False
573,491,2,2025-08-01 10:39:57.632134482,Entregado,True
574,492,1,2025-10-30 09:01:25.852713204,Entregado,True
575,493,1,2026-01-10 05:15:11.165083693,Entregado,True
576,494,1,2025-05-08 07:17:00.811522251,Entregado,True
577,495,1,2025-04-14 07:41:06.970790205,Entregado,True
578,496,1,2025-04-30 21:51:56.703903210,Entregado,True
579,497,1,2026-07-03 05:29:35.113620321,Domicilio incorrecto,False
580,497,2,2026-07-04 18:18:58.227240639,Entregado,True
581,498,1,2025-11-29 03:16:40.588546828,Entregado,True
582,499,1,2026-07-29 05:30:13.747878702,Entregado,True
583,500,1,2026-02-17 23:13:07.670603755,Cliente ausente,False
584,500,2,2026-02-19 16:31:39.341207506,Entregado,True
585,501,1,2026-02-06 05:00:30.242991927,Entregado,True
586,502,1,2025-11-03 18:21:27.688734424,Reprogramado,False
587,502,2,2025-11-05 01:37:31.377468849,Entregado,True
588,503,1,2025-06-13 07:35:57.072341392,Cliente ausente,False
589,503,2,2025-06-13 22:38:18.144682782,Entregado,True
590,504,1,2025-03-09 20:38:01.944861093,Entregado,True
591,505,1,2025-08-05 07:09:20.855966569,Reprogramado,False
592,505,2,2025-08-05 20:26:29.711933138,Entregado,True
593,506,1,2026-08-29 14:40:20.474493492,Entregado,True
594,507,1,2025-01-28 05:57:15.553144179,Entregado,True
595,508,1,2026-08-07 16:49:51.877473794,Cliente ausente,False
596,508,2,2026-08-08 01:12:07.754947588,Domicilio incorrecto,False
597,508,3,2026-08-08 09:34:23.632421386,Entregado,True
598,509,1,2025-02-15 00:54:07.172028961,Domicilio incorrecto,False
599,509,2,2025-02-16 09:33:50.344057922,Entregado,True
600,510,1,2025-04-02 10:50:56.308586550,Entregado,True
601,511,1,2025-05-17 07:52:19.089316642,Entregado,True
602,512,1,2025-06-12 15:23:21.259944247,Entregado,True
603,513,1,2026-01-16 04:39:28.245684279,Entregado,True
604,514,1,2025-09-20 22:44:53.195079163,Entregado,True
605,515,1,2026-01-19 02:44:11.651794332,Domicilio incorrecto,False
606,515,2,2026-01-19 21:49:59.303588667,Cliente ausente,False
607,515,3,2026-01-20 16:55:46.955382999,Entregado,True
608,516,1,2026-01-07 00:31:23.736229410,Entregado,True
609,517,1,2025-04-22 03:22:21.871720675,Domicilio incorrecto,False
610,517,2,2025-04-22 13:49:31.743441354,Entregado,True
611,518,1,2025-03-19 22:24:36.048594783,Cliente ausente,False
612,518,2,2025-03-21 10:17:24.097189563,Entregado,True
613,519,1,2025-08-01 18:35:58.118507656,Entregado,True
614,520,1,2025-01-15 14:44:10.535826872,Entregado,True
615,521,1,2026-07-27 12:14:48.658584274,Entregado,True
616,522,1,2026-07-02 23:07:20.813045023,Reprogramado,False
617,522,2,2026-07-03 06:48:17.626090046,Entregado,True
618,523,1,2025-01-27 06:27:50.525701916,Entregado,True
619,524,1,2026-07-02 13:16:17.521682739,Entregado,True
620,525,1,2025-05-24 12:31:21.456856423,Entregado,True
621,526,1,2025-10-04 11:33:02.632292798,Entregado,True
622,527,1,2026-01-08 07:13:48.866248119,Entregado,True
623,528,1,2025-08-11 20:32:24.997150870,Cliente ausente,False
624,528,2,2025-08-12 03:52:13.994301741,Entregado,True
625,529,1,2025-02-08 05:00:33.108249661,Entregado,True
626,530,1,2025-05-11 01:17:29.516780515,Domicilio incorrecto,False
627,530,2,2025-05-12 14:29:35.033561030,Entregado,True
628,531,1,2025-11-14 00:52:38.880790449,Entregado,True
629,532,1,2025-11-20 18:01:42.405928010,Entregado,True
630,533,1,2025-08-09 18:42:07.674048043,Entregado,True
631,534,1,2025-09-06 08:05:23.555342572,Entregado,True
632,535,1,2025-04-25 11:38:17.646618498,Entregado,True
633,536,1,2025-05-30 05:19:09.590503738,Entregado,True
634,537,1,2025-12-13 17:00:58.646652123,Entregado,True
635,538,1,2026-05-24 13:00:27.387486090,Entregado,True
636,539,1,2026-07-08 19:29:21.361901279,Entregado,True
637,540,1,2025-05-15 21:38:55.221144428,Entregado,True
638,541,1,2026-04-11 21:25:06.827606943,Entregado,True
639,542,1,2025-07-12 05:01:03.500720731,Entregado,True
640,543,1,2025-06-16 02:34:40.619013351,Entregado,True
641,544,1,2026-04-03 23:58:37.184481523,Entregado,True
642,545,1,2025-03-03 00:38:25.874147659,Entregado,True
643,546,1,2025-01-06 23:26:42.094243100,Entregado,True
644,547,1,2025-02-08 06:52:42.621899894,Entregado,True
645,548,1,2026-04-08 05:35:22.600952275,Entregado,True
646,549,1,2025-08-05 20:06:49.248381204,Cliente ausente,False
647,549,2,2025-08-06 08:25:38.496762411,Entregado,True
648,550,1,2025-05-22 04:50:42.094230093,Entregado,True
649,551,1,2025-04-09 22:49:40.208799363,Reprogramado,False
650,551,2,2025-04-10 09:52:32.417598727,Entregado,True
651,552,1,2025-09-21 14:42:34.092355654,Entregado,True
652,553,1,2026-08-26 14:19:54.706831248,Entregado,True
653,554,1,2026-08-21 12:38:58.937438760,Entregado,True
654,555,1,2025-08-14 20:05:21.644482660,Entregado,True
655,556,1,2025-01-12 17:01:49.649268262,Domicilio incorrecto,False
656,556,2,2025-01-13 16:57:39.298536529,Reprogramado,False
657,556,3,2025-01-14 16:53:28.947804792,Entregado,True
658,557,1,2025-11-25 05:00:46.862134131,Entregado,True
659,558,1,2025-12-18 23:36:53.419993848,Reprogramado,False
660,558,2,2025-12-20 17:21:34.839987692,Entregado,True
661,559,1,2026-01-16 11:35:04.783696454,Entregado,True
662,560,1,2025-05-22 16:30:25.288637774,Entregado,True
663,561,1,2025-02-20 08:31:17.110496902,Reprogramado,False
664,561,2,2025-02-21 23:58:58.220993805,Entregado,True
665,562,1,2026-03-29 05:16:12.379593975,Entregado,True
666,563,1,2025-07-25 09:49:10.414302063,Entregado,True
667,564,1,2026-02-17 11:16:56.125014938,Entregado,True
668,565,1,2026-02-13 14:38:29.027678283,Entregado,True
669,566,1,2025-02-23 12:14:28.490422459,Entregado,True
670,567,1,2025-06-25 14:14:34.088724758,Cliente ausente,False
671,567,2,2025-06-26 21:39:56.177449516,Entregado,True
672,568,1,2025-09-19 23:28:54.147244630,Entregado,True
673,569,1,2026-04-27 03:02:12.898547199,Entregado,True
674,570,1,2025-08-13 06:02:20.883958810,Entregado,True
675,571,1,2025-09-26 21:32:05.004368041,Entregado,True
676,572,1,2025-11-16 08:36:00.093430965,Entregado,True
677,573,1,2026-01-22 13:27:01.500207152,Entregado,True
678,574,1,2026-08-12 21:20:25.139248094,Entregado,True
679,575,1,2025-08-09 03:46:47.475572070,Entregado,True
680,576,1,2025-02-27 12:40:13.338534568,Entregado,True
681,577,1,2025-07-21 20:31:53.586302142,Entregado,True
682,578,1,2025-12-07 09:04:28.954795623,Entregado,True
683,579,1,2025-11-02 06:40:17.134124743,Entregado,True
684,580,1,2025-09-04 17:38:57.490634680,Entregado,True
685,581,1,2025-07-30 21:38:48.583301208,Entregado,True
686,582,1,2026-05-29 15:46:46.137541976,Entregado,True
687,583,1,2025-09-20 15:35:49.331450173,Entregado,True
688,584,1,2026-01-16 21:08:32.329555155,Reprogramado,False
689,584,2,2026-01-18 11:51:16.659110311,Entregado,True
690,585,1,2025-06-14 02:42:17.798623005,Cliente ausente,False
691,585,2,2025-06-15 22:29:59.597246011,Entregado,True
692,586,1,2025-12-10 11:38:59.804860254,Entregado,True
693,587,1,2026-08-01 16:43:40.087606213,Entregado,True
694,588,1,2026-06-16 08:01:50.248049642,Entregado,True
695,589,1,2025-02-06 05:53:10.189983688,Entregado,True
696,590,1,2025-07-03 21:14:15.663397678,Entregado,True
697,591,1,2025-12-15 15:17:34.804406338,Entregado,True
698,592,1,2025-07-14 03:40:44.676143101,Entregado,True
699,593,1,2026-08-05 01:52:47.048092107,Entregado,True
700,594,1,2025-09-04 15:36:16.123179164,Entregado,True
701,595,1,2025-05-16 12:25:38.340936674,Entregado,True
702,596,1,2025-07-19 08:29:58.933705254,Entregado,True
703,597,1,2025-12-14 04:24:09.398174835,Domicilio incorrecto,False
704,597,2,2025-12-14 22:38:42.796349671,Entregado,True
705,598,1,2025-02-20 01:53:24.300315567,Entregado,True
706,599,1,2025-03-07 22:13:57.249857546,Entregado,True
707,600,1,2025-04-17 21:19:05.161057255,Entregado,True
708,601,1,2025-08-05 04:34:22.185302260,Entregado,True
709,602,1,2026-06-02 06:41:47.023088253,Entregado,True
710,603,1,2025-05-02 08:58:29.415419569,Entregado,True
711,604,1,2025-09-03 02:59:30.476274115,Entregado,True
712,605,1,2025-10-09 11:00:01.104722348,Entregado,True
713,606,1,2026-03-04 15:35:48.060226284,Entregado,True
714,607,1,2026-01-01 03:48:12.295066075,Entregado,True
715,608,1,2026-05-03 02:34:43.937863633,Entregado,True
716,609,1,2025-11-12 11:34:52.414271918,Entregado,True
717,610,1,2026-05-30 01:21:21.989702606,Cliente ausente,False
718,610,2,2026-05-31 09:22:55.979405212,Entregado,True
719,611,1,2025-06-18 00:44:03.465900528,Cliente ausente,False
720,611,2,2025-06-19 12:59:18.931801056,Entregado,True
721,612,1,2026-01-29 23:45:54.690219860,Entregado,True
722,613,1,2025-03-06 21:43:55.162392786,Entregado,True
723,614,1,2025-09-30 18:31:42.473287837,Cliente ausente,False
724,614,2,2025-10-01 20:23:12.946575674,Entregado,True
725,615,1,2025-02-08 23:16:55.713622154,Entregado,True
726,616,1,2025-01-18 09:31:58.417655923,Cliente ausente,False
727,616,2,2025-01-19 18:27:56.835311850,Entregado,True
728,617,1,2025-12-15 05:55:33.606636682,Entregado,True
729,618,1,2025-12-13 07:49:37.304191246,Entregado,True
730,619,1,2026-06-25 20:01:33.687196057,Entregado,True
731,620,1,2025-08-26 11:17:53.803665549,Entregado,True
732,621,1,2026-08-02 06:53:00.911325296,Entregado,True
733,622,1,2026-02-24 01:54:00.983569906,Entregado,True
734,623,1,2025-09-27 11:25:25.299993990,Entregado,True
735,624,1,2025-11-24 07:33:28.798784254,Entregado,True
736,625,1,2026-03-20 21:47:35.728411329,Entregado,True
737,626,1,2026-07-15 13:11:22.823022210,Entregado,True
738,627,1,2025-03-19 16:25:17.189943213,Entregado,True
739,628,1,2025-09-07 23:58:02.248767386,Entregado,True
740,629,1,2026-08-05 06:52:03.638631687,Entregado,True
741,630,1,2025-11-12 02:09:22.281013353,Entregado,True
742,631,1,2026-08-01 21:03:23.140040025,Entregado,True
743,632,1,2026-08-16 21:03:20.107707109,Entregado,True
744,633,1,2025-12-11 11:22:41.587785865,Entregado,True
745,634,1,2025-07-04 02:15:09.263725084,Entregado,True
746,635,1,2026-02-05 09:41:30.568579425,Entregado,True
747,636,1,2025-08-31 20:37:44.914457510,Entregado,True
748,637,1,2025-10-21 04:20:03.480377917,Entregado,True
749,638,1,2025-02-26 05:01:34.070741454,Entregado,True
750,639,1,2025-05-26 12:25:36.119455237,Entregado,True
751,640,1,2025-12-24 15:06:38.139419703,Entregado,True
752,641,1,2026-08-21 19:20:44.524476510,Entregado,True
753,642,1,2026-04-24 10:07:13.587136287,Entregado,True
754,643,1,2025-01-26 12:03:17.209400799,Entregado,True
755,644,1,2025-11-28 14:58:35.098097390,Entregado,True
756,645,1,2025-10-21 21:27:09.374425149,Entregado,True
757,646,1,2025-08-25 10:59:15.786670372,Domicilio incorrecto,False
758,646,2,2025-08-26 09:03:19.573340749,Acceso restringido,False
759,646,3,2025-08-27 07:07:23.360011122,Entregado,True
760,647,1,2025-02-01 07:09:19.931816329,Entregado,True
761,648,1,2025-06-12 18:44:45.877990999,Entregado,True
762,649,1,2026-06-17 14:28:07.839498093,Entregado,True
763,650,1,2025-04-11 22:29:40.999134224,Cliente ausente,False
764,650,2,2025-04-12 06:41:21.998268448,Entregado,True
765,651,1,2026-01-14 04:51:37.682278779,Entregado,True
766,652,1,2025-06-23 01:23:07.439515947,Entregado,True
767,653,1,2025-12-12 03:37:49.084517110,Entregado,True
768,654,1,2026-08-04 05:25:11.584083583,Entregado,True
769,655,1,2026-07-11 05:30:06.339184606,Entregado,True
770,656,1,2025-12-12 15:38:14.081203611,Entregado,True
771,657,1,2026-08-31 19:51:02.870621856,Entregado,True
772,658,1,2026-07-07 06:44:02.425952875,Entregado,True
773,659,1,2025-12-29 16:49:38.379875304,Entregado,True
774,660,1,2026-05-21 05:06:14.232643991,Entregado,True
775,661,1,2026-02-02 10:51:32.376050312,Entregado,True
776,662,1,2026-04-08 02:52:43.108141504,Entregado,True
777,663,1,2025-05-04 07:21:31.635399056,Entregado,True
778,664,1,2025-10-03 05:56:30.206068422,Entregado,True
779,665,1,2025-12-28 04:01:34.081522399,Entregado,True
780,666,1,2026-01-23 01:11:55.829673034,Cliente ausente,False
781,666,2,2026-01-24 19:19:03.659346069,Entregado,True
782,667,1,2025-11-15 21:59:09.310835846,Cliente ausente,False
783,667,2,2025-11-16 13:38:30.621671692,Entregado,True
784,668,1,2025-09-21 00:04:40.560552638,Reprogramado,False
785,668,2,2025-09-23 08:50:09.121105273,Entregado,True
786,669,1,2025-10-09 21:51:56.222458398,Cliente ausente,False
787,669,2,2025-10-10 20:41:28.444916799,Entregado,True
788,670,1,2025-11-27 18:21:14.261778378,Entregado,True
789,671,1,2025-05-08 08:00:49.443780672,Entregado,True
790,672,1,2026-04-22 02:42:55.301674111,Cliente ausente,False
791,672,2,2026-04-22 20:33:02.603348222,Cliente ausente,False
792,672,3,2026-04-23 14:23:09.905022337,Entregado,True
793,673,1,2025-10-07 20:57:24.117860210,Entregado,True
794,674,1,2025-04-05 01:26:31.910458502,Entregado,True
795,675,1,2026-07-02 03:54:39.544838359,Entregado,True
796,676,1,2026-06-17 18:52:04.712003450,Cliente ausente,False
797,676,2,2026-06-19 03:47:09.424006897,Entregado,True
798,677,1,2025-06-17 14:52:40.919029543,Entregado,True
799,678,1,2025-08-24 10:39:36.000000000,Domicilio incorrecto,False
800,678,2,2025-08-24 13:39:36.000000000,Entregado,True
801,679,1,2025-02-04 13:15:38.514504938,Entregado,True
802,680,1,2025-07-10 15:04:12.000000000,Entregado,True
803,681,1,2026-05-25 06:21:31.399744906,Entregado,True
804,682,1,2026-04-04 07:00:34.457236588,Cliente ausente,False
805,682,2,2026-04-05 16:30:32.914473181,Entregado,True
806,683,1,2025-09-15 09:29:15.881629884,Entregado,True
807,684,1,2025-02-28 08:39:00.386547051,Entregado,True
808,685,1,2025-04-17 06:43:42.679273684,Entregado,True
809,686,1,2026-08-09 03:55:48.815263984,Entregado,True
810,687,1,2025-07-14 05:18:22.989370050,Entregado,True
811,688,1,2025-10-08 02:51:18.969835024,Entregado,True
812,689,1,2026-06-30 17:32:56.663685333,Entregado,True
813,690,1,2025-06-26 23:53:05.638718338,Entregado,True
814,691,1,2025-03-27 12:55:12.575181093,Entregado,True
815,692,1,2025-08-05 09:14:14.580209216,Cliente ausente,False
816,692,2,2025-08-06 08:35:05.160418432,Entregado,True
817,693,1,2025-01-16 00:00:37.301571388,Entregado,True
818,694,1,2025-02-10 13:12:22.589450647,Entregado,True
819,695,1,2025-01-30 14:37:10.363045926,Entregado,True
820,696,1,2026-08-03 07:46:35.742093938,Entregado,True
821,697,1,2025-03-13 15:16:41.727589410,Domicilio incorrecto,False
822,697,2,2025-03-15 21:06:59.455178820,Entregado,True
823,698,1,2025-06-05 18:52:29.645942430,Entregado,True
824,699,1,2026-03-15 22:01:08.078765898,Cliente ausente,False
825,699,2,2026-03-17 13:48:28.157531799,Entregado,True
826,700,1,2025-10-01 13:40:33.755245024,Entregado,True
827,701,1,2026-06-25 17:07:12.889316571,Cliente ausente,False
828,701,2,2026-06-26 04:15:37.778633139,Entregado,True
829,702,1,2026-07-25 14:36:00.000000000,Entregado,True
830,703,1,2025-05-31 15:41:52.813279392,Entregado,True
831,704,1,2026-05-24 23:06:50.519036894,Entregado,True
832,705,1,2026-05-20 03:52:20.116108491,Entregado,True
833,706,1,2025-03-06 03:54:38.364831986,Entregado,True
834,707,1,2026-01-27 00:05:37.897586577,Entregado,True
835,708,1,2025-08-23 21:35:32.685201661,Entregado,True
836,709,1,2026-08-10 04:47:26.369939706,Entregado,True
837,710,1,2026-07-06 22:18:02.732478069,Entregado,True
838,711,1,2026-03-25 20:44:30.173775468,Entregado,True
839,712,1,2025-11-17 11:49:12.000000000,Entregado,True
840,713,1,2025-03-27 02:08:53.982948375,Entregado,True
841,714,1,2026-03-10 17:17:09.671467479,Entregado,True
842,715,1,2025-01-18 08:14:06.655661376,Entregado,True
843,716,1,2026-01-06 20:21:58.589488465,Entregado,True
844,717,1,2026-08-07 23:54:43.828406301,Entregado,True
845,718,1,2026-08-06 22:25:41.615803117,Entregado,True
846,719,1,2025-09-14 13:24:24.005291821,Entregado,True
847,720,1,2026-06-18 23:39:38.552305165,Entregado,True
848,721,1,2026-01-27 11:16:15.628763056,Cliente ausente,False
849,721,2,2026-01-27 16:24:43.257526110,Entregado,True
850,722,1,2025-11-19 00:27:26.638021389,Entregado,True
851,723,1,2025-08-10 17:47:01.817052871,Entregado,True
852,724,1,2026-02-19 00:24:58.273350832,Reprogramado,False
853,724,2,2026-02-19 06:58:20.546701665,Cliente ausente,False
854,724,3,2026-02-19 13:31:42.820052502,Entregado,True
855,725,1,2025-02-03 16:08:46.641513501,Entregado,True
856,726,1,2025-01-17 22:15:24.967429099,Entregado,True
857,727,1,2026-02-15 08:53:01.307159894,Entregado,True
858,728,1,2025-06-24 20:43:10.727080503,Entregado,True
859,729,1,2025-06-30 12:03:06.723273686,Entregado,True
860,730,1,2026-07-31 16:52:22.311867162,Entregado,True
861,731,1,2026-05-15 08:48:58.723602595,Entregado,True
862,732,1,2025-04-16 21:28:30.316483862,Entregado,True
863,733,1,2025-11-14 00:38:07.510100294,Entregado,True
864,734,1,2026-08-15 08:11:45.409252117,Entregado,True
865,735,1,2025-05-14 07:43:12.958299278,Entregado,True
866,736,1,2025-06-07 21:45:47.281232152,Entregado,True
867,737,1,2025-12-27 13:24:36.831897140,Entregado,True
868,738,1,2025-06-14 23:03:37.721892124,Entregado,True
869,739,1,2026-03-05 08:16:38.841786613,Entregado,True
870,740,1,2026-05-06 13:10:06.214530331,Entregado,True
871,741,1,2025-08-04 17:57:55.963757559,Entregado,True
872,742,1,2025-06-08 12:28:48.508468129,Entregado,True
873,743,1,2025-03-18 00:40:10.594592295,Cliente ausente,False
874,743,2,2025-03-19 14:24:33.189184594,Entregado,True
875,744,1,2026-03-14 08:55:46.232093841,Entregado,True
876,745,1,2025-07-01 13:00:27.480276208,Entregado,True
877,746,1,2025-11-10 03:38:29.462245800,Entregado,True
878,747,1,2025-05-08 04:44:13.581356182,Entregado,True
879,748,1,2026-01-13 13:32:37.955827824,Domicilio incorrecto,False
880,748,2,2026-01-14 17:54:27.911655644,Entregado,True
881,749,1,2025-12-14 14:48:29.820244600,Entregado,True
882,750,1,2025-08-14 16:21:47.506532079,Cliente ausente,False
883,750,2,2025-08-15 14:21:59.013064159,Entregado,True
884,751,1,2026-05-14 00:29:19.104112449,Entregado,True
885,752,1,2026-04-19 08:38:55.080590100,Cliente ausente,False
886,752,2,2026-04-20 01:19:02.161180196,Cliente ausente,False
887,752,3,2026-04-20 17:59:09.241770296,Entregado,True
888,753,1,2025-11-08 09:51:24.845262048,Entregado,True
889,754,1,2025-05-17 22:02:25.061422729,Cliente ausente,False
890,754,2,2025-05-18 10:37:14.122845458,Cliente ausente,False
891,754,3,2025-05-18 23:12:03.184268187,Entregado,True
892,755,1,2026-04-23 20:16:00.561204278,Entregado,True
893,756,1,2025-08-06 15:42:31.490658424,Entregado,True
894,757,1,2025-07-17 19:41:07.980402195,Entregado,True
895,758,1,2025-07-21 21:30:48.402729698,Entregado,True
896,759,1,2026-01-02 15:18:11.628328622,Cliente ausente,False
897,759,2,2026-01-03 22:17:47.256657241,Entregado,True
898,760,1,2026-06-14 11:16:02.368880792,Reprogramado,False
899,760,2,2026-06-16 11:36:16.737761584,Entregado,True
900,761,1,2026-06-09 11:04:48.000000000,Cliente ausente,False
901,761,2,2026-06-09 14:04:48.000000000,Entregado,True
902,762,1,2026-08-13 23:27:27.856303642,Entregado,True
903,763,1,2025-08-03 11:23:04.831342634,Acceso restringido,False
904,763,2,2025-08-04 09:53:57.662685268,Entregado,True
905,764,1,2025-12-10 01:57:23.317827901,Entregado,True
906,765,1,2025-11-28 10:37:13.916816335,Entregado,True
907,766,1,2025-05-03 22:12:56.508999127,Entregado,True
908,767,1,2026-03-04 17:42:34.002308055,Entregado,True
909,768,1,2025-07-01 05:30:39.825981057,Entregado,True
910,769,1,2026-03-10 15:38:00.213044006,Entregado,True
911,770,1,2026-02-10 12:51:24.901075224,Entregado,True
912,771,1,2026-01-30 14:03:48.223411876,Entregado,True
913,772,1,2026-07-23 16:24:54.987688051,Entregado,True
914,773,1,2025-03-22 06:08:41.866400709,Entregado,True
915,774,1,2026-03-01 03:51:52.233876777,Entregado,True
916,775,1,2025-04-19 05:15:10.399692124,Entregado,True
917,776,1,2025-04-17 08:55:04.187739968,Cliente ausente,False
918,776,2,2025-04-19 07:09:56.375479940,Entregado,True
919,777,1,2025-11-01 16:21:36.255707179,Entregado,True
920,778,1,2025-05-31 09:28:47.628970168,Entregado,True
921,779,1,2025-06-01 09:15:18.879804896,Entregado,True
922,780,1,2025-03-25 13:49:50.374591042,Entregado,True
923,781,1,2025-01-18 09:38:18.220601425,Entregado,True
924,782,1,2025-07-16 03:36:45.849718724,Entregado,True
925,783,1,2025-03-17 02:41:51.314904765,Entregado,True
926,784,1,2025-10-08 15:32:15.554740052,Entregado,True
927,785,1,2025-03-06 17:58:26.189349733,Entregado,True
928,786,1,2026-06-24 05:35:07.521673858,Entregado,True
929,787,1,2026-06-21 00:31:06.591286221,Cliente ausente,False
930,787,2,2026-06-22 18:16:01.182572443,Entregado,True
931,788,1,2025-12-12 18:44:38.826276129,Entregado,True
932,789,1,2026-02-01 22:53:21.941241820,Entregado,True
933,790,1,2025-09-16 10:09:02.362315834,Entregado,True
934,791,1,2025-07-18 08:21:25.263792846,Entregado,True
935,792,1,2025-02-25 01:10:44.148807357,Entregado,True
936,793,1,2025-09-29 19:05:28.733978792,Reprogramado,False
937,793,2,2025-10-01 07:57:45.467957588,Entregado,True
938,794,1,2025-07-21 00:21:04.572824137,Entregado,True
939,795,1,2026-02-04 00:26:17.566819054,Entregado,True
940,796,1,2026-01-15 11:40:07.759178014,Entregado,True
941,797,1,2026-08-28 06:08:15.576584906,Cliente ausente,False
942,797,2,2026-08-29 05:54:55.153169809,Reprogramado,False
943,797,3,2026-08-30 05:41:34.729754715,Entregado,True
944,798,1,2026-06-22 02:14:47.957607859,Entregado,True
945,799,1,2025-03-31 05:05:14.089261984,Cliente ausente,False
946,799,2,2025-04-02 01:40:28.178523973,Entregado,True
947,800,1,2026-02-04 21:23:00.557220483,Entregado,True
948,801,1,2025-10-11 22:47:05.551731211,Entregado,True
949,802,1,2026-06-21 07:09:59.704374150,Entregado,True
950,803,1,2026-07-15 20:36:51.755632578,Cliente ausente,False
951,803,2,2026-07-16 07:47:55.511265156,Cliente ausente,False
952,803,3,2026-07-16 18:58:59.266897737,Entregado,True
953,804,1,2025-07-13 17:27:20.865994156,Entregado,True
954,805,1,2025-07-25 10:27:35.304966273,Reprogramado,False
955,805,2,2025-07-26 11:49:10.609932550,Entregado,True
956,806,1,2025-10-28 06:50:18.526460442,Cliente ausente,False
957,806,2,2025-10-28 23:27:25.052920884,Entregado,True
958,807,1,2025-11-10 01:00:55.296494222,Entregado,True
959,808,1,2026-06-14 22:23:26.566705932,Entregado,True
960,809,1,2025-10-03 16:54:54.725739274,Cliente ausente,False
961,809,2,2025-10-04 19:12:01.451478549,Entregado,True
962,810,1,2026-05-01 22:02:20.807336007,Entregado,True
963,811,1,2026-03-31 09:25:02.213431878,Entregado,True
964,812,1,2026-06-18 23:21:22.529115072,Entregado,True
965,813,1,2026-06-12 02:23:39.494207868,Entregado,True
966,814,1,2025-01-19 18:21:51.136759191,Entregado,True
967,815,1,2025-01-31 23:24:07.364248585,Entregado,True
968,816,1,2025-11-01 20:32:23.785291024,Entregado,True
969,817,1,2026-07-11 20:56:55.533064930,Entregado,True
970,818,1,2025-04-04 19:10:09.908944050,Reprogramado,False
971,818,2,2025-04-06 04:05:55.817888100,Entregado,True
972,819,1,2026-08-03 16:26:56.388567699,Entregado,True
973,820,1,2026-08-11 13:07:22.897237126,Entregado,True
974,821,1,2025-06-13 15:58:10.685271129,Entregado,True
975,822,1,2025-11-26 17:21:55.651725363,Entregado,True
976,823,1,2026-03-18 00:58:03.073607648,Entregado,True
977,824,1,2026-07-28 02:34:47.588674479,Entregado,True
978,825,1,2026-06-29 03:11:07.331262450,Entregado,True
979,826,1,2025-05-03 21:12:40.458043616,Entregado,True
980,827,1,2025-04-08 15:05:56.299072664,Entregado,True
981,828,1,2026-01-09 03:49:28.200046915,Entregado,True
982,829,1,2026-02-25 06:35:16.699555344,Entregado,True
983,830,1,2025-09-15 10:45:18.136887998,Entregado,True
984,831,1,2025-05-09 06:49:57.042048846,Entregado,True
985,832,1,2025-12-26 21:44:55.550026795,Entregado,True
986,833,1,2025-06-05 14:17:52.544793526,Entregado,True
987,834,1,2025-02-27 14:58:36.924149406,Entregado,True
988,835,1,2026-08-08 16:13:48.437473648,Entregado,True
989,836,1,2025-11-20 23:28:45.765203977,Entregado,True
990,837,1,2025-11-06 21:17:22.987240627,Entregado,True
991,838,1,2026-06-15 21:30:40.248779619,Cliente ausente,False
992,838,2,2026-06-17 01:40:56.497559235,Entregado,True
993,839,1,2025-10-14 22:16:29.223470715,Entregado,True
994,840,1,2025-05-18 08:24:53.317003417,Entregado,True
995,841,1,2026-02-10 06:14:52.540934402,Entregado,True
996,842,1,2026-05-09 21:42:48.237472738,Reprogramado,False
997,842,2,2026-05-11 10:31:36.474945477,Entregado,True
998,843,1,2025-11-04 04:33:58.413049084,Cliente ausente,False
999,843,2,2025-11-06 04:37:56.826098169,Entregado,True
1000,844,1,2025-04-30 13:03:34.119257486,Entregado,True
1001,845,1,2025-11-25 04:26:19.570987089,Entregado,True
1002,846,1,2025-06-10 08:38:38.400280224,Entregado,True
1003,847,1,2025-08-28 21:47:19.311462765,Entregado,True
1004,848,1,2026-02-02 06:36:18.433783670,Entregado,True
1005,849,1,2025-11-18 02:30:53.091785833,Entregado,True
1006,850,1,2025-07-09 23:50:54.416820577,Domicilio incorrecto,False
1007,850,2,2025-07-11 04:45:24.833641154,Entregado,True
1008,851,1,2025-09-08 15:11:21.003524041,Entregado,True
1009,852,1,2026-06-22 08:09:36.000000000,Reprogramado,False
1010,852,2,2026-06-22 10:09:36.000000000,Cliente ausente,False
1011,852,3,2026-06-22 12:09:36.000000000,Entregado,True
1012,853,1,2026-01-31 00:08:00.607431634,Cliente ausente,False
1013,853,2,2026-02-01 11:50:49.214863269,Entregado,True
1014,854,1,2026-02-12 03:46:16.429215979,Entregado,True
1015,855,1,2025-07-03 01:58:56.450827095,Entregado,True
1016,856,1,2025-01-21 22:48:52.034820915,Cliente ausente,False
1017,856,2,2025-01-22 09:14:56.069641827,Entregado,True
1018,857,1,2026-08-08 21:13:48.933842501,Entregado,True
1019,858,1,2026-08-17 12:45:00.000000000,Entregado,True
1020,859,1,2025-06-05 04:45:13.667493675,Cliente ausente,False
1021,859,2,2025-06-05 21:44:15.334987347,Entregado,True
1022,860,1,2026-07-14 13:00:42.264301489,Cliente ausente,False
1023,860,2,2026-07-15 04:13:24.528602974,Domicilio incorrecto,False
1024,860,3,2026-07-15 19:26:06.792904464,Entregado,True
1025,861,1,2025-07-15 12:50:50.876927937,Entregado,True
1026,862,1,2025-08-13 23:06:46.279322956,Entregado,True
1027,863,1,2026-02-06 13:53:49.364135217,Entregado,True
1028,864,1,2025-10-09 14:53:58.597196481,Entregado,True
1029,865,1,2025-01-14 20:36:23.738095738,Entregado,True
1030,866,1,2026-04-18 14:47:35.786515027,Cliente ausente,False
1031,866,2,2026-04-19 16:54:23.573030054,Entregado,True
1032,867,1,2025-06-04 21:44:08.346957309,Entregado,True
1033,868,1,2026-07-09 19:16:29.492478055,Entregado,True
1034,869,1,2026-03-02 02:46:42.483588870,Cliente ausente,False
1035,869,2,2026-03-03 15:54:24.967177743,Entregado,True
1036,870,1,2026-06-12 00:03:45.653854467,Entregado,True
1037,871,1,2026-05-29 11:38:02.851166565,Cliente ausente,False
1038,871,2,2026-05-30 10:02:17.702333127,Cliente ausente,False
1039,871,3,2026-05-31 08:26:32.553499693,Entregado,True
1040,872,1,2025-06-21 07:32:16.378056391,Entregado,True
1041,873,1,2026-07-22 01:56:58.186289252,Entregado,True
1042,874,1,2025-05-08 01:17:44.065802630,Entregado,True
1043,875,1,2025-06-27 11:15:12.897956376,Acceso restringido,False
1044,875,2,2025-06-30 08:28:37.795912752,Entregado,True
1045,876,1,2026-05-22 20:47:53.838392600,Entregado,True
1046,877,1,2026-07-28 18:53:29.128846639,Entregado,True
1047,878,1,2025-04-18 02:08:51.828795312,Cliente ausente,False
1048,878,2,2025-04-19 22:18:55.657590624,Entregado,True
1049,879,1,2026-06-16 17:48:31.034468876,Entregado,True
1050,880,1,2025-02-07 16:08:09.273546801,Reprogramado,False
1051,880,2,2025-02-08 02:12:42.547093603,Entregado,True
1052,881,1,2026-04-26 02:44:53.702276686,Entregado,True
1053,882,1,2026-04-14 02:32:21.193570762,Domicilio incorrecto,False
1054,882,2,2026-04-15 21:41:54.387141529,Entregado,True
1055,883,1,2026-05-20 21:03:37.584516477,Entregado,True
1056,884,1,2025-11-13 15:11:17.921913122,Entregado,True
1057,885,1,2025-10-15 06:54:40.385926976,Entregado,True
1058,886,1,2026-04-11 04:46:25.649029815,Entregado,True
1059,887,1,2025-09-22 17:15:28.415737375,Entregado,True
1060,888,1,2026-03-08 16:37:37.187617789,Entregado,True
1061,889,1,2026-01-02 03:29:08.969551908,Entregado,True
1062,890,1,2025-07-02 18:34:11.881115914,Entregado,True
1063,891,1,2025-09-02 14:57:24.931014177,Entregado,True
1064,892,1,2025-11-11 08:00:37.359552697,Entregado,True
1065,893,1,2025-03-22 00:44:49.198326363,Entregado,True
1066,894,1,2025-09-22 16:37:07.268856391,Entregado,True
1067,895,1,2025-08-21 18:18:51.635058746,Entregado,True
1068,896,1,2025-11-07 15:58:17.979921559,Entregado,True
1069,897,1,2026-01-25 03:38:47.519956244,Domicilio incorrecto,False
1070,897,2,2026-01-26 15:40:59.039912488,Entregado,True
1071,898,1,2025-11-22 17:32:51.588346030,Entregado,True
1072,899,1,2026-04-03 16:38:40.301525151,Entregado,True
1073,900,1,2026-05-29 10:11:26.270917371,Entregado,True
1074,901,1,2025-12-15 06:48:04.140300394,Entregado,True
1075,902,1,2026-06-01 19:09:38.847103560,Entregado,True
1076,903,1,2026-03-19 11:25:28.484334321,Entregado,True
1077,904,1,2026-07-04 19:44:43.252215651,Acceso restringido,False
1078,904,2,2026-07-06 03:15:02.504431303,Entregado,True
1079,905,1,2026-08-07 20:39:46.563950293,Cliente ausente,False
1080,905,2,2026-08-09 10:42:21.127900590,Entregado,True
1081,906,1,2025-09-20 11:23:15.474420416,Entregado,True
1082,907,1,2026-04-12 13:49:18.005608344,Entregado,True
1083,908,1,2026-08-31 21:19:48.000000000,Entregado,True
1084,909,1,2025-08-15 19:02:48.407748028,Entregado,True
1085,910,1,2026-06-09 01:45:10.695276738,Entregado,True
1086,911,1,2025-07-09 13:01:31.850370447,Entregado,True
1087,912,1,2025-07-29 12:20:44.627882636,Cliente ausente,False
1088,912,2,2025-07-30 13:59:29.255765272,Cliente ausente,False
1089,912,3,2025-07-31 15:38:13.883647909,Entregado,True
1090,913,1,2025-01-15 06:15:59.749549142,Entregado,True
1091,914,1,2025-06-13 23:46:42.075594771,Entregado,True
1092,915,1,2026-07-27 22:30:33.866366342,Entregado,True
1093,916,1,2026-05-12 04:33:18.005913619,Entregado,True
1094,917,1,2026-03-12 12:44:41.219617588,Entregado,True
1095,918,1,2025-01-07 16:35:24.514917122,Entregado,True
1096,919,1,2026-02-21 19:40:35.776096305,Entregado,True
1097,920,1,2025-01-14 03:54:39.538510142,Entregado,True
1098,921,1,2026-02-03 09:44:00.766597246,Entregado,True
1099,922,1,2025-12-10 18:42:16.915735443,Entregado,True
1100,923,1,2026-01-09 23:42:02.438288985,Cliente ausente,False
1101,923,2,2026-01-11 17:36:04.876577974,Entregado,True
1102,924,1,2026-01-17 03:13:48.341088343,Entregado,True
1103,925,1,2025-08-15 19:49:03.036676728,Cliente ausente,False
1104,925,2,2025-08-17 20:07:30.073353452,Entregado,True
1105,926,1,2025-07-04 01:42:04.551252739,Entregado,True
1106,927,1,2025-10-26 17:22:49.243983891,Entregado,True
1107,928,1,2025-11-06 18:16:13.221371913,Entregado,True
1108,929,1,2026-03-09 15:55:50.448346028,Entregado,True
1109,930,1,2025-12-20 19:13:06.035664187,Entregado,True
1110,931,1,2026-08-12 17:57:40.524113786,Entregado,True
1111,932,1,2025-02-15 21:08:08.867619571,Domicilio incorrecto,False
1112,932,2,2025-02-16 11:43:53.735239142,Entregado,True
1113,933,1,2025-08-17 02:41:00.870243266,Entregado,True
1114,934,1,2025-12-22 20:52:30.479933964,Entregado,True
1115,935,1,2025-10-23 18:10:59.586070940,Domicilio incorrecto,False
1116,935,2,2025-10-25 21:59:47.172141880,Entregado,True
1117,936,1,2025-09-01 23:09:47.412718354,Entregado,True
1118,937,1,2025-12-16 11:52:26.996301814,Entregado,True
1119,938,1,2025-05-25 03:00:47.851896765,Entregado,True
1120,939,1,2025-07-24 14:19:00.802007209,Entregado,True
1121,940,1,2025-09-27 18:38:29.871990355,Entregado,True
1122,941,1,2025-11-11 13:23:46.552821057,Entregado,True
1123,942,1,2026-02-25 21:11:04.670169774,Entregado,True
1124,943,1,2025-05-21 19:49:14.069519947,Entregado,True
1125,944,1,2025-12-20 08:40:08.275150952,Entregado,True
1126,945,1,2025-06-12 03:47:46.150920117,Entregado,True
1127,946,1,2025-06-25 02:52:43.002789222,Entregado,True
1128,947,1,2025-05-12 19:28:51.280448948,Entregado,True
1129,948,1,2025-03-23 09:46:03.679265352,Entregado,True
1130,949,1,2026-07-27 02:29:59.110084946,Entregado,True
1131,950,1,2026-02-04 18:23:10.285339419,Entregado,True
1132,951,1,2025-12-30 13:48:21.833465691,Entregado,True
1133,952,1,2025-12-03 04:16:29.422642008,Entregado,True
1134,953,1,2025-05-16 20:37:08.703815001,Entregado,True
1135,954,1,2025-01-17 09:53:23.120482988,Entregado,True
1136,955,1,2025-10-14 04:54:22.098357658,Entregado,True
1137,956,1,2026-02-28 04:53:18.126157045,Entregado,True
1138,957,1,2025-05-08 07:46:21.139989866,Entregado,True
1139,958,1,2025-08-08 20:34:51.097773514,Entregado,True
1140,959,1,2026-05-07 10:20:37.337647012,Entregado,True
1141,960,1,2025-09-18 11:41:06.298599022,Entregado,True
1142,961,1,2025-08-08 16:58:11.929095318,Entregado,True
1143,962,1,2026-05-06 04:52:45.694803388,Entregado,True
1144,963,1,2026-03-23 04:53:51.199728507,Entregado,True
1145,964,1,2025-04-12 01:56:48.907364600,Entregado,True
1146,965,1,2025-07-03 00:36:22.262285941,Cliente ausente,False
1147,965,2,2025-07-04 09:54:08.524571882,Cliente ausente,False
1148,965,3,2025-07-05 19:11:54.786857820,Entregado,True
1149,966,1,2025-06-21 12:54:44.215067664,Entregado,True
1150,967,1,2025-08-24 10:37:27.188321188,Entregado,True
1151,968,1,2025-04-06 04:52:14.425275374,Entregado,True
1152,969,1,2026-04-20 11:21:02.641485211,Entregado,True
1153,970,1,2025-03-28 05:31:01.762661949,Entregado,True
1154,971,1,2026-06-05 09:59:42.031255412,Entregado,True
1155,972,1,2026-01-16 20:18:36.000000000,Entregado,True
1156,973,1,2026-02-15 00:45:30.394152806,Entregado,True
1157,974,1,2025-08-21 20:27:12.352004787,Domicilio incorrecto,False
1158,974,2,2025-08-23 12:55:00.704009578,Entregado,True
1159,975,1,2025-09-08 10:18:36.000000000,Entregado,True
1160,976,1,2025-03-29 03:18:26.301881264,Entregado,True
1161,977,1,2025-07-15 01:53:32.378048941,Entregado,True
1162,978,1,2026-08-26 13:06:22.150955052,Entregado,True
1163,979,1,2026-08-31 13:42:42.877903784,Entregado,True
1164,980,1,2025-10-31 11:03:03.339684086,Entregado,True
1165,981,1,2025-12-27 11:05:30.804538498,Entregado,True
1166,982,1,2026-07-13 02:03:55.619672076,Entregado,True
1167,983,1,2026-04-01 06:25:08.336627004,Entregado,True
1168,984,1,2026-07-19 12:24:20.839621816,Entregado,True
1169,985,1,2026-05-21 19:16:12.000000000,Entregado,True
1170,986,1,2025-03-09 06:42:50.833632484,Entregado,True
1171,987,1,2026-07-21 10:58:24.915591951,Entregado,True
1172,988,1,2025-08-13 07:28:49.235093151,Entregado,True
1173,989,1,2025-03-17 08:05:22.255947211,Entregado,True
1174,990,1,2026-04-21 22:39:08.577150397,Entregado,True
1175,991,1,2026-02-20 21:57:13.729583721,Entregado,True
1176,992,1,2025-12-31 17:14:59.171210833,Domicilio incorrecto,False
1177,992,2,2026-01-01 21:38:58.342421670,Entregado,True
1178,993,1,2026-06-14 11:58:13.404127688,Entregado,True
1179,994,1,2025-03-22 21:59:30.943223725,Domicilio incorrecto,False
1180,994,2,2025-03-24 11:40:25.886447450,Entregado,True
1181,995,1,2025-07-11 20:05:28.592364433,Entregado,True
1182,996,1,2025-05-30 08:24:26.909755819,Entregado,True
1183,997,1,2026-03-24 11:33:58.922017570,Entregado,True
1184,998,1,2025-09-23 09:29:47.534405413,Entregado,True
1185,999,1,2026-05-28 05:23:56.283884307,Entregado,True
1186,1000,1,2025-10-30 22:58:49.851985972,Entregado,True
1187,1001,1,2026-04-14 06:30:42.459998932,Entregado,True
1188,1002,1,2026-01-05 04:02:53.673478141,Entregado,True
1189,1003,1,2026-02-06 20:27:54.140516384,Entregado,True
1190,1004,1,2026-05-09 12:48:20.790098334,Entregado,True
1191,1005,1,2026-06-27 17:35:00.072538807,Entregado,True
1192,1006,1,2026-04-25 16:46:13.168037704,Reprogramado,False
1193,1006,2,2026-04-26 03:27:02.336075409,Cliente ausente,False
1194,1006,3,2026-04-26 14:07:51.504113110,Entregado,True
1195,1007,1,2025-06-18 04:01:50.705023742,Cliente ausente,False
1196,1007,2,2025-06-18 22:16:53.410047484,Entregado,True
1197,1008,1,2026-08-31 10:16:08.966460291,Entregado,True
1198,1009,1,2025-04-04 14:48:18.013407570,Entregado,True
1199,1010,1,2025-10-29 11:17:53.730270340,Entregado,True
1200,1011,1,2025-06-24 21:06:29.920102659,Cliente ausente,False
1201,1011,2,2025-06-26 07:38:47.840205317,Entregado,True
1202,1012,1,2026-01-10 10:04:23.298183397,Entregado,True
1203,1013,1,2025-01-24 17:39:36.000000000,Entregado,True
1204,1014,1,2025-07-23 11:26:23.852893210,Entregado,True
1205,1015,1,2025-01-09 13:00:39.164832777,Entregado,True
1206,1016,1,2025-01-08 09:52:11.107923387,Cliente ausente,False
1207,1016,2,2025-01-10 12:34:10.215846771,Entregado,True
1208,1017,1,2025-06-13 20:46:56.580279391,Entregado,True
1209,1018,1,2026-08-21 03:04:51.118160286,Entregado,True
1210,1019,1,2025-09-06 05:05:19.228519266,Entregado,True
1211,1020,1,2025-06-16 18:52:49.172510042,Entregado,True
1212,1021,1,2026-03-07 02:02:18.406010158,Entregado,True
1213,1022,1,2025-05-28 03:10:30.144072536,Entregado,True
1214,1023,1,2026-05-29 16:29:31.478912439,Entregado,True
1215,1024,1,2026-06-30 15:57:49.076260585,Entregado,True
1216,1025,1,2026-05-28 17:37:03.220914190,Entregado,True
1217,1026,1,2025-08-10 19:29:45.536067056,Entregado,True
1218,1027,1,2026-08-02 16:04:12.138092522,Entregado,True
1219,1028,1,2025-03-20 06:03:42.277326386,Entregado,True
1220,1029,1,2025-11-18 10:20:09.369944595,Entregado,True
1221,1030,1,2025-02-10 04:00:49.663730019,Entregado,True
1222,1031,1,2026-07-21 23:00:20.378875899,Domicilio incorrecto,False
1223,1031,2,2026-07-23 05:11:28.757751795,Entregado,True
1224,1032,1,2026-05-31 19:18:55.370075396,Entregado,True
1225,1033,1,2025-09-05 16:30:53.721685598,Entregado,True
1226,1034,1,2025-05-22 16:47:29.323259397,Entregado,True
1227,1035,1,2025-09-17 03:34:12.629383028,Entregado,True
1228,1036,1,2026-01-17 17:55:08.121187156,Entregado,True
1229,1037,1,2026-04-24 05:17:09.757082688,Acceso restringido,False
1230,1037,2,2026-04-25 03:48:07.514165372,Entregado,True
1231,1038,1,2025-07-07 03:57:25.167505380,Entregado,True
1232,1039,1,2025-11-02 18:37:31.407743204,Entregado,True
1233,1040,1,2026-05-10 08:59:48.073066692,Entregado,True
1234,1041,1,2025-06-14 06:12:22.727953281,Entregado,True
1235,1042,1,2025-07-26 18:36:42.285825381,Entregado,True
1236,1043,1,2026-02-13 21:20:40.952321844,Entregado,True
1237,1044,1,2025-07-31 06:41:38.674705840,Entregado,True
1238,1045,1,2025-04-13 03:29:39.309570380,Reprogramado,False
1239,1045,2,2025-04-14 23:47:54.619140760,Entregado,True
1240,1046,1,2026-03-26 17:57:21.857340762,Entregado,True
1241,1047,1,2026-07-18 04:58:40.518272942,Entregado,True
1242,1048,1,2026-01-05 08:39:05.555569978,Entregado,True
1243,1049,1,2025-08-27 17:32:38.272545747,Entregado,True
1244,1050,1,2025-10-20 20:26:55.176863676,Entregado,True
1245,1051,1,2026-01-10 16:47:28.294709971,Entregado,True
1246,1052,1,2026-03-08 09:53:45.961558843,Entregado,True
1247,1053,1,2025-10-09 11:30:50.484083994,Entregado,True
1248,1054,1,2026-04-15 01:18:08.122648978,Entregado,True
1249,1055,1,2025-11-14 11:26:20.911465189,Entregado,True
1250,1056,1,2025-03-22 07:26:23.499718872,Entregado,True
1251,1057,1,2025-06-02 11:52:15.554477730,Entregado,True
1252,1058,1,2026-02-03 04:47:41.327441772,Entregado,True
1253,1059,1,2025-10-25 16:13:03.039610497,Entregado,True
1254,1060,1,2026-02-13 23:06:18.384444522,Entregado,True
1255,1061,1,2025-10-14 22:39:27.106520396,Entregado,True
1256,1062,1,2026-05-11 02:07:07.870477692,Entregado,True
1257,1063,1,2026-06-22 03:24:15.431843540,Entregado,True
1258,1064,1,2026-04-04 12:39:13.263285682,Entregado,True
1259,1065,1,2026-05-10 22:09:10.612919462,Entregado,True
1260,1066,1,2025-01-11 04:16:55.800971252,Cliente ausente,False
1261,1066,2,2025-01-12 10:51:51.601942504,Entregado,True
1262,1067,1,2025-05-15 11:35:42.368773898,Entregado,True
1263,1068,1,2025-03-21 16:03:35.158996094,Entregado,True
1264,1069,1,2025-05-13 22:59:44.921824587,Entregado,True
1265,1070,1,2026-02-17 03:42:16.168692607,Domicilio incorrecto,False
1266,1070,2,2026-02-17 23:08:56.337385218,Cliente ausente,False
1267,1070,3,2026-02-18 18:35:36.506077825,Entregado,True
1268,1071,1,2025-04-05 02:09:58.337949693,Entregado,True
1269,1072,1,2026-05-16 22:05:07.963044072,Entregado,True
1270,1073,1,2026-01-30 08:37:41.423735178,Entregado,True
1271,1074,1,2026-03-11 06:30:32.693591365,Entregado,True
1272,1075,1,2026-04-17 20:06:28.120007872,Cliente ausente,False
1273,1075,2,2026-04-18 10:59:44.240015745,Cliente ausente,False
1274,1075,3,2026-04-19 01:53:00.360023614,Entregado,True
1275,1076,1,2025-11-05 18:35:03.592248766,Entregado,True
1276,1077,1,2026-05-25 16:31:42.395104182,Entregado,True
1277,1078,1,2025-02-25 20:49:51.343171470,Entregado,True
1278,1079,1,2026-06-11 01:43:46.442139236,Entregado,True
1279,1080,1,2026-04-10 08:38:04.731678391,Entregado,True
1280,1081,1,2026-04-25 11:33:00.523905260,Entregado,True
1281,1082,1,2025-08-01 02:07:34.861327053,Entregado,True
1282,1083,1,2025-08-14 16:33:55.721100949,Entregado,True
1283,1084,1,2025-01-11 17:13:02.940854149,Entregado,True
1284,1085,1,2026-06-27 09:49:06.668945011,Entregado,True
1285,1086,1,2025-08-02 13:57:27.909094964,Reprogramado,False
1286,1086,2,2025-08-04 15:53:07.818189928,Entregado,True
1287,1087,1,2025-07-11 18:49:21.087788257,Entregado,True
1288,1088,1,2025-03-18 10:32:56.458577436,Entregado,True
1289,1089,1,2025-04-28 11:41:38.687152027,Entregado,True
1290,1090,1,2025-06-02 21:19:43.286380939,Entregado,True
1291,1091,1,2026-03-12 23:02:05.312352436,Cliente ausente,False
1292,1091,2,2026-03-13 09:58:10.624704873,Entregado,True
1293,1092,1,2025-03-26 22:40:57.657722016,Entregado,True
1294,1093,1,2025-08-02 10:31:22.291330904,Entregado,True
1295,1094,1,2026-04-09 20:37:23.278226494,Entregado,True
1296,1095,1,2025-06-28 13:17:31.365371720,Entregado,True
1297,1096,1,2025-11-12 06:48:22.025476468,Entregado,True
1298,1097,1,2025-06-10 18:55:41.539087254,Cliente ausente,False
1299,1097,2,2025-06-12 14:57:23.078174508,Entregado,True
1300,1098,1,2025-07-09 07:08:35.873408205,Entregado,True
1301,1099,1,2026-04-18 12:51:59.190545915,Entregado,True
1302,1100,1,2025-11-06 21:12:19.374960970,Entregado,True
1303,1101,1,2025-09-05 02:25:26.668580880,Entregado,True
1304,1102,1,2026-01-20 16:48:57.473542314,Cliente ausente,False
1305,1102,2,2026-01-21 21:36:06.947084628,Entregado,True
1306,1103,1,2025-02-12 06:50:44.861388499,Entregado,True
1307,1104,1,2025-10-14 18:50:33.939421530,Entregado,True
1308,1105,1,2025-10-31 17:49:55.582184272,Entregado,True
1309,1106,1,2026-03-13 22:17:22.857091166,Entregado,True
1310,1107,1,2026-01-08 03:43:53.014462107,Entregado,True
1311,1108,1,2026-05-02 23:22:42.632016267,Entregado,True
1312,1109,1,2026-03-13 18:30:42.881829570,Cliente ausente,False
1313,1109,2,2026-03-14 23:59:37.763659140,Entregado,True
1314,1110,1,2026-03-05 15:52:21.072582512,Reprogramado,False
1315,1110,2,2026-03-06 04:21:54.145165024,Cliente ausente,False
1316,1110,3,2026-03-06 16:51:27.217747537,Entregado,True
1317,1111,1,2025-07-02 20:32:17.125823745,Entregado,True
1318,1112,1,2025-12-08 06:12:16.723431964,Entregado,True
1319,1113,1,2026-05-08 09:55:45.145396682,Entregado,True
1320,1114,1,2026-05-12 16:22:28.091674236,Entregado,True
1321,1115,1,2025-06-15 09:13:53.675366430,Entregado,True
1322,1116,1,2026-07-15 05:53:01.767395565,Entregado,True
1323,1117,1,2026-04-03 06:16:05.392201796,Entregado,True
1324,1118,1,2025-04-05 21:49:37.128232326,Entregado,True
1325,1119,1,2025-04-16 19:21:55.699184354,Entregado,True
1326,1120,1,2026-03-17 08:18:53.306247085,Entregado,True
1327,1121,1,2026-05-14 16:29:48.681878373,Cliente ausente,False
1328,1121,2,2026-05-15 20:20:37.363756750,Domicilio incorrecto,False
1329,1121,3,2026-05-17 00:11:26.045635124,Entregado,True
1330,1122,1,2025-11-25 23:12:39.399339114,Entregado,True
1331,1123,1,2026-06-27 15:22:12.871416482,Entregado,True
1332,1124,1,2026-05-27 13:27:10.814247428,Entregado,True
1333,1125,1,2025-09-13 02:30:33.901405326,Entregado,True
1334,1126,1,2025-07-13 13:12:05.738824026,Entregado,True
1335,1127,1,2025-02-17 05:52:43.173563962,Entregado,True
1336,1128,1,2025-09-12 04:30:30.916013940,Entregado,True
1337,1129,1,2025-03-08 13:30:29.449375203,Entregado,True
1338,1130,1,2025-11-18 18:14:08.388277792,Entregado,True
1339,1131,1,2026-06-12 12:00:07.736735051,Entregado,True
1340,1132,1,2025-10-21 17:04:31.556439984,Entregado,True
1341,1133,1,2026-03-15 10:17:39.374238379,Entregado,True
1342,1134,1,2026-08-21 10:29:44.260474995,Entregado,True
1343,1135,1,2026-08-10 22:48:04.413847643,Entregado,True
1344,1136,1,2025-02-17 04:30:45.172570701,Cliente ausente,False
1345,1136,2,2025-02-17 17:08:06.345141406,Entregado,True
1346,1137,1,2026-02-22 17:09:48.255692947,Cliente ausente,False
1347,1137,2,2026-02-24 00:16:00.511385894,Cliente ausente,False
1348,1137,3,2026-02-25 07:22:12.767078841,Entregado,True
1349,1138,1,2026-08-17 09:59:25.849902742,Entregado,True
1350,1139,1,2026-03-30 08:49:53.070791001,Entregado,True
1351,1140,1,2026-07-11 12:58:59.577933144,Entregado,True
1352,1141,1,2025-03-15 19:00:55.554255252,Entregado,True
1353,1142,1,2025-02-23 19:01:27.726164320,Entregado,True
1354,1143,1,2025-08-23 17:00:22.161807093,Entregado,True
1355,1144,1,2025-07-24 04:45:25.043751374,Entregado,True
1356,1145,1,2026-07-05 22:16:29.794835071,Entregado,True
1357,1146,1,2025-02-19 01:29:15.479705436,Entregado,True
1358,1147,1,2026-06-07 21:26:11.347993798,Acceso restringido,False
1359,1147,2,2026-06-09 06:48:10.695987597,Entregado,True
1360,1148,1,2025-02-11 23:21:02.298627050,Entregado,True
1361,1149,1,2025-06-03 18:02:58.486666815,Reprogramado,False
1362,1149,2,2025-06-04 19:25:44.973333627,Cliente ausente,False
1363,1149,3,2025-06-05 20:48:31.460000443,Entregado,True
1364,1150,1,2026-07-09 19:09:44.723384593,Reprogramado,False
1365,1150,2,2026-07-11 17:35:05.446769190,Entregado,True
1366,1151,1,2025-08-01 02:20:55.970027847,Entregado,True
1367,1152,1,2025-07-21 18:51:00.000000000,Entregado,True
1368,1153,1,2026-03-12 15:44:24.448587763,Entregado,True
1369,1154,1,2026-07-20 15:30:05.580884710,Acceso restringido,False
1370,1154,2,2026-07-21 17:00:11.161769421,Reprogramado,False
1371,1154,3,2026-07-22 18:30:16.742654132,Entregado,True
1372,1155,1,2025-05-30 06:12:43.462686843,Entregado,True
1373,1156,1,2026-05-17 07:43:38.498723522,Entregado,True
1374,1157,1,2025-10-11 10:52:26.474066418,Entregado,True
1375,1158,1,2025-11-08 17:16:54.710438185,Entregado,True
1376,1159,1,2026-05-13 21:59:58.205205808,Entregado,True
1377,1160,1,2025-10-01 21:20:32.397654973,Domicilio incorrecto,False
1378,1160,2,2025-10-03 08:45:16.795309946,Entregado,True
1379,1161,1,2026-04-03 23:02:32.577617842,Entregado,True
1380,1162,1,2025-04-30 17:50:16.516166020,Domicilio incorrecto,False
1381,1162,2,2025-05-01 03:03:21.032332038,Entregado,True
1382,1163,1,2026-07-17 01:44:25.903531471,Entregado,True
1383,1164,1,2025-01-12 14:41:52.148239245,Entregado,True
1384,1165,1,2026-03-03 20:24:13.194526226,Entregado,True
1385,1166,1,2025-02-20 20:19:56.807765274,Entregado,True
1386,1167,1,2026-01-12 23:42:12.123036691,Entregado,True
1387,1168,1,2026-07-25 08:00:40.040572226,Entregado,True
1388,1169,1,2025-01-11 12:21:09.184368808,Entregado,True
1389,1170,1,2026-01-07 12:48:14.178411597,Entregado,True
1390,1171,1,2026-03-19 16:42:28.727592987,Entregado,True
1391,1172,1,2026-04-29 20:17:12.164218818,Cliente ausente,False
1392,1172,2,2026-04-30 06:43:24.328437639,Entregado,True
1393,1173,1,2025-10-03 19:15:41.475933097,Entregado,True
1394,1174,1,2026-06-09 07:47:59.730716151,Entregado,True
1395,1175,1,2025-04-25 15:17:37.073564592,Entregado,True
1396,1176,1,2026-06-17 11:36:37.728900673,Entregado,True
1397,1177,1,2026-05-15 23:41:23.133184944,Entregado,True
1398,1178,1,2025-01-25 11:17:40.124450616,Entregado,True
1399,1179,1,2025-02-04 11:57:03.260463804,Entregado,True
1400,1180,1,2025-05-16 05:11:39.727719297,Entregado,True
1401,1181,1,2025-01-30 17:31:08.439111760,Entregado,True
1402,1182,1,2026-01-03 16:38:20.337811076,Entregado,True
1403,1183,1,2026-08-28 10:48:36.155985429,Entregado,True
1404,1184,1,2025-04-05 12:50:33.450803804,Entregado,True
1405,1185,1,2026-06-30 14:11:42.620898883,Entregado,True
1406,1186,1,2025-08-28 15:50:05.876892798,Entregado,True
1407,1187,1,2025-01-22 09:13:35.119544462,Entregado,True
1408,1188,1,2025-10-18 05:42:08.100256359,Cliente ausente,False
1409,1188,2,2025-10-20 02:47:04.200512715,Entregado,True
1410,1189,1,2025-01-28 05:01:17.649506708,Entregado,True
1411,1190,1,2026-03-14 01:08:43.529806762,Entregado,True
1412,1191,1,2025-04-20 10:33:45.192381224,Cliente ausente,False
1413,1191,2,2025-04-21 10:52:30.384762445,Entregado,True
1414,1192,1,2025-11-25 01:02:23.622037591,Entregado,True
1415,1193,1,2026-06-19 02:38:35.531195154,Entregado,True
1416,1194,1,2025-11-28 12:49:22.101083385,Cliente ausente,False
1417,1194,2,2025-11-28 21:27:20.202166771,Entregado,True
1418,1195,1,2025-12-30 07:20:28.716154753,Entregado,True
1419,1196,1,2025-10-19 03:27:36.744128053,Entregado,True
1420,1197,1,2026-03-22 19:57:00.488306185,Entregado,True
1421,1198,1,2025-02-08 14:37:28.644821328,Entregado,True
1422,1199,1,2025-02-13 12:39:17.664029131,Entregado,True
1423,1200,1,2025-05-06 19:09:00.000000000,Entregado,True
1424,1201,1,2025-01-13 15:10:38.779381920,Entregado,True
1425,1202,1,2026-06-11 16:24:26.558987860,Cliente ausente,False
1426,1202,2,2026-06-13 03:32:41.117975721,Entregado,True
1427,1203,1,2025-05-13 05:38:29.192005953,Entregado,True
1428,1204,1,2025-11-25 23:46:09.410219014,Entregado,True
1429,1205,1,2025-07-07 03:14:57.247956175,Entregado,True
1430,1206,1,2025-10-11 08:58:15.695021467,Entregado,True
1431,1207,1,2025-02-22 21:51:12.386675617,Entregado,True
1432,1208,1,2026-07-09 14:52:06.409432023,Entregado,True
1433,1209,1,2026-06-19 11:29:47.729516816,Cliente ausente,False
1434,1209,2,2026-06-21 18:30:11.459033632,Entregado,True
1435,1210,1,2025-10-24 13:19:54.599028844,Entregado,True
1436,1211,1,2025-07-31 02:54:19.521119433,Entregado,True
1437,1212,1,2026-04-23 16:10:22.887681819,Entregado,True
1438,1213,1,2025-03-13 07:39:15.330786325,Entregado,True
1439,1214,1,2026-03-15 04:32:29.017647736,Entregado,True
1440,1215,1,2025-01-31 03:51:26.259468588,Entregado,True
1441,1216,1,2026-07-07 16:55:50.433460438,Cliente ausente,False
1442,1216,2,2026-07-08 04:15:04.866920877,Reprogramado,False
1443,1216,3,2026-07-08 15:34:19.300381316,Entregado,True
1444,1217,1,2025-04-18 11:33:58.551681697,Entregado,True
1445,1218,1,2026-08-12 11:27:34.141732689,Entregado,True
1446,1219,1,2026-07-29 17:16:21.791755866,Entregado,True
1447,1220,1,2025-01-13 06:24:32.246488213,Entregado,True
1448,1221,1,2025-08-06 09:46:13.743719277,Entregado,True
1449,1222,1,2025-11-19 22:21:14.815842577,Entregado,True
1450,1223,1,2026-04-08 06:45:29.525805050,Entregado,True
1451,1224,1,2026-06-10 10:39:59.118972260,Reprogramado,False
1452,1224,2,2026-06-10 14:57:10.237944517,Entregado,True
1453,1225,1,2026-08-03 15:04:54.127848604,Entregado,True
1454,1226,1,2025-06-10 10:10:32.781815547,Entregado,True
1455,1227,1,2026-04-11 03:19:17.593522719,Entregado,True
1456,1228,1,2026-06-08 15:39:18.135596304,Entregado,True
1457,1229,1,2025-10-02 16:22:33.538779872,Entregado,True
1458,1230,1,2025-08-30 05:51:25.817298145,Entregado,True
1459,1231,1,2025-06-20 13:37:43.246109377,Entregado,True
1460,1232,1,2025-11-26 13:37:48.209777824,Entregado,True
1461,1233,1,2026-06-17 09:29:58.899348250,Entregado,True
1462,1234,1,2025-10-01 21:46:02.545768891,Cliente ausente,False
1463,1234,2,2025-10-03 08:40:29.091537778,Entregado,True
1464,1235,1,2026-01-14 22:07:23.804096930,Entregado,True
1465,1236,1,2025-12-04 16:38:14.532142232,Entregado,True
1466,1237,1,2025-01-07 03:53:49.222436845,Entregado,True
1467,1238,1,2025-09-03 15:30:43.516556330,Entregado,True
1468,1239,1,2025-02-24 15:14:42.801678596,Entregado,True
1469,1240,1,2025-12-17 05:39:44.349409386,Entregado,True
1470,1241,1,2025-06-26 04:31:47.274393345,Entregado,True
1471,1242,1,2025-12-24 03:21:24.951436477,Entregado,True
1472,1243,1,2025-03-18 22:54:59.265603846,Entregado,True
1473,1244,1,2025-03-25 20:07:25.823513420,Entregado,True
1474,1245,1,2025-03-15 13:03:06.585783483,Entregado,True
1475,1246,1,2026-02-07 19:10:02.922705976,Entregado,True
1476,1247,1,2025-08-06 17:45:00.901152723,Cliente ausente,False
1477,1247,2,2025-08-07 03:53:25.802305447,Entregado,True
1478,1248,1,2026-03-28 21:03:36.000000000,Entregado,True
1479,1249,1,2026-01-04 14:30:19.820805534,Entregado,True
1480,1250,1,2026-08-15 15:57:07.638138630,Entregado,True
1481,1251,1,2025-10-26 03:33:45.329156765,Entregado,True
1482,1252,1,2025-01-25 18:15:44.585482975,Cliente ausente,False
1483,1252,2,2025-01-27 06:01:29.170965950,Acceso restringido,False
1484,1252,3,2025-01-28 17:47:13.756448921,Entregado,True
1485,1253,1,2025-02-23 05:42:17.389612454,Entregado,True
1486,1254,1,2025-10-19 22:07:37.373777277,Entregado,True
1487,1255,1,2026-03-21 22:49:21.754899058,Cliente ausente,False
1488,1255,2,2026-03-23 11:37:31.509798114,Entregado,True
1489,1256,1,2026-04-13 12:53:47.955722301,Entregado,True
1490,1257,1,2025-11-23 05:40:37.618956350,Entregado,True
1491,1258,1,2025-12-06 19:20:05.594747596,Entregado,True
1492,1259,1,2026-07-13 22:38:20.264486593,Entregado,True
1493,1260,1,2025-09-19 06:43:08.602814845,Entregado,True
1494,1261,1,2025-03-09 00:16:44.048057674,Entregado,True
1495,1262,1,2025-06-15 02:51:35.446183019,Entregado,True
1496,1263,1,2025-06-17 09:44:24.620697074,Entregado,True
1497,1264,1,2025-02-10 00:09:07.928412184,Acceso restringido,False
1498,1264,2,2025-02-11 09:00:15.856824369,Entregado,True
1499,1265,1,2025-11-17 05:26:44.878219742,Domicilio incorrecto,False
1500,1265,2,2025-11-17 23:22:53.756439484,Entregado,True
1501,1266,1,2025-12-28 00:58:35.592497619,Entregado,True
1502,1267,1,2025-11-20 23:39:56.243968614,Cliente ausente,False
1503,1267,2,2025-11-21 17:35:28.487937231,Entregado,True
1504,1268,1,2025-11-22 20:04:48.000000000,Entregado,True
1505,1269,1,2026-08-10 16:17:31.058611623,Cliente ausente,False
1506,1269,2,2026-08-11 03:09:50.117223247,Entregado,True
1507,1270,1,2025-09-17 14:46:11.583829991,Entregado,True
1508,1271,1,2026-03-16 17:46:22.745799210,Entregado,True
1509,1272,1,2026-01-10 03:35:01.390368818,Entregado,True
1510,1273,1,2025-06-14 13:16:34.946934790,Cliente ausente,False
1511,1273,2,2025-06-15 14:51:09.893869578,Reprogramado,False
1512,1273,3,2025-06-16 16:25:44.840804368,Entregado,True
1513,1274,1,2025-04-26 09:31:03.505953658,Entregado,True
1514,1275,1,2026-07-05 14:58:59.816633595,Entregado,True
1515,1276,1,2025-04-18 11:44:38.661218462,Entregado,True
1516,1277,1,2025-12-31 00:13:02.299779134,Entregado,True
1517,1278,1,2025-01-22 03:36:57.519367981,Cliente ausente,False
1518,1278,2,2025-01-23 00:28:55.038735958,Domicilio incorrecto,False
1519,1278,3,2025-01-23 21:20:52.558103940,Entregado,True
1520,1279,1,2025-05-12 15:43:29.332578910,Entregado,True
1521,1280,1,2026-05-01 14:13:22.041952413,Entregado,True
1522,1281,1,2025-07-18 21:17:33.897836508,Reprogramado,False
1523,1281,2,2025-07-19 13:37:31.795673012,Entregado,True
1524,1282,1,2026-06-05 21:11:59.512851412,Cliente ausente,False
1525,1282,2,2026-06-06 08:08:59.025702829,Reprogramado,False
1526,1282,3,2026-06-06 19:05:58.538554242,Entregado,True
1527,1283,1,2026-02-26 04:58:25.951971986,Entregado,True
1528,1284,1,2025-08-16 03:39:22.522310290,Entregado,True
1529,1285,1,2025-07-28 23:50:56.439234668,Cliente ausente,False
1530,1285,2,2025-07-29 14:49:04.878469336,Entregado,True
1531,1286,1,2025-09-06 04:37:39.516232346,Entregado,True
1532,1287,1,2025-10-17 14:57:13.969048946,Entregado,True
1533,1288,1,2025-03-09 19:07:09.600493569,Entregado,True
1534,1289,1,2025-06-07 00:04:43.559889970,Entregado,True
1535,1290,1,2026-05-10 23:21:01.241491165,Entregado,True
1536,1291,1,2026-03-13 19:33:30.631779255,Entregado,True
1537,1292,1,2025-08-07 10:43:53.641345494,Entregado,True
1538,1293,1,2026-03-07 00:34:21.175097988,Cliente ausente,False
1539,1293,2,2026-03-08 11:23:42.350195976,Entregado,True
1540,1294,1,2026-05-22 14:36:59.445400561,Entregado,True
1541,1295,1,2026-08-20 16:37:03.623322118,Entregado,True
1542,1296,1,2025-08-09 12:19:48.000000000,Entregado,True
1543,1297,1,2026-03-13 17:29:42.365034798,Entregado,True
1544,1298,1,2025-10-10 10:21:27.047559646,Entregado,True
1545,1299,1,2025-04-04 22:22:43.529197040,Entregado,True
1546,1300,1,2026-06-10 20:21:57.711378744,Acceso restringido,False
1547,1300,2,2026-06-12 21:41:31.422757488,Entregado,True
1548,1301,1,2025-05-21 22:17:02.486833440,Entregado,True
1549,1302,1,2025-01-27 13:51:51.849462279,Entregado,True
1550,1303,1,2026-02-25 19:09:27.567809337,Entregado,True
1551,1304,1,2025-12-16 14:02:01.651872480,Entregado,True
1552,1305,1,2025-08-29 10:17:13.670697559,Entregado,True
1553,1306,1,2026-05-25 07:06:57.179363976,Entregado,True
1554,1307,1,2025-07-19 06:53:58.443410634,Entregado,True
1555,1308,1,2026-07-03 02:50:04.330794789,Entregado,True
1556,1309,1,2026-01-18 12:56:41.248089672,Entregado,True
1557,1310,1,2026-06-03 14:14:09.820141763,Entregado,True
1558,1311,1,2025-01-07 00:40:12.000000000,Entregado,True
1559,1312,1,2025-11-03 07:49:53.581119134,Entregado,True
1560,1313,1,2025-07-13 11:39:58.146502881,Entregado,True
1561,1314,1,2026-01-16 09:03:56.046713382,Entregado,True
1562,1315,1,2026-06-12 10:05:32.446386405,Entregado,True
1563,1316,1,2025-02-06 05:38:51.081618026,Entregado,True
1564,1317,1,2025-03-13 04:32:06.138204226,Cliente ausente,False
1565,1317,2,2025-03-15 02:21:00.276408453,Entregado,True
1566,1318,1,2025-10-18 11:13:47.183240172,Entregado,True
1567,1319,1,2025-04-18 08:36:00.862044148,Entregado,True
1568,1320,1,2025-11-12 18:39:26.433869338,Entregado,True
1569,1321,1,2025-02-27 05:59:20.615459265,Entregado,True
1570,1322,1,2025-04-22 07:07:28.960955896,Entregado,True
1571,1323,1,2025-11-06 10:19:36.439103632,Entregado,True
1572,1324,1,2025-02-08 10:24:20.692986069,Entregado,True
1573,1325,1,2025-05-16 13:15:48.043280660,Entregado,True
1574,1326,1,2025-01-26 02:40:31.525024785,Entregado,True
1575,1327,1,2025-02-06 11:02:18.310178029,Entregado,True
1576,1328,1,2026-01-01 18:46:40.353455297,Entregado,True
1577,1329,1,2026-02-24 00:21:10.557766242,Entregado,True
1578,1330,1,2026-03-09 09:17:53.207469402,Entregado,True
1579,1331,1,2026-06-04 04:20:02.211336027,Entregado,True
1580,1332,1,2026-04-13 10:04:43.094215977,Reprogramado,False
1581,1332,2,2026-04-14 06:15:26.188431958,Entregado,True
1582,1333,1,2026-07-03 17:05:49.372831499,Entregado,True
1583,1334,1,2026-07-23 16:10:40.357017566,Entregado,True
1584,1335,1,2025-08-01 12:01:53.209343611,Entregado,True
1585,1336,1,2026-05-18 10:02:11.473586448,Entregado,True
1586,1337,1,2025-09-01 08:08:08.614878200,Entregado,True
1587,1338,1,2025-06-21 13:37:13.185378505,Entregado,True
1588,1339,1,2025-10-22 23:16:49.129645994,Entregado,True
1589,1340,1,2025-11-12 20:44:54.364424794,Entregado,True
1590,1341,1,2025-05-08 17:54:15.413252209,Reprogramado,False
1591,1341,2,2025-05-10 01:07:42.826504418,Entregado,True
1592,1342,1,2026-01-06 21:42:01.131736561,Entregado,True
1593,1343,1,2025-01-24 15:02:46.720919547,Entregado,True
1594,1344,1,2025-11-14 13:13:01.740510044,Entregado,True
1595,1345,1,2025-04-02 23:35:11.380221340,Entregado,True
1596,1346,1,2026-02-09 13:01:51.100988419,Reprogramado,False
1597,1346,2,2026-02-10 13:57:42.201976842,Entregado,True
1598,1347,1,2026-06-05 12:13:11.493821931,Entregado,True
1599,1348,1,2026-03-31 06:50:11.120214472,Entregado,True
1600,1349,1,2025-05-30 18:54:21.309727460,Entregado,True
1601,1350,1,2025-03-24 20:02:20.479510464,Entregado,True
1602,1351,1,2025-01-18 17:34:51.658408934,Entregado,True
1603,1352,1,2025-05-20 02:45:38.575313434,Entregado,True
1604,1353,1,2026-05-25 15:40:21.228039429,Entregado,True
1605,1354,1,2026-07-10 18:58:45.909628100,Entregado,True
1606,1355,1,2025-03-18 11:18:09.934654086,Entregado,True
1607,1356,1,2025-02-21 18:39:00.524535642,Entregado,True
1608,1357,1,2025-01-11 06:51:41.217719234,Reprogramado,False
1609,1357,2,2025-01-12 00:09:46.435438468,Entregado,True
1610,1358,1,2025-04-17 02:03:15.544968714,Entregado,True
1611,1359,1,2026-01-24 16:03:07.870986691,Entregado,True
1612,1360,1,2025-10-30 02:03:05.536031544,Entregado,True
1613,1361,1,2026-01-29 00:31:08.369872154,Entregado,True
1614,1362,1,2026-04-21 10:58:39.630420951,Entregado,True
1615,1363,1,2025-05-24 08:42:13.991991886,Domicilio incorrecto,False
1616,1363,2,2025-05-26 05:07:39.983983777,Entregado,True
1617,1364,1,2025-06-21 09:42:50.882755950,Entregado,True
1618,1365,1,2025-01-16 03:25:07.619398521,Entregado,True
1619,1366,1,2026-03-29 22:23:47.455368045,Entregado,True
1620,1367,1,2025-06-27 02:13:43.769439004,Entregado,True
1621,1368,1,2025-05-15 13:59:54.535855768,Entregado,True
1622,1369,1,2026-06-25 11:30:19.104297742,Cliente ausente,False
1623,1369,2,2026-06-26 16:25:14.208595482,Entregado,True
1624,1370,1,2026-08-22 03:42:56.827238090,Entregado,True
1625,1371,1,2025-09-29 09:21:54.100825408,Entregado,True
1626,1372,1,2025-09-11 01:35:03.360517684,Entregado,True
1627,1373,1,2026-01-06 17:49:10.954560522,Entregado,True
1628,1374,1,2026-06-13 03:09:42.391887757,Entregado,True
1629,1375,1,2025-06-28 04:05:21.800982202,Entregado,True
1630,1376,1,2026-07-01 23:52:13.705747837,Entregado,True
1631,1377,1,2025-09-20 18:07:06.762256359,Entregado,True
1632,1378,1,2025-09-19 08:27:29.687203184,Entregado,True
1633,1379,1,2025-05-19 09:22:31.339821763,Entregado,True
1634,1380,1,2026-04-08 18:59:47.664212354,Entregado,True
1635,1381,1,2026-05-06 17:33:15.995089393,Entregado,True
1636,1382,1,2025-03-23 09:52:26.541386313,Entregado,True
1637,1383,1,2026-01-05 14:19:53.554629457,Entregado,True
1638,1384,1,2025-03-02 07:28:12.732355592,Entregado,True
1639,1385,1,2025-03-16 13:40:38.074647846,Entregado,True
1640,1386,1,2025-05-12 01:31:52.256005111,Entregado,True
1641,1387,1,2026-02-19 19:26:09.254022435,Entregado,True
1642,1388,1,2025-11-13 04:55:42.951494891,Reprogramado,False
1643,1388,2,2025-11-15 02:34:01.902989786,Entregado,True
1644,1389,1,2026-01-10 02:44:12.379782375,Entregado,True
1645,1390,1,2026-03-14 19:45:27.106785586,Entregado,True
1646,1391,1,2025-05-19 15:53:25.856085534,Cliente ausente,False
1647,1391,2,2025-05-20 18:18:39.712171068,Acceso restringido,False
1648,1391,3,2025-05-21 20:43:53.568256602,Entregado,True
1649,1392,1,2025-01-10 12:57:47.548488078,Entregado,True
1650,1393,1,2025-08-24 06:54:46.142847460,Entregado,True
1651,1394,1,2026-02-03 10:40:38.856596700,Entregado,True
1652,1395,1,2026-07-29 07:15:34.117484684,Cliente ausente,False
1653,1395,2,2026-07-29 23:32:20.234969368,Entregado,True
1654,1396,1,2025-11-16 05:16:02.925757106,Entregado,True
1655,1397,1,2026-05-25 13:56:08.297449947,Entregado,True
1656,1398,1,2026-06-07 15:13:38.970360930,Entregado,True
1657,1399,1,2025-03-29 02:48:01.269215204,Entregado,True
1658,1400,1,2025-11-17 14:00:15.512921456,Entregado,True
1659,1401,1,2025-11-30 13:58:44.556868689,Domicilio incorrecto,False
1660,1401,2,2025-12-01 08:01:05.113737382,Cliente ausente,False
1661,1401,3,2025-12-02 02:03:25.670606072,Entregado,True
1662,1402,1,2025-09-01 06:12:55.136436926,Entregado,True
1663,1403,1,2025-02-26 13:20:38.761280008,Entregado,True
1664,1404,1,2025-04-20 10:36:36.000000000,Entregado,True
1665,1405,1,2025-01-17 09:47:12.309753721,Entregado,True
1666,1406,1,2025-03-16 08:04:53.885575930,Entregado,True
1667,1407,1,2025-07-24 13:59:57.407430253,Entregado,True
1668,1408,1,2025-04-05 02:43:49.878602306,Entregado,True
1669,1409,1,2025-02-07 08:27:10.620903668,Entregado,True
1670,1410,1,2026-08-27 09:51:23.259815895,Entregado,True
1671,1411,1,2026-02-27 01:56:06.288933087,Entregado,True
1672,1412,1,2025-07-23 13:42:14.313657834,Entregado,True
1673,1413,1,2026-07-07 01:30:14.638419662,Entregado,True
1674,1414,1,2025-11-11 00:09:28.201659904,Entregado,True
1675,1415,1,2026-04-18 10:19:42.613476589,Entregado,True
1676,1416,1,2026-01-31 08:24:02.690196677,Entregado,True
1677,1417,1,2025-08-03 09:46:18.756755731,Entregado,True
1678,1418,1,2026-07-27 01:14:34.876831578,Entregado,True
1679,1419,1,2025-06-06 07:41:18.669088924,Entregado,True
1680,1420,1,2025-11-20 16:58:21.045062830,Entregado,True
1681,1421,1,2026-03-12 15:04:28.508210076,Entregado,True
1682,1422,1,2026-07-29 00:40:22.083686378,Cliente ausente,False
1683,1422,2,2026-07-29 20:27:56.167372756,Entregado,True
1684,1423,1,2025-02-11 22:59:30.281486211,Entregado,True
1685,1424,1,2025-02-12 21:37:01.099563963,Entregado,True
1686,1425,1,2026-03-29 10:36:00.000000000,Entregado,True
1687,1426,1,2025-07-10 05:58:02.165185329,Entregado,True
1688,1427,1,2025-01-16 23:29:35.670880298,Cliente ausente,False
1689,1427,2,2025-01-18 16:30:23.341760593,Entregado,True
1690,1428,1,2025-05-05 13:06:11.279829459,Reprogramado,False
1691,1428,2,2025-05-06 14:12:22.559658922,Entregado,True
1692,1429,1,2025-10-10 21:31:56.323775517,Entregado,True
1693,1430,1,2025-02-20 01:47:18.990478172,Entregado,True
1694,1431,1,2025-07-11 16:46:27.933977298,Entregado,True
1695,1432,1,2025-11-03 05:54:18.403818660,Entregado,True
1696,1433,1,2026-07-16 06:56:43.313816461,Entregado,True
1697,1434,1,2025-04-20 01:51:02.501141695,Entregado,True
1698,1435,1,2026-01-06 17:43:03.037220522,Entregado,True
1699,1436,1,2026-05-19 09:41:13.664860936,Entregado,True
1700,1437,1,2026-04-06 13:33:41.976756579,Entregado,True
1701,1438,1,2025-09-05 02:48:05.385868506,Cliente ausente,False
1702,1438,2,2025-09-05 22:16:22.771737012,Domicilio incorrecto,False
1703,1438,3,2025-09-06 17:44:40.157605518,Entregado,True
1704,1439,1,2025-07-27 23:05:26.268881690,Entregado,True
1705,1440,1,2026-05-23 16:28:57.572395845,Entregado,True
1706,1441,1,2026-01-01 10:52:27.118066742,Entregado,True
1707,1442,1,2025-12-08 09:00:16.741218780,Entregado,True
1708,1443,1,2026-02-13 21:27:22.818845894,Entregado,True
1709,1444,1,2026-03-31 23:21:58.185012956,Entregado,True
1710,1445,1,2025-05-31 01:12:08.130359811,Reprogramado,False
1711,1445,2,2025-05-31 11:51:16.260719619,Entregado,True
1712,1446,1,2025-07-15 20:31:44.872751531,Entregado,True
1713,1447,1,2025-05-30 20:02:00.130031628,Entregado,True
1714,1448,1,2026-02-13 03:27:15.631609579,Entregado,True
1715,1449,1,2025-07-04 23:39:52.381124431,Entregado,True
1716,1450,1,2025-04-17 12:19:42.007902304,Entregado,True
1717,1451,1,2025-08-28 03:42:45.168727928,Entregado,True
1718,1452,1,2025-06-30 06:42:12.711310740,Cliente ausente,False
1719,1452,2,2025-07-01 14:02:49.422621476,Cliente ausente,False
1720,1452,3,2025-07-02 21:23:26.133932216,Entregado,True
1721,1453,1,2026-03-11 05:59:23.012803669,Entregado,True
1722,1454,1,2026-02-08 03:17:37.710823704,Entregado,True
1723,1455,1,2026-06-12 13:42:54.332272504,Entregado,True
1724,1456,1,2026-06-26 11:18:01.805949835,Entregado,True
1725,1457,1,2025-11-22 07:31:11.055562424,Entregado,True
1726,1458,1,2025-09-20 17:56:32.855525743,Entregado,True
1727,1459,1,2026-02-06 15:26:14.329245634,Entregado,True
1728,1460,1,2025-12-05 20:44:44.536163226,Entregado,True
1729,1461,1,2026-07-13 06:28:25.116588678,Entregado,True
1730,1462,1,2026-02-21 11:31:50.969567823,Entregado,True
1731,1463,1,2026-01-19 16:39:00.000000000,Entregado,True
1732,1464,1,2026-04-28 00:47:15.677041524,Cliente ausente,False
1733,1464,2,2026-04-30 05:28:31.354083048,Entregado,True
1734,1465,1,2025-11-03 05:26:36.556792407,Entregado,True
1735,1466,1,2025-07-16 03:33:20.169206701,Entregado,True
1736,1467,1,2025-12-03 15:01:03.371827440,Entregado,True
1737,1468,1,2025-01-22 06:21:50.314770464,Cliente ausente,False
1738,1468,2,2025-01-24 00:29:52.629540928,Entregado,True
1739,1469,1,2026-03-13 13:43:00.159297668,Entregado,True
1740,1470,1,2026-03-04 08:34:40.072371726,Entregado,True
1741,1471,1,2025-08-19 16:28:36.828443470,Entregado,True
1742,1472,1,2026-06-09 00:25:42.333894181,Domicilio incorrecto,False
1743,1472,2,2026-06-09 07:24:24.667788362,Entregado,True
1744,1473,1,2025-08-07 01:45:29.241998193,Entregado,True
1745,1474,1,2026-08-16 18:30:07.976234912,Entregado,True
1746,1475,1,2026-01-14 15:43:47.006414302,Entregado,True
1747,1476,1,2025-02-06 05:07:02.071328466,Entregado,True
1748,1477,1,2025-02-01 07:28:56.704341442,Entregado,True
1749,1478,1,2026-01-10 22:50:12.554451632,Entregado,True
1750,1479,1,2025-03-30 20:07:30.007935685,Entregado,True
1751,1480,1,2025-07-10 21:07:11.975732356,Entregado,True
1752,1481,1,2026-03-02 01:14:50.239451385,Entregado,True
1753,1482,1,2025-03-24 05:33:51.774284037,Entregado,True
1754,1483,1,2025-07-07 18:10:25.736728072,Entregado,True
1755,1484,1,2025-01-09 11:52:33.629133673,Entregado,True
1756,1485,1,2026-07-17 17:21:13.591878498,Entregado,True
1757,1486,1,2026-05-15 23:00:38.558226700,Entregado,True
1758,1487,1,2025-01-03 00:56:38.030764178,Entregado,True
1759,1488,1,2025-08-08 09:50:56.756809316,Entregado,True
1760,1489,1,2026-06-22 06:36:04.630799023,Entregado,True
1761,1490,1,2025-09-15 03:48:13.734423532,Cliente ausente,False
1762,1490,2,2025-09-15 23:28:03.468847069,Reprogramado,False
1763,1490,3,2025-09-16 19:07:53.203270602,Entregado,True
1764,1491,1,2026-03-31 02:47:57.685285705,Entregado,True
1765,1492,1,2026-03-05 14:55:16.014307346,Entregado,True
1766,1493,1,2025-11-23 11:38:39.820662060,Entregado,True
1767,1494,1,2026-05-15 08:48:39.593148055,Entregado,True
1768,1495,1,2026-08-06 19:55:03.944865619,Entregado,True
1769,1496,1,2026-05-21 15:20:57.765755961,Entregado,True
1770,1497,1,2025-10-01 14:12:56.766260952,Entregado,True
1771,1498,1,2025-04-20 17:55:43.430450649,Entregado,True
1772,1499,1,2026-06-16 17:32:29.281525389,Entregado,True
1773,1500,1,2026-04-29 01:21:15.642153936,Entregado,True
1774,1501,1,2026-08-19 07:02:45.869959615,Entregado,True
1775,1502,1,2025-01-04 18:29:24.000000000,Entregado,True
1776,1503,1,2025-12-21 15:20:44.361841318,Entregado,True
1777,1504,1,2025-12-18 17:41:54.342292747,Cliente ausente,False
1778,1504,2,2025-12-20 00:22:36.684585498,Cliente ausente,False
1779,1504,3,2025-12-21 07:03:19.026878245,Entregado,True
1780,1505,1,2025-08-17 03:50:13.321866249,Cliente ausente,False
1781,1505,2,2025-08-17 23:31:26.643732499,Entregado,True
1782,1506,1,2026-04-12 15:34:21.771849594,Entregado,True
1783,1507,1,2025-09-04 05:42:23.628581942,Entregado,True
1784,1508,1,2025-06-28 10:00:30.128358628,Entregado,True
1785,1509,1,2026-06-28 21:56:16.312019085,Entregado,True
1786,1510,1,2026-07-18 03:23:21.964871101,Entregado,True
1787,1511,1,2026-07-19 16:12:44.922515726,Entregado,True
1788,1512,1,2025-08-22 18:23:24.149582098,Entregado,True
1789,1513,1,2025-02-11 02:51:15.674780260,Entregado,True
1790,1514,1,2026-03-22 18:53:10.265931844,Entregado,True
1791,1515,1,2026-07-13 11:46:05.398903146,Entregado,True
1792,1516,1,2026-05-03 10:16:30.171576036,Entregado,True
1793,1517,1,2025-03-31 22:57:05.607741625,Cliente ausente,False
1794,1517,2,2025-04-02 00:48:47.215483250,Entregado,True
1795,1518,1,2025-11-18 15:19:47.613812610,Entregado,True
1796,1519,1,2026-03-14 12:38:30.600835947,Entregado,True
1797,1520,1,2025-08-31 08:23:10.958246116,Entregado,True
1798,1521,1,2025-03-16 09:44:47.884809919,Entregado,True
1799,1522,1,2026-02-04 17:26:41.317156906,Entregado,True
1800,1523,1,2026-02-10 04:27:27.786952324,Entregado,True
1801,1524,1,2025-09-10 09:32:05.692894386,Entregado,True
1802,1525,1,2025-07-16 11:37:24.883657003,Entregado,True
1803,1526,1,2026-07-29 17:07:20.498327767,Entregado,True
1804,1527,1,2026-08-11 13:13:26.437279980,Entregado,True
1805,1528,1,2025-08-13 09:39:17.460925081,Entregado,True
1806,1529,1,2025-07-01 18:35:57.264046047,Entregado,True
1807,1530,1,2025-09-18 00:01:12.490308066,Entregado,True
1808,1531,1,2025-03-31 11:19:45.749186446,Entregado,True
1809,1532,1,2026-05-08 20:42:09.056731431,Entregado,True
1810,1533,1,2025-12-04 04:49:26.554908086,Reprogramado,False
1811,1533,2,2025-12-05 15:31:05.109816176,Entregado,True
1812,1534,1,2026-06-25 20:26:52.307136499,Entregado,True
1813,1535,1,2026-02-12 22:44:09.086883673,Entregado,True
1814,1536,1,2025-12-31 22:50:49.850488161,Entregado,True
1815,1537,1,2026-03-19 18:00:51.430055846,Entregado,True
1816,1538,1,2025-02-02 19:55:33.418692555,Entregado,True
1817,1539,1,2026-07-03 12:50:43.560874320,Entregado,True
1818,1540,1,2025-08-13 20:48:12.913673389,Entregado,True
1819,1541,1,2025-05-07 13:25:41.301701572,Entregado,True
1820,1542,1,2025-08-03 22:41:57.112561399,Entregado,True
1821,1543,1,2025-04-29 04:04:13.979280406,Entregado,True
1822,1544,1,2025-08-18 07:43:04.995680005,Entregado,True
1823,1545,1,2026-03-21 12:21:17.339130428,Entregado,True
1824,1546,1,2026-07-06 16:26:19.955292032,Entregado,True
1825,1547,1,2026-09-04 22:56:11.748241518,Entregado,True
1826,1548,1,2026-03-14 17:37:46.915025786,Cliente ausente,False
1827,1548,2,2026-03-16 01:28:45.830051572,Entregado,True
1828,1549,1,2025-01-15 04:02:43.885788180,Entregado,True
1829,1550,1,2025-05-04 02:24:12.177046731,Entregado,True
1830,1551,1,2026-05-07 01:01:51.920844654,Entregado,True
1831,1552,1,2025-09-10 19:41:49.556336931,Entregado,True
1832,1553,1,2026-08-06 21:54:41.119901787,Entregado,True
1833,1554,1,2026-07-08 17:27:44.125169623,Entregado,True
1834,1555,1,2025-10-09 14:40:42.297633523,Entregado,True
1835,1556,1,2025-12-06 13:52:54.806818310,Entregado,True
1836,1557,1,2025-06-19 16:38:32.656237785,Entregado,True
1837,1558,1,2025-11-26 05:33:13.409602912,Entregado,True
1838,1559,1,2025-09-05 07:22:02.130997875,Entregado,True
1839,1560,1,2026-08-16 13:53:08.794334846,Entregado,True
1840,1561,1,2026-05-16 18:19:57.701332916,Entregado,True
1841,1562,1,2025-01-16 06:38:19.079556075,Entregado,True
1842,1563,1,2026-01-03 18:26:14.926780399,Entregado,True
1843,1564,1,2025-04-10 12:52:08.269678077,Entregado,True
1844,1565,1,2025-03-15 20:05:05.985043494,Entregado,True
1845,1566,1,2025-12-26 01:08:56.225925790,Entregado,True
1846,1567,1,2026-07-02 20:18:50.665594791,Entregado,True
1847,1568,1,2025-09-08 12:23:21.990160464,Entregado,True
1848,1569,1,2025-09-12 00:30:21.760288488,Entregado,True
1849,1570,1,2025-07-02 17:13:46.887910071,Entregado,True
1850,1571,1,2025-06-19 15:41:49.204305096,Entregado,True
1851,1572,1,2025-01-06 03:35:54.727734616,Entregado,True
1852,1573,1,2026-04-11 09:40:39.456787620,Entregado,True
1853,1574,1,2025-05-28 20:21:37.276661829,Entregado,True
1854,1575,1,2025-06-16 07:42:10.931449392,Entregado,True
1855,1576,1,2025-12-11 19:34:34.913552617,Entregado,True
1856,1577,1,2025-04-18 17:43:14.482280956,Entregado,True
1857,1578,1,2026-07-05 20:17:05.606881285,Entregado,True
1858,1579,1,2025-11-14 11:52:00.778691452,Entregado,True
1859,1580,1,2025-06-21 21:52:51.456942814,Entregado,True
1860,1581,1,2026-06-09 07:47:47.507578692,Entregado,True
1861,1582,1,2026-08-22 12:52:39.797704754,Entregado,True
1862,1583,1,2026-03-13 07:24:10.764737589,Cliente ausente,False
1863,1583,2,2026-03-14 04:24:57.529475179,Entregado,True
1864,1584,1,2026-05-30 10:51:39.037355456,Entregado,True
1865,1585,1,2026-02-17 11:28:41.866494700,Entregado,True
1866,1586,1,2026-03-16 20:09:32.346354517,Entregado,True
1867,1587,1,2026-06-26 21:31:22.848668583,Entregado,True
1868,1588,1,2026-08-05 22:54:52.438007397,Entregado,True
1869,1589,1,2025-03-06 11:22:19.259399143,Entregado,True
1870,1590,1,2025-02-02 18:05:24.706169484,Entregado,True
1871,1591,1,2026-08-24 23:24:35.291228990,Entregado,True
1872,1592,1,2026-04-11 23:22:54.141232076,Entregado,True
1873,1593,1,2026-07-18 16:56:55.570091931,Cliente ausente,False
1874,1593,2,2026-07-20 00:59:51.140183863,Entregado,True
1875,1594,1,2026-08-02 04:38:20.453298000,Entregado,True
1876,1595,1,2025-03-25 11:04:14.218422438,Entregado,True
1877,1596,1,2025-12-11 17:30:33.060957822,Entregado,True
1878,1597,1,2025-08-24 16:27:50.949904194,Entregado,True
1879,1598,1,2025-05-12 07:39:50.744415214,Entregado,True
1880,1599,1,2025-01-19 16:36:05.375922051,Entregado,True
1881,1600,1,2025-12-25 16:45:35.229525307,Entregado,True
1882,1601,1,2026-02-27 03:32:36.435151122,Entregado,True
1883,1602,1,2026-08-29 10:32:24.000000000,Entregado,True
1884,1603,1,2025-03-25 21:44:24.577583802,Entregado,True
1885,1604,1,2025-05-03 06:28:15.712211877,Entregado,True
1886,1605,1,2026-05-09 10:58:48.000000000,Entregado,True
1887,1606,1,2026-05-09 11:17:37.647365924,Domicilio incorrecto,False
1888,1606,2,2026-05-11 00:28:03.294731848,Acceso restringido,False
1889,1606,3,2026-05-12 13:38:28.942097773,Entregado,True
1890,1607,1,2025-08-16 03:34:08.524571653,Entregado,True
1891,1608,1,2026-02-24 11:48:11.074832866,Cliente ausente,False
1892,1608,2,2026-02-25 16:15:22.149665733,Entregado,True
1893,1609,1,2025-05-18 16:18:51.481578495,Reprogramado,False
1894,1609,2,2025-05-19 15:08:18.963156994,Entregado,True
1895,1610,1,2025-08-18 00:07:51.031493637,Entregado,True
1896,1611,1,2025-12-01 12:36:16.183304920,Domicilio incorrecto,False
1897,1611,2,2025-12-02 08:35:56.366609838,Entregado,True
1898,1612,1,2025-08-18 15:45:11.378028106,Entregado,True
1899,1613,1,2025-04-21 19:00:50.172271333,Entregado,True
1900,1614,1,2026-03-23 12:41:12.527067429,Entregado,True
1901,1615,1,2025-01-10 18:23:41.741541582,Entregado,True
1902,1616,1,2025-05-12 09:35:35.941313767,Entregado,True
1903,1617,1,2025-12-21 21:59:54.784628606,Entregado,True
1904,1618,1,2025-09-28 13:17:49.490505286,Entregado,True
1905,1619,1,2025-08-03 15:01:17.435775946,Reprogramado,False
1906,1619,2,2025-08-04 21:13:22.871551893,Entregado,True
1907,1620,1,2025-09-05 16:40:01.136998419,Cliente ausente,False
1908,1620,2,2025-09-06 11:40:26.273996839,Entregado,True
1909,1621,1,2026-08-22 05:07:51.062360019,Entregado,True
1910,1622,1,2026-02-28 00:57:53.452065808,Entregado,True
1911,1623,1,2025-02-14 08:55:27.229486688,Entregado,True
1912,1624,1,2025-12-17 03:58:57.096900289,Entregado,True
1913,1625,1,2025-05-26 16:41:54.427778199,Entregado,True
1914,1626,1,2025-05-25 01:45:14.631986746,Entregado,True
1915,1627,1,2026-07-19 10:55:12.000000000,Entregado,True
1916,1628,1,2025-04-21 01:34:19.793748467,Entregado,True
1917,1629,1,2025-02-04 19:51:38.639476134,Entregado,True
1918,1630,1,2025-07-22 00:20:40.088844265,Entregado,True
1919,1631,1,2025-05-01 22:40:10.097825926,Entregado,True
1920,1632,1,2025-07-06 20:11:05.909566614,Entregado,True
1921,1633,1,2025-08-04 07:25:07.028697866,Entregado,True
1922,1634,1,2025-05-13 12:20:34.299449329,Entregado,True
1923,1635,1,2025-10-02 10:06:19.867151401,Entregado,True
1924,1636,1,2025-01-10 07:09:27.254326078,Entregado,True
1925,1637,1,2026-02-10 12:46:16.787134339,Entregado,True
1926,1638,1,2026-08-05 21:43:04.714718012,Entregado,True
1927,1639,1,2026-01-07 01:46:17.576866880,Entregado,True
1928,1640,1,2025-02-23 13:25:07.763366708,Reprogramado,False
1929,1640,2,2025-02-24 16:11:51.526733416,Entregado,True
1930,1641,1,2025-12-04 21:46:27.254085438,Entregado,True
1931,1642,1,2025-10-11 12:41:19.842640958,Entregado,True
1932,1643,1,2025-02-04 14:43:14.404758499,Entregado,True
1933,1644,1,2025-12-09 13:03:36.000000000,Entregado,True
1934,1645,1,2025-08-30 22:34:50.194714418,Entregado,True
1935,1646,1,2026-05-09 04:49:18.688483171,Entregado,True
1936,1647,1,2025-06-30 17:59:36.103662268,Entregado,True
1937,1648,1,2025-02-14 18:20:23.483204394,Entregado,True
1938,1649,1,2025-11-05 01:13:29.962054250,Entregado,True
1939,1650,1,2025-09-26 21:56:24.000000000,Entregado,True
1940,1651,1,2026-02-07 03:12:13.367380658,Entregado,True
1941,1652,1,2026-08-29 20:13:29.953757899,Entregado,True
1942,1653,1,2026-03-10 13:30:58.603973554,Entregado,True
1943,1654,1,2026-03-02 06:14:19.733110868,Entregado,True
1944,1655,1,2025-05-15 00:45:23.909392731,Entregado,True
1945,1656,1,2026-02-18 10:27:01.094120010,Entregado,True
1946,1657,1,2025-08-16 08:25:44.464099713,Entregado,True
1947,1658,1,2025-05-26 01:11:36.322761775,Entregado,True
1948,1659,1,2026-08-02 04:26:48.453376790,Reprogramado,False
1949,1659,2,2026-08-03 03:51:48.906753584,Entregado,True
1950,1660,1,2026-06-26 16:43:51.005844768,Entregado,True
1951,1661,1,2025-05-07 03:18:20.160897487,Cliente ausente,False
1952,1661,2,2025-05-08 18:26:28.321794974,Entregado,True
1953,1662,1,2025-08-03 00:43:08.487253340,Entregado,True
1954,1663,1,2026-03-08 16:40:59.067317859,Entregado,True
1955,1664,1,2026-03-15 01:06:28.356210856,Entregado,True
1956,1665,1,2026-08-15 17:58:52.880001150,Acceso restringido,False
1957,1665,2,2026-08-16 03:16:21.760002296,Entregado,True
1958,1666,1,2025-08-28 11:18:11.496820640,Entregado,True
1959,1667,1,2025-11-28 15:22:13.542694867,Entregado,True
1960,1668,1,2025-05-01 06:29:01.844805159,Entregado,True
1961,1669,1,2025-02-18 03:21:54.951130076,Entregado,True
1962,1670,1,2025-03-27 20:50:28.296067084,Entregado,True
1963,1671,1,2025-12-20 21:16:34.644533379,Entregado,True
1964,1672,1,2025-01-14 02:24:03.571644492,Entregado,True
1965,1673,1,2025-06-25 21:34:05.321308256,Entregado,True
1966,1674,1,2025-06-30 15:43:12.000000000,Entregado,True
1967,1675,1,2025-02-23 07:36:14.754164990,Entregado,True
1968,1676,1,2026-02-01 23:09:19.938064158,Entregado,True
1969,1677,1,2026-03-09 14:52:57.349048789,Entregado,True
1970,1678,1,2025-10-02 04:57:45.070126855,Entregado,True
1971,1679,1,2025-07-29 15:03:58.825554249,Entregado,True
1972,1680,1,2025-10-28 20:06:12.967704338,Domicilio incorrecto,False
1973,1680,2,2025-10-29 21:35:13.935408673,Entregado,True
1974,1681,1,2026-04-01 07:59:02.023181872,Entregado,True
1975,1682,1,2026-07-04 17:00:50.131121220,Entregado,True
1976,1683,1,2026-06-19 11:31:31.803930159,Cliente ausente,False
1977,1683,2,2026-06-20 12:30:39.607860315,Entregado,True
1978,1684,1,2025-08-22 11:20:51.041066269,Entregado,True
1979,1685,1,2025-05-10 16:22:53.872114252,Entregado,True
1980,1686,1,2026-07-26 15:59:48.225073671,Entregado,True
1981,1687,1,2025-08-28 01:43:45.247290783,Entregado,True
1982,1688,1,2026-08-08 03:18:20.663851381,Entregado,True
1983,1689,1,2026-07-31 11:54:13.305069345,Entregado,True
1984,1690,1,2026-05-02 20:12:56.225602889,Entregado,True
1985,1691,1,2025-08-31 00:09:01.622942395,Entregado,True
1986,1692,1,2025-08-12 08:32:09.605613043,Entregado,True
1987,1693,1,2025-04-12 05:48:04.286161263,Entregado,True
1988,1694,1,2026-07-13 17:17:20.629190893,Entregado,True
1989,1695,1,2025-10-04 15:19:24.372271430,Entregado,True
1990,1696,1,2026-02-06 01:09:53.623410404,Entregado,True
1991,1697,1,2026-06-04 04:04:18.713626410,Entregado,True
1992,1698,1,2026-03-08 11:12:56.075048251,Entregado,True
1993,1699,1,2026-06-08 21:33:39.629224728,Entregado,True
1994,1700,1,2026-07-06 17:04:43.328623015,Entregado,True
1995,1701,1,2025-04-05 09:25:56.393760158,Entregado,True
1996,1702,1,2026-05-05 01:18:33.551887662,Entregado,True
1997,1703,1,2026-06-03 14:00:45.039175887,Entregado,True
1998,1704,1,2026-07-19 16:05:34.085483840,Entregado,True
1999,1705,1,2026-05-15 21:32:30.929301193,Cliente ausente,False
2000,1705,2,2026-05-16 23:29:01.858602386,Cliente ausente,False
2001,1705,3,2026-05-18 01:25:32.787903579,Entregado,True
2002,1706,1,2026-01-10 19:58:31.549813240,Entregado,True
2003,1707,1,2026-05-02 23:02:27.636942462,Entregado,True
2004,1708,1,2026-01-20 12:43:37.779817018,Entregado,True
2005,1709,1,2025-07-12 09:34:27.834394494,Cliente ausente,False
2006,1709,2,2025-07-13 13:16:43.668788988,Cliente ausente,False
2007,1709,3,2025-07-14 16:58:59.503183478,Entregado,True
2008,1710,1,2025-08-12 13:40:12.507073035,Entregado,True
2009,1711,1,2025-02-16 12:52:48.000000000,Entregado,True
2010,1712,1,2025-05-08 04:11:02.200216398,Entregado,True
2011,1713,1,2025-01-10 09:10:10.787095776,Entregado,True
2012,1714,1,2025-04-28 09:16:21.206561606,Entregado,True
2013,1715,1,2026-07-21 15:17:54.671800110,Entregado,True
2014,1716,1,2026-01-04 06:44:43.972915257,Entregado,True
2015,1717,1,2025-02-17 21:32:45.093870675,Entregado,True
2016,1718,1,2026-01-31 06:59:46.782189189,Entregado,True
2017,1719,1,2025-01-27 10:42:53.754222056,Entregado,True
2018,1720,1,2025-05-13 06:17:13.717636097,Cliente ausente,False
2019,1720,2,2025-05-14 21:21:15.435272199,Entregado,True
2020,1721,1,2025-05-07 12:41:44.836269151,Entregado,True
2021,1722,1,2026-03-25 02:49:57.459849920,Entregado,True
2022,1723,1,2025-11-09 22:47:48.574695562,Entregado,True
2023,1724,1,2026-03-11 22:45:14.451080770,Entregado,True
2024,1725,1,2026-04-19 17:46:53.692128271,Entregado,True
2025,1726,1,2025-02-19 20:49:01.943511859,Entregado,True
2026,1727,1,2025-03-24 15:29:23.502334848,Entregado,True
2027,1728,1,2025-04-22 11:03:20.263967092,Entregado,True
2028,1729,1,2025-09-22 09:44:22.545512116,Entregado,True
2029,1730,1,2025-02-02 13:58:19.411982907,Entregado,True
2030,1731,1,2025-12-26 21:08:08.188096336,Entregado,True
2031,1732,1,2026-07-27 12:27:26.204229809,Entregado,True
2032,1733,1,2026-04-28 10:39:34.214124672,Entregado,True
2033,1734,1,2025-01-07 08:09:25.230180628,Reprogramado,False
2034,1734,2,2025-01-09 01:48:50.460361257,Entregado,True
2035,1735,1,2025-10-15 17:44:20.160371382,Entregado,True
2036,1736,1,2026-01-30 18:51:49.681500433,Domicilio incorrecto,False
2037,1736,2,2026-01-31 15:35:51.363000870,Cliente ausente,False
2038,1736,3,2026-02-01 12:19:53.044501303,Entregado,True
2039,1737,1,2026-04-01 23:26:05.832595852,Entregado,True
2040,1738,1,2026-03-03 05:31:03.459959274,Entregado,True
2041,1739,1,2025-01-31 12:07:15.033110181,Entregado,True
2042,1740,1,2025-05-08 04:06:39.040322943,Entregado,True
2043,1741,1,2025-05-16 17:09:28.368380055,Cliente ausente,False
2044,1741,2,2025-05-18 03:36:56.736760107,Entregado,True
2045,1742,1,2026-06-23 11:01:45.111900684,Entregado,True
2046,1743,1,2025-12-02 04:07:22.962340156,Entregado,True
2047,1744,1,2025-01-09 18:51:21.123599137,Entregado,True
2048,1745,1,2025-09-23 14:05:48.869917065,Entregado,True
2049,1746,1,2026-08-25 02:25:10.232856076,Entregado,True
2050,1747,1,2026-04-21 09:12:49.395017041,Entregado,True
2051,1748,1,2025-07-01 05:59:27.350948763,Entregado,True
2052,1749,1,2026-03-29 10:01:39.989479494,Entregado,True
2053,1750,1,2025-08-31 05:41:12.577358133,Entregado,True
2054,1751,1,2026-06-09 07:57:00.471765445,Entregado,True
2055,1752,1,2025-07-05 22:26:50.573780034,Entregado,True
2056,1753,1,2025-12-27 10:27:31.552715088,Entregado,True
2057,1754,1,2026-01-13 17:18:26.589953422,Entregado,True
2058,1755,1,2026-06-22 12:15:36.000000000,Entregado,True
2059,1756,1,2025-03-27 06:21:24.286701981,Entregado,True
2060,1757,1,2025-12-25 23:40:31.804326217,Entregado,True
2061,1758,1,2025-07-07 11:55:56.695082635,Entregado,True
2062,1759,1,2025-10-20 01:39:41.801324353,Entregado,True
2063,1760,1,2025-03-05 07:37:37.126935148,Entregado,True
2064,1761,1,2026-05-25 00:20:13.508272852,Entregado,True
2065,1762,1,2026-04-09 13:11:49.399235440,Cliente ausente,False
2066,1762,2,2026-04-11 19:02:02.798470881,Entregado,True
2067,1763,1,2025-02-02 17:19:25.152457753,Entregado,True
2068,1764,1,2025-10-24 06:49:30.077039564,Entregado,True
2069,1765,1,2025-06-24 03:00:32.120988811,Entregado,True
2070,1766,1,2025-05-11 16:52:12.483201842,Entregado,True
2071,1767,1,2025-03-30 17:47:00.276751158,Entregado,True
2072,1768,1,2025-11-14 02:31:28.916301889,Entregado,True
2073,1769,1,2025-02-01 08:11:52.199850782,Entregado,True
2074,1770,1,2025-05-04 06:56:30.143511398,Cliente ausente,False
2075,1770,2,2025-05-06 03:12:12.287022796,Entregado,True
2076,1771,1,2025-09-08 10:57:00.000000000,Entregado,True
2077,1772,1,2026-02-10 20:45:38.770411442,Entregado,True
2078,1773,1,2026-03-20 07:58:27.509816172,Cliente ausente,False
2079,1773,2,2026-03-21 09:32:55.019632340,Entregado,True
2080,1774,1,2025-04-27 06:01:36.556994280,Entregado,True
2081,1775,1,2026-01-31 09:48:42.603701907,Entregado,True
2082,1776,1,2025-01-20 13:40:53.113384616,Entregado,True
2083,1777,1,2026-08-30 12:52:02.374413452,Entregado,True
2084,1778,1,2026-04-12 16:35:02.797661752,Entregado,True
2085,1779,1,2025-07-11 11:49:36.388374517,Entregado,True
2086,1780,1,2026-05-11 16:08:33.284744502,Entregado,True
2087,1781,1,2025-06-13 10:39:31.779428094,Entregado,True
2088,1782,1,2025-10-24 17:02:47.283750020,Entregado,True
2089,1783,1,2026-07-17 19:02:14.834467906,Reprogramado,False
2090,1783,2,2026-07-18 19:05:41.668935817,Entregado,True
2091,1784,1,2025-11-06 18:45:23.222641284,Entregado,True
2092,1785,1,2025-10-30 08:38:42.349008750,Entregado,True
2093,1786,1,2025-11-07 22:35:32.290072784,Entregado,True
2094,1787,1,2025-05-07 23:38:06.530885120,Entregado,True
2095,1788,1,2025-09-20 19:32:12.263574148,Entregado,True
2096,1789,1,2026-05-05 20:28:33.345203358,Entregado,True
2097,1790,1,2025-07-20 14:06:42.284946942,Entregado,True
2098,1791,1,2026-05-24 11:00:42.685297729,Entregado,True
2099,1792,1,2026-08-06 08:23:17.325902814,Entregado,True
2100,1793,1,2026-03-26 20:58:03.067312515,Entregado,True
2101,1794,1,2025-03-22 05:10:34.905439120,Entregado,True
2102,1795,1,2026-04-16 17:36:03.339354524,Entregado,True
2103,1796,1,2026-03-20 03:12:24.834292401,Entregado,True
2104,1797,1,2025-10-03 00:25:08.418920937,Entregado,True
2105,1798,1,2025-12-11 23:53:18.592886914,Entregado,True
2106,1799,1,2025-05-06 16:18:57.352605757,Entregado,True
2107,1800,1,2025-08-11 11:50:24.000000000,Entregado,True
2108,1801,1,2026-05-08 17:04:40.209119101,Entregado,True
2109,1802,1,2025-10-28 01:53:47.978209662,Entregado,True
2110,1803,1,2025-05-02 19:43:21.992922170,Entregado,True
2111,1804,1,2025-03-18 01:21:58.861730574,Domicilio incorrecto,False
2112,1804,2,2025-03-18 12:40:57.723461148,Entregado,True
2113,1805,1,2025-09-17 16:54:47.622518697,Entregado,True
2114,1806,1,2026-06-20 18:34:05.485720526,Entregado,True
2115,1807,1,2025-12-18 09:30:26.601691215,Entregado,True
2116,1808,1,2025-10-05 09:21:38.006209674,Cliente ausente,False
2117,1808,2,2025-10-06 06:28:16.012419348,Entregado,True
2118,1809,1,2025-09-15 19:37:01.481657242,Entregado,True
2119,1810,1,2025-09-22 15:16:17.566247820,Cliente ausente,False
2120,1810,2,2025-09-23 19:09:47.132495640,Entregado,True
2121,1811,1,2025-02-01 14:10:00.653766898,Entregado,True
2122,1812,1,2026-04-15 08:19:46.547235861,Entregado,True
2123,1813,1,2025-02-06 11:53:15.970764404,Entregado,True
2124,1814,1,2025-10-24 04:29:51.595333098,Entregado,True
2125,1815,1,2026-08-29 07:04:11.709917859,Entregado,True
2126,1816,1,2025-07-25 19:59:26.083953978,Entregado,True
2127,1817,1,2025-03-12 21:18:41.128486239,Entregado,True
2128,1818,1,2025-05-12 07:30:35.315897817,Entregado,True
2129,1819,1,2025-04-24 19:56:39.827211036,Entregado,True
2130,1820,1,2026-06-12 03:19:39.569540404,Entregado,True
2131,1821,1,2025-10-19 07:39:42.693174295,Entregado,True
2132,1822,1,2025-02-14 07:22:56.551896112,Cliente ausente,False
2133,1822,2,2025-02-16 08:44:41.103792225,Entregado,True
2134,1823,1,2025-10-24 13:20:32.097571267,Entregado,True
2135,1824,1,2025-10-13 17:49:22.239973570,Domicilio incorrecto,False
2136,1824,2,2025-10-14 23:59:08.479947141,Entregado,True
2137,1825,1,2026-07-19 09:53:32.996857498,Domicilio incorrecto,False
2138,1825,2,2026-07-20 10:21:17.993714997,Entregado,True
2139,1826,1,2025-01-20 04:55:46.911444560,Reprogramado,False
2140,1826,2,2025-01-21 01:05:21.822889120,Entregado,True
2141,1827,1,2026-05-24 20:41:27.987920098,Entregado,True
2142,1828,1,2026-07-03 03:36:47.375455406,Entregado,True
2143,1829,1,2025-02-20 23:42:32.481942104,Entregado,True
2144,1830,1,2025-08-09 14:32:01.655696907,Entregado,True
2145,1831,1,2025-02-04 01:16:40.668287347,Entregado,True
2146,1832,1,2025-09-20 04:13:56.373603128,Entregado,True
2147,1833,1,2025-12-14 08:24:17.536788200,Entregado,True
2148,1834,1,2025-11-08 10:27:35.929990688,Entregado,True
2149,1835,1,2025-03-14 23:19:22.495333630,Entregado,True
2150,1836,1,2025-11-06 15:04:00.950940645,Entregado,True
2151,1837,1,2026-07-25 09:07:36.405882440,Entregado,True
2152,1838,1,2025-04-13 01:28:18.684075169,Entregado,True
2153,1839,1,2025-01-24 03:56:56.019919520,Entregado,True
2154,1840,1,2026-07-21 17:17:09.185731612,Entregado,True
2155,1841,1,2025-01-07 01:43:51.610024459,Entregado,True
2156,1842,1,2025-08-20 01:03:10.661679514,Entregado,True
2157,1843,1,2025-03-25 09:21:44.445350757,Entregado,True
2158,1844,1,2025-08-06 23:25:52.440904077,Entregado,True
2159,1845,1,2025-12-05 23:05:53.564146015,Entregado,True
2160,1846,1,2026-07-15 11:42:10.679026456,Entregado,True
2161,1847,1,2026-08-20 13:17:54.232816232,Entregado,True
2162,1848,1,2026-07-09 03:10:01.721738733,Entregado,True
2163,1849,1,2026-04-06 11:13:37.041971142,Domicilio incorrecto,False
2164,1849,2,2026-04-08 11:36:14.083942280,Entregado,True
2165,1850,1,2025-03-29 23:30:54.860565549,Entregado,True
2166,1851,1,2026-06-03 11:28:50.930054306,Entregado,True
2167,1852,1,2026-06-01 01:06:52.220385543,Entregado,True
2168,1853,1,2026-08-10 23:42:21.978631450,Entregado,True
2169,1854,1,2026-04-24 02:43:17.084261294,Entregado,True
2170,1855,1,2026-05-15 03:35:25.469324034,Entregado,True
2171,1856,1,2026-03-27 09:31:43.858091496,Domicilio incorrecto,False
2172,1856,2,2026-03-29 00:11:15.716182995,Entregado,True
2173,1857,1,2026-08-13 08:05:17.509039472,Entregado,True
2174,1858,1,2025-09-18 22:49:01.414936578,Cliente ausente,False
2175,1858,2,2025-09-20 07:44:02.829873156,Entregado,True
2176,1859,1,2026-06-24 02:52:26.992567826,Entregado,True
2177,1860,1,2026-04-10 17:51:56.611833469,Entregado,True
2178,1861,1,2025-04-07 08:53:02.745712179,Entregado,True
2179,1862,1,2025-12-22 11:16:59.632739961,Entregado,True
2180,1863,1,2025-04-20 09:28:53.251128836,Entregado,True
2181,1864,1,2025-12-24 07:11:31.241665172,Entregado,True
2182,1865,1,2026-04-17 11:29:38.811327914,Entregado,True
2183,1866,1,2025-04-06 05:23:45.413854173,Domicilio incorrecto,False
2184,1866,2,2025-04-06 20:49:18.827708347,Entregado,True
2185,1867,1,2025-02-15 14:32:06.812643958,Entregado,True
2186,1868,1,2026-04-02 20:14:42.297617958,Cliente ausente,False
2187,1868,2,2026-04-04 06:34:12.595235916,Entregado,True
2188,1869,1,2026-01-20 23:26:06.287617302,Cliente ausente,False
2189,1869,2,2026-01-22 10:22:48.575234607,Entregado,True
2190,1870,1,2025-01-27 01:54:20.548975748,Entregado,True
2191,1871,1,2025-01-25 22:02:23.770107913,Entregado,True
2192,1872,1,2025-11-10 13:13:46.098178554,Entregado,True
2193,1873,1,2026-02-24 12:50:10.860628930,Entregado,True
2194,1874,1,2025-12-01 08:11:20.900194832,Entregado,True
2195,1875,1,2026-07-31 15:53:59.212917447,Entregado,True
2196,1876,1,2026-05-17 08:36:53.898047085,Entregado,True
2197,1877,1,2026-04-30 05:11:58.713282146,Entregado,True
2198,1878,1,2025-07-10 15:20:14.947111276,Entregado,True
2199,1879,1,2026-04-09 22:28:08.674908873,Entregado,True
2200,1880,1,2025-07-09 19:39:00.937198468,Entregado,True
2201,1881,1,2026-08-05 23:46:07.957443907,Entregado,True
2202,1882,1,2025-04-26 10:35:30.253389252,Entregado,True
2203,1883,1,2025-04-16 22:51:37.993159882,Entregado,True
2204,1884,1,2026-05-24 14:57:28.657494860,Entregado,True
2205,1885,1,2025-12-11 23:18:37.298188551,Cliente ausente,False
2206,1885,2,2025-12-12 19:11:26.596377106,Entregado,True
2207,1886,1,2025-01-23 10:36:24.739711912,Entregado,True
2208,1887,1,2025-07-29 17:36:02.363724097,Entregado,True
2209,1888,1,2026-04-29 23:05:28.883973400,Cliente ausente,False
2210,1888,2,2026-05-01 16:35:33.767946798,Entregado,True
2211,1889,1,2026-04-23 10:58:24.176437424,Entregado,True
2212,1890,1,2026-02-01 10:07:10.868587474,Entregado,True
2213,1891,1,2025-07-10 07:55:03.209451049,Entregado,True
2214,1892,1,2025-12-15 03:37:05.073652470,Entregado,True
2215,1893,1,2025-12-22 15:08:12.640642094,Entregado,True
2216,1894,1,2026-06-27 13:07:53.020665897,Entregado,True
2217,1895,1,2026-08-22 14:50:13.902103143,Cliente ausente,False
2218,1895,2,2026-08-23 23:50:03.804206287,Entregado,True
2219,1896,1,2025-03-20 02:32:12.464066788,Entregado,True
2220,1897,1,2025-12-09 13:49:48.000000000,Entregado,True
2221,1898,1,2026-06-30 01:18:49.767748113,Entregado,True
2222,1899,1,2025-02-07 23:40:42.109283283,Cliente ausente,False
2223,1899,2,2025-02-10 14:49:00.218566567,Entregado,True
2224,1900,1,2026-03-03 09:29:01.483379455,Entregado,True
2225,1901,1,2025-12-19 05:13:28.267415544,Entregado,True
2226,1902,1,2025-07-08 18:12:34.845915960,Entregado,True
2227,1903,1,2026-06-14 02:42:25.376611395,Entregado,True
2228,1904,1,2026-05-01 21:09:13.242962998,Entregado,True
2229,1905,1,2025-08-05 19:15:00.305749688,Entregado,True
2230,1906,1,2025-06-08 16:55:30.515229318,Cliente ausente,False
2231,1906,2,2025-06-09 18:08:25.030458636,Reprogramado,False
2232,1906,3,2025-06-10 19:21:19.545687954,Entregado,True
2233,1907,1,2025-08-31 14:41:28.596648660,Entregado,True
2234,1908,1,2025-10-25 13:12:54.417707780,Entregado,True
2235,1909,1,2026-04-08 12:04:17.485839472,Entregado,True
2236,1910,1,2025-02-15 20:55:02.489825856,Entregado,True
2237,1911,1,2026-05-13 22:42:57.779126776,Entregado,True
2238,1912,1,2025-06-25 14:28:17.822029717,Entregado,True
2239,1913,1,2025-12-14 13:53:15.381947140,Cliente ausente,False
2240,1913,2,2025-12-16 09:18:54.763894281,Entregado,True
2241,1914,1,2026-07-22 15:22:34.993514884,Entregado,True
2242,1915,1,2025-04-19 08:42:57.787961677,Entregado,True
2243,1916,1,2026-05-16 12:52:08.730245298,Entregado,True
2244,1917,1,2026-02-02 22:01:47.720072668,Entregado,True
2245,1918,1,2026-07-06 07:50:02.314446406,Entregado,True
2246,1919,1,2026-05-16 14:57:27.185509911,Entregado,True
2247,1920,1,2025-06-24 23:06:16.772661507,Entregado,True
2248,1921,1,2025-04-18 06:31:18.818307865,Entregado,True
2249,1922,1,2026-07-07 17:35:33.957692970,Entregado,True
2250,1923,1,2026-04-25 18:01:04.015004959,Entregado,True
2251,1924,1,2026-02-05 13:38:11.866354087,Entregado,True
2252,1925,1,2026-03-12 11:27:53.599449873,Cliente ausente,False
2253,1925,2,2026-03-14 01:16:47.198899747,Domicilio incorrecto,False
2254,1925,3,2026-03-15 15:05:40.798349620,Entregado,True
2255,1926,1,2025-07-17 06:40:52.564431806,Entregado,True
2256,1927,1,2026-04-12 14:46:58.416609777,Acceso restringido,False
2257,1927,2,2026-04-13 17:27:20.833219558,Cliente ausente,False
2258,1927,3,2026-04-14 20:07:43.249829336,Entregado,True
2259,1928,1,2025-12-09 06:31:55.839363553,Entregado,True
2260,1929,1,2025-03-01 05:24:31.947314684,Cliente ausente,False
2261,1929,2,2025-03-02 03:10:03.894629368,Entregado,True
2262,1930,1,2026-06-23 07:32:58.096076546,Cliente ausente,False
2263,1930,2,2026-06-24 04:07:08.192153092,Entregado,True
2264,1931,1,2026-04-25 21:40:59.715063163,Entregado,True
2265,1932,1,2025-04-13 23:31:24.682605344,Entregado,True
2266,1933,1,2026-06-18 02:01:15.920364489,Cliente ausente,False
2267,1933,2,2026-06-18 18:46:19.840728979,Entregado,True
2268,1934,1,2026-08-18 19:01:57.975623068,Entregado,True
2269,1935,1,2025-11-21 04:40:03.545006300,Entregado,True
2270,1936,1,2026-07-04 08:51:00.561229088,Entregado,True
2271,1937,1,2026-04-04 01:37:19.937740670,Entregado,True
2272,1938,1,2025-08-11 16:22:15.389336643,Entregado,True
2273,1939,1,2026-01-28 18:01:31.884361446,Entregado,True
2274,1940,1,2025-06-25 13:20:17.529630273,Entregado,True
2275,1941,1,2025-03-23 04:06:34.249613853,Entregado,True
2276,1942,1,2025-12-02 23:12:28.686186108,Cliente ausente,False
2277,1942,2,2025-12-03 16:45:21.372372219,Entregado,True
2278,1943,1,2025-08-17 13:24:01.416564176,Entregado,True
2279,1944,1,2025-02-05 09:16:51.800637673,Acceso restringido,False
2280,1944,2,2025-02-06 14:45:43.601275346,Entregado,True
2281,1945,1,2025-07-10 18:25:58.901334441,Entregado,True
2282,1946,1,2026-05-12 02:43:47.839976122,Entregado,True
2283,1947,1,2025-11-08 20:16:24.890616386,Entregado,True
2284,1948,1,2026-08-05 22:50:24.137121962,Entregado,True
2285,1949,1,2026-06-27 21:45:59.732680770,Entregado,True
2286,1950,1,2026-01-08 04:54:22.057635247,Entregado,True
2287,1951,1,2026-04-21 00:45:14.599761523,Cliente ausente,False
2288,1951,2,2026-04-21 04:40:05.199523042,Entregado,True
2289,1952,1,2025-02-01 12:30:45.569916172,Cliente ausente,False
2290,1952,2,2025-02-02 05:21:55.139832349,Entregado,True
2291,1953,1,2026-05-14 11:32:39.354111128,Entregado,True
2292,1954,1,2026-07-23 16:27:00.333673509,Entregado,True
2293,1955,1,2025-06-27 14:20:25.853171618,Entregado,True
2294,1956,1,2025-10-29 09:49:39.795898033,Entregado,True
2295,1957,1,2026-01-02 05:12:30.380974898,Entregado,True
2296,1958,1,2025-03-27 10:51:00.000000000,Entregado,True
2297,1959,1,2026-08-02 19:42:43.070573080,Entregado,True
2298,1960,1,2025-04-03 17:07:11.596228464,Entregado,True
2299,1961,1,2025-12-30 10:53:41.026716924,Entregado,True
2300,1962,1,2026-04-23 23:35:38.957537187,Entregado,True
2301,1963,1,2025-08-20 02:39:59.878901034,Entregado,True
2302,1964,1,2026-06-21 12:38:25.650122791,Entregado,True
2303,1965,1,2026-01-09 16:34:15.202742105,Entregado,True
2304,1966,1,2026-04-16 09:24:46.491282464,Entregado,True
2305,1967,1,2026-02-27 23:11:57.621396818,Entregado,True
2306,1968,1,2026-06-17 18:47:42.194927781,Entregado,True
2307,1969,1,2025-07-05 01:17:40.291547186,Entregado,True
2308,1970,1,2026-07-18 16:35:35.764152241,Entregado,True
2309,1971,1,2025-04-04 05:42:55.058771595,Entregado,True
2310,1972,1,2026-01-20 18:13:17.977892782,Entregado,True
2311,1973,1,2026-01-06 07:01:16.511363328,Entregado,True
2312,1974,1,2025-03-16 20:31:55.809501042,Entregado,True
2313,1975,1,2025-10-01 03:14:33.649927699,Entregado,True
2314,1976,1,2025-01-19 07:01:04.060941736,Entregado,True
2315,1977,1,2026-01-30 12:28:03.590477835,Entregado,True
2316,1978,1,2026-03-15 08:19:13.862769538,Entregado,True
2317,1979,1,2025-12-13 00:24:01.016352284,Entregado,True
2318,1980,1,2025-07-15 03:39:13.554733708,Entregado,True
2319,1981,1,2025-02-05 20:30:04.420916589,Cliente ausente,False
2320,1981,2,2025-02-06 06:07:20.841833175,Entregado,True
2321,1982,1,2025-03-02 20:23:17.566702684,Entregado,True
2322,1983,1,2025-04-22 08:10:57.936131616,Cliente ausente,False
2323,1983,2,2025-04-24 00:06:19.872263232,Entregado,True
2324,1984,1,2026-05-14 01:01:43.068904014,Entregado,True
2325,1985,1,2025-08-14 22:47:48.273650091,Entregado,True
2326,1986,1,2026-01-25 00:23:32.835898341,Entregado,True
2327,1987,1,2025-03-08 09:35:46.197978662,Entregado,True
2328,1988,1,2026-04-11 19:04:17.088199269,Entregado,True
2329,1989,1,2025-11-20 12:39:41.678291062,Entregado,True
2330,1990,1,2025-12-25 03:58:14.326181824,Entregado,True
2331,1991,1,2025-04-06 01:37:44.520064464,Entregado,True
2332,1992,1,2025-10-30 16:24:11.706885968,Entregado,True
2333,1993,1,2026-05-12 10:39:33.922110387,Entregado,True
2334,1994,1,2026-08-19 17:07:38.824697550,Entregado,True
2335,1995,1,2026-01-27 11:33:16.641163530,Entregado,True
2336,1996,1,2025-04-16 09:51:51.350101693,Entregado,True
2337,1997,1,2026-01-16 13:35:29.318661416,Entregado,True
2338,1998,1,2026-08-08 23:51:34.160118901,Entregado,True
2339,1999,1,2025-12-05 05:57:58.181377802,Entregado,True
2340,2000,1,2026-05-10 10:22:55.193638036,Entregado,True
2341,2001,1,2025-03-02 13:44:28.814198946,Reprogramado,False
2342,2001,2,2025-03-03 22:07:57.628397892,Entregado,True
2343,2002,1,2026-01-29 17:41:20.797975143,Entregado,True
2344,2003,1,2025-05-02 14:43:00.019081977,Entregado,True
2345,2004,1,2026-04-18 13:53:12.677914459,Entregado,True
2346,2005,1,2025-11-28 10:36:14.359054478,Entregado,True
2347,2006,1,2025-01-22 11:22:31.936231981,Entregado,True
2348,2007,1,2026-05-31 22:22:37.204435815,Entregado,True
2349,2008,1,2025-12-18 23:52:37.184180692,Entregado,True
2350,2009,1,2025-05-14 21:10:14.538206301,Entregado,True
2351,2010,1,2026-07-04 03:08:52.139695354,Entregado,True
2352,2011,1,2025-02-02 20:07:42.929759956,Entregado,True
2353,2012,1,2025-09-17 01:20:37.568175504,Cliente ausente,False
2354,2012,2,2025-09-17 17:51:27.136351008,Entregado,True
2355,2013,1,2025-02-04 16:01:48.230801166,Entregado,True
2356,2014,1,2026-01-24 18:58:57.641749467,Domicilio incorrecto,False
2357,2014,2,2026-01-26 02:58:31.283498935,Entregado,True
2358,2015,1,2026-07-18 04:40:53.278261388,Entregado,True
2359,2016,1,2026-04-03 04:08:18.826302345,Entregado,True
2360,2017,1,2026-08-19 15:21:54.530952433,Entregado,True
2361,2018,1,2025-05-26 17:22:55.697140077,Entregado,True
2362,2019,1,2026-08-29 23:10:30.354067491,Entregado,True
2363,2020,1,2025-08-14 03:02:34.279351004,Entregado,True
2364,2021,1,2025-08-08 05:04:16.864556451,Entregado,True
2365,2022,1,2026-06-05 13:17:09.242735244,Entregado,True
2366,2023,1,2025-02-07 07:38:15.526177951,Entregado,True
2367,2024,1,2026-04-16 10:46:38.154986630,Cliente ausente,False
2368,2024,2,2026-04-18 13:49:28.309973257,Entregado,True
2369,2025,1,2025-06-30 10:03:57.477278044,Entregado,True
2370,2026,1,2026-05-19 17:01:39.591394950,Entregado,True
2371,2027,1,2025-03-11 01:15:27.984374035,Cliente ausente,False
2372,2027,2,2025-03-12 21:05:43.968748066,Entregado,True
2373,2028,1,2026-02-28 12:59:47.023278586,Domicilio incorrecto,False
2374,2028,2,2026-02-28 17:39:46.046557173,Reprogramado,False
2375,2028,3,2026-02-28 22:19:45.069835760,Entregado,True
2376,2029,1,2026-06-01 14:59:41.698161502,Entregado,True
2377,2030,1,2026-03-28 18:05:26.121731881,Entregado,True
2378,2031,1,2026-06-03 19:15:45.889288023,Entregado,True
2379,2032,1,2025-11-27 08:58:09.298964517,Entregado,True
2380,2033,1,2026-01-06 19:14:25.042689736,Cliente ausente,False
2381,2033,2,2026-01-08 09:28:14.085379473,Entregado,True
2382,2034,1,2026-08-21 10:17:41.926417929,Entregado,True
2383,2035,1,2026-01-24 20:06:36.700102414,Entregado,True
2384,2036,1,2026-07-04 19:27:05.012042400,Entregado,True
2385,2037,1,2025-04-25 18:00:55.537319649,Entregado,True
2386,2038,1,2026-07-30 05:59:41.481530713,Entregado,True
2387,2039,1,2025-02-10 23:27:01.686900553,Entregado,True
2388,2040,1,2026-07-02 07:09:25.824069712,Entregado,True
2389,2041,1,2026-01-17 18:16:59.272992043,Entregado,True
2390,2042,1,2026-02-04 16:43:32.247739988,Entregado,True
2391,2043,1,2025-07-24 08:17:50.367834067,Entregado,True
2392,2044,1,2025-07-25 21:42:11.418531577,Entregado,True
2393,2045,1,2025-04-15 05:04:46.085921004,Entregado,True
2394,2046,1,2026-02-04 06:37:48.536958594,Entregado,True
2395,2047,1,2026-03-29 09:54:34.013777727,Entregado,True
2396,2048,1,2025-04-30 04:17:21.564185247,Entregado,True
2397,2049,1,2026-02-26 21:38:18.941028626,Domicilio incorrecto,False
2398,2049,2,2026-02-28 10:48:25.882057256,Entregado,True
2399,2050,1,2025-09-03 08:33:59.565860708,Entregado,True
2400,2051,1,2026-06-26 23:28:57.259230844,Entregado,True
2401,2052,1,2025-08-19 17:53:19.934600802,Entregado,True
2402,2053,1,2026-05-18 04:41:52.617722244,Entregado,True
2403,2054,1,2025-08-04 12:23:04.021900904,Entregado,True
2404,2055,1,2025-04-23 18:46:12.296363865,Entregado,True
2405,2056,1,2026-01-08 20:51:03.580271438,Entregado,True
2406,2057,1,2025-10-28 10:58:55.339293572,Entregado,True
2407,2058,1,2025-01-20 17:00:08.621988732,Entregado,True
2408,2059,1,2025-01-09 20:58:10.410721644,Cliente ausente,False
2409,2059,2,2025-01-11 06:07:44.821443291,Entregado,True
2410,2060,1,2025-06-04 04:44:15.721821153,Entregado,True
2411,2061,1,2026-07-06 20:48:35.810677202,Entregado,True
2412,2062,1,2026-01-09 06:45:48.766093156,Entregado,True
2413,2063,1,2026-04-07 17:08:18.343698777,Entregado,True
2414,2064,1,2025-08-25 09:21:37.598827471,Entregado,True
2415,2065,1,2025-09-15 09:58:42.648110472,Entregado,True
2416,2066,1,2026-08-10 18:35:47.872195890,Entregado,True
2417,2067,1,2025-11-27 19:41:31.178042966,Entregado,True
2418,2068,1,2025-12-30 05:12:52.907760525,Entregado,True
2419,2069,1,2026-01-11 21:02:24.549915051,Entregado,True
2420,2070,1,2025-07-29 20:45:10.765762916,Cliente ausente,False
2421,2070,2,2025-07-31 08:45:57.531525832,Entregado,True
2422,2071,1,2025-09-29 09:49:49.964939443,Entregado,True
2423,2072,1,2026-07-08 21:29:03.703234858,Entregado,True
2424,2073,1,2026-05-25 14:48:25.767576122,Entregado,True
2425,2074,1,2026-02-26 09:00:59.723876973,Entregado,True
2426,2075,1,2025-11-05 18:06:16.688423743,Entregado,True
2427,2076,1,2025-05-21 10:55:10.839008470,Entregado,True
2428,2077,1,2026-02-27 04:43:22.773249282,Entregado,True
2429,2078,1,2025-07-15 14:27:20.463696990,Entregado,True
2430,2079,1,2025-04-08 02:33:27.993010543,Entregado,True
2431,2080,1,2026-05-07 20:38:06.987136707,Entregado,True
2432,2081,1,2025-09-17 03:14:06.407367349,Entregado,True
2433,2082,1,2025-12-03 03:07:55.389165837,Entregado,True
2434,2083,1,2025-08-10 20:42:40.887709365,Entregado,True
2435,2084,1,2025-10-29 04:15:59.187903058,Entregado,True
2436,2085,1,2025-07-24 09:02:31.796732162,Entregado,True
2437,2086,1,2025-12-13 02:32:42.098530902,Entregado,True
2438,2087,1,2026-08-18 09:04:20.252196912,Entregado,True
2439,2088,1,2025-03-21 06:58:11.235456278,Entregado,True
2440,2089,1,2026-07-04 13:46:48.000000000,Entregado,True
2441,2090,1,2025-02-12 09:07:57.188073079,Entregado,True
2442,2091,1,2026-04-01 13:05:14.133326733,Entregado,True
2443,2092,1,2025-07-03 02:09:27.738634161,Cliente ausente,False
2444,2092,2,2025-07-04 21:03:19.477268319,Entregado,True
2445,2093,1,2025-07-19 01:34:13.427577739,Entregado,True
2446,2094,1,2026-08-16 10:14:19.048665984,Entregado,True
2447,2095,1,2025-01-28 14:18:41.980193190,Entregado,True
2448,2096,1,2025-11-15 04:08:12.491554074,Entregado,True
2449,2097,1,2025-11-20 04:33:31.961620846,Entregado,True
2450,2098,1,2026-03-26 14:06:19.098539805,Entregado,True
2451,2099,1,2025-10-22 22:06:36.232653722,Entregado,True
2452,2100,1,2025-08-25 19:03:26.516642601,Entregado,True
2453,2101,1,2026-04-05 17:39:18.098393068,Entregado,True
2454,2102,1,2026-08-30 00:28:08.006070360,Entregado,True
2455,2103,1,2025-03-09 18:42:07.155555393,Entregado,True
2456,2104,1,2025-06-26 19:18:33.735754825,Entregado,True
2457,2105,1,2026-05-27 02:38:55.828368211,Entregado,True
2458,2106,1,2025-06-17 14:52:45.798327991,Entregado,True
2459,2107,1,2026-08-28 03:32:17.142800985,Entregado,True
2460,2108,1,2026-03-17 00:27:12.448772096,Entregado,True
2461,2109,1,2025-02-22 13:37:53.471533976,Domicilio incorrecto,False
2462,2109,2,2025-02-24 06:59:34.943067952,Entregado,True
2463,2110,1,2025-09-28 20:53:31.984369450,Entregado,True
2464,2111,1,2026-06-07 01:14:30.179526630,Cliente ausente,False
2465,2111,2,2026-06-08 09:14:00.359053260,Domicilio incorrecto,False
2466,2111,3,2026-06-09 17:13:30.538579890,Entregado,True
2467,2112,1,2026-09-01 05:45:29.657990541,Entregado,True
2468,2113,1,2025-02-22 20:00:01.760929279,Entregado,True
2469,2114,1,2025-06-30 06:59:08.360360592,Entregado,True
2470,2115,1,2025-10-07 16:55:49.408923802,Entregado,True
2471,2116,1,2025-08-30 11:44:02.104799038,Entregado,True
2472,2117,1,2026-08-09 18:23:45.346080019,Entregado,True
2473,2118,1,2025-12-07 09:03:14.722158902,Entregado,True
2474,2119,1,2025-03-16 14:44:50.979545350,Entregado,True
2475,2120,1,2026-01-13 00:56:27.697823761,Entregado,True
2476,2121,1,2026-08-06 08:14:22.059978223,Entregado,True
2477,2122,1,2026-06-03 23:57:02.384389771,Entregado,True
2478,2123,1,2025-08-27 08:18:21.744828212,Cliente ausente,False
2479,2123,2,2025-08-28 04:05:31.489656424,Entregado,True
2480,2124,1,2026-04-15 16:55:20.503019006,Entregado,True
2481,2125,1,2025-05-05 06:38:29.123871846,Entregado,True
2482,2126,1,2026-02-19 04:45:25.755264774,Entregado,True
2483,2127,1,2026-07-29 00:30:27.696439620,Entregado,True
2484,2128,1,2025-02-15 17:25:17.690045221,Entregado,True
2485,2129,1,2026-05-22 05:16:56.818666239,Entregado,True
2486,2130,1,2025-07-17 23:27:57.267380340,Reprogramado,False
2487,2130,2,2025-07-19 17:36:06.534760680,Entregado,True
2488,2131,1,2025-03-14 01:48:22.727164820,Entregado,True
2489,2132,1,2025-04-02 11:12:10.033823718,Entregado,True
2490,2133,1,2026-07-06 13:11:44.576013768,Entregado,True
2491,2134,1,2026-05-08 15:58:21.046241679,Entregado,True
2492,2135,1,2026-01-20 17:47:05.384699145,Entregado,True
2493,2136,1,2026-04-14 02:07:28.791778832,Entregado,True
2494,2137,1,2025-06-06 16:19:29.469266158,Entregado,True
2495,2138,1,2025-06-21 13:56:47.828642323,Entregado,True
2496,2139,1,2025-10-01 13:59:24.997350180,Entregado,True
2497,2140,1,2025-06-03 01:22:56.491452256,Entregado,True
2498,2141,1,2026-03-10 18:58:52.226244519,Entregado,True
2499,2142,1,2026-03-29 02:53:48.709795340,Cliente ausente,False
2500,2142,2,2026-03-30 18:40:25.419590677,Entregado,True
2501,2143,1,2025-01-25 01:35:52.280764126,Cliente ausente,False
2502,2143,2,2025-01-26 10:05:44.561528253,Cliente ausente,False
2503,2143,3,2025-01-27 18:35:36.842292380,Entregado,True
2504,2144,1,2026-01-04 22:59:55.112119220,Entregado,True
2505,2145,1,2025-08-30 02:03:18.587744812,Entregado,True
2506,2146,1,2026-03-13 09:16:18.247643598,Entregado,True
2507,2147,1,2025-05-09 22:57:31.217860324,Entregado,True
2508,2148,1,2025-07-21 04:34:13.260470659,Entregado,True
2509,2149,1,2026-04-29 07:05:55.848000688,Entregado,True
2510,2150,1,2025-06-29 08:08:30.093126385,Entregado,True
2511,2151,1,2026-06-08 02:16:41.625579248,Cliente ausente,False
2512,2151,2,2026-06-08 07:32:11.251158496,Entregado,True
2513,2152,1,2026-03-15 08:31:02.071872865,Entregado,True
2514,2153,1,2025-11-11 19:19:09.228755427,Entregado,True
2515,2154,1,2025-01-23 04:12:59.635215111,Entregado,True
2516,2155,1,2025-06-12 13:27:01.498766187,Entregado,True
2517,2156,1,2025-03-15 03:14:45.284103697,Entregado,True
2518,2157,1,2025-02-28 00:00:50.660196537,Entregado,True
2519,2158,1,2026-04-07 11:36:43.273403496,Entregado,True
2520,2159,1,2025-06-21 08:30:32.840899833,Entregado,True
2521,2160,1,2026-08-08 19:01:24.442737038,Entregado,True
2522,2161,1,2025-06-01 15:54:56.077080706,Entregado,True
2523,2162,1,2025-01-28 09:38:11.966068039,Entregado,True
2524,2163,1,2025-09-07 08:45:17.649749815,Entregado,True
2525,2164,1,2025-08-18 17:32:19.693208256,Entregado,True
2526,2165,1,2026-05-01 15:54:57.454683660,Reprogramado,False
2527,2165,2,2026-05-02 20:22:18.909367320,Entregado,True
2528,2166,1,2025-01-12 15:54:07.877553091,Entregado,True
2529,2167,1,2025-04-06 11:42:49.981897018,Cliente ausente,False
2530,2167,2,2025-04-07 16:42:27.963794034,Entregado,True
2531,2168,1,2025-05-03 02:02:13.752547573,Entregado,True
2532,2169,1,2025-05-10 07:28:03.063473907,Entregado,True
2533,2170,1,2026-07-04 03:57:37.756492873,Cliente ausente,False
2534,2170,2,2026-07-05 04:03:39.512985742,Entregado,True
2535,2171,1,2025-03-11 14:03:04.645333346,Cliente ausente,False
2536,2171,2,2025-03-12 22:34:57.290666689,Entregado,True
2537,2172,1,2025-10-28 23:23:43.594477944,Entregado,True
2538,2173,1,2026-05-17 17:24:47.654630593,Acceso restringido,False
2539,2173,2,2026-05-19 06:05:47.309261186,Entregado,True
2540,2174,1,2025-02-15 23:22:08.680911110,Entregado,True
2541,2175,1,2026-01-19 19:15:50.926662061,Entregado,True
2542,2176,1,2025-01-30 04:00:59.888706839,Entregado,True
2543,2177,1,2026-05-16 14:44:28.854233160,Entregado,True
2544,2178,1,2025-05-18 10:45:12.063416551,Entregado,True
2545,2179,1,2025-02-22 02:48:51.424418217,Entregado,True
2546,2180,1,2026-08-31 22:36:50.334427458,Entregado,True
2547,2181,1,2026-05-23 15:58:37.493334674,Entregado,True
2548,2182,1,2025-08-07 20:09:36.715131658,Entregado,True
2549,2183,1,2026-06-14 14:54:36.474628124,Entregado,True
2550,2184,1,2026-07-31 18:58:44.700434209,Entregado,True
2551,2185,1,2025-04-07 15:47:17.100304141,Cliente ausente,False
2552,2185,2,2025-04-08 15:35:10.200608282,Entregado,True
2553,2186,1,2025-01-30 08:00:19.888642134,Entregado,True
2554,2187,1,2025-09-03 16:37:48.874227484,Entregado,True
2555,2188,1,2026-05-04 05:39:00.805332488,Cliente ausente,False
2556,2188,2,2026-05-05 16:13:13.610664976,Entregado,True
2557,2189,1,2025-08-30 07:59:17.414111464,Cliente ausente,False
2558,2189,2,2025-09-01 00:02:10.828222933,Entregado,True
2559,2190,1,2025-03-08 22:50:14.219654697,Cliente ausente,False
2560,2190,2,2025-03-09 15:00:16.439309391,Entregado,True
2561,2191,1,2025-10-11 08:36:10.443623652,Entregado,True
2562,2192,1,2025-07-14 21:49:57.148840401,Entregado,True
2563,2193,1,2025-05-02 19:33:12.760653293,Entregado,True
2564,2194,1,2026-01-28 10:45:15.130457658,Entregado,True
2565,2195,1,2025-08-20 22:44:58.568154921,Entregado,True
2566,2196,1,2025-12-21 18:26:15.880615515,Entregado,True
2567,2197,1,2026-07-28 01:34:15.599422473,Entregado,True
2568,2198,1,2026-06-14 21:05:11.961864942,Entregado,True
2569,2199,1,2025-06-22 17:50:48.843809203,Entregado,True
2570,2200,1,2025-05-14 21:43:25.873999035,Entregado,True
2571,2201,1,2025-12-25 11:01:47.087838469,Entregado,True
2572,2202,1,2025-02-11 12:37:48.000000000,Entregado,True
2573,2203,1,2025-11-03 13:46:27.734719533,Entregado,True
2574,2204,1,2025-01-09 07:19:02.226699202,Entregado,True
2575,2205,1,2025-11-27 02:00:41.167671717,Cliente ausente,False
2576,2205,2,2025-11-28 19:16:58.335343435,Entregado,True
2577,2206,1,2025-06-23 03:45:26.504513247,Entregado,True
2578,2207,1,2025-12-04 17:39:49.945585176,Reprogramado,False
2579,2207,2,2025-12-04 23:08:15.891170352,Entregado,True
2580,2208,1,2025-03-13 13:04:44.434566969,Entregado,True
2581,2209,1,2026-06-24 19:04:35.128784665,Cliente ausente,False
2582,2209,2,2026-06-26 03:36:46.257569330,Cliente ausente,False
2583,2209,3,2026-06-27 12:08:57.386353999,Entregado,True
2584,2210,1,2026-05-26 13:55:59.703272886,Entregado,True
2585,2211,1,2026-05-03 03:45:27.215747773,Entregado,True
2586,2212,1,2026-03-23 16:39:49.945045111,Entregado,True
2587,2213,1,2025-02-20 21:27:40.386509751,Entregado,True
2588,2214,1,2025-06-02 21:46:40.120004592,Entregado,True
2589,2215,1,2026-08-17 09:02:45.221861544,Entregado,True
2590,2216,1,2025-04-03 20:16:48.638224232,Entregado,True
2591,2217,1,2026-01-04 18:53:10.135821231,Domicilio incorrecto,False
2592,2217,2,2026-01-05 22:14:32.271642463,Acceso restringido,False
2593,2217,3,2026-01-07 01:35:54.407463694,Entregado,True
2594,2218,1,2026-08-04 13:06:34.050628670,Entregado,True
2595,2219,1,2025-03-18 21:47:53.755570262,Entregado,True
2596,2220,1,2025-03-28 09:15:27.635351976,Entregado,True
2597,2221,1,2025-08-19 02:16:56.679815391,Entregado,True
2598,2222,1,2026-01-01 19:01:02.724366414,Entregado,True
2599,2223,1,2026-07-25 10:00:01.144398150,Entregado,True
2600,2224,1,2026-08-18 20:56:34.479488439,Entregado,True
2601,2225,1,2025-01-26 07:20:35.749402893,Entregado,True
2602,2226,1,2025-01-30 07:30:01.620069523,Entregado,True
2603,2227,1,2025-05-02 16:55:12.508624362,Cliente ausente,False
2604,2227,2,2025-05-04 03:09:37.017248724,Reprogramado,False
2605,2227,3,2025-05-05 13:24:01.525873086,Entregado,True
2606,2228,1,2025-12-11 20:10:12.000000000,Entregado,True
2607,2229,1,2025-01-31 21:57:59.236434277,Entregado,True
2608,2230,1,2025-08-16 00:56:35.482341577,Cliente ausente,False
2609,2230,2,2025-08-16 17:23:46.964683154,Entregado,True
2610,2231,1,2025-09-09 02:32:43.230493086,Entregado,True
2611,2232,1,2025-02-22 19:20:44.595228580,Entregado,True
2612,2233,1,2026-01-24 09:55:48.000000000,Entregado,True
2613,2234,1,2025-10-18 03:08:01.966111620,Entregado,True
2614,2235,1,2026-08-17 15:00:05.473773115,Entregado,True
2615,2236,1,2026-04-22 06:17:48.822048060,Entregado,True
2616,2237,1,2026-08-31 01:09:02.753095309,Entregado,True
2617,2238,1,2025-01-10 04:50:51.604551654,Entregado,True
2618,2239,1,2026-02-18 11:12:03.075044043,Entregado,True
2619,2240,1,2025-11-21 09:05:42.767875284,Domicilio incorrecto,False
2620,2240,2,2025-11-22 07:57:01.535750571,Reprogramado,False
2621,2240,3,2025-11-23 06:48:20.303625855,Entregado,True
2622,2241,1,2026-02-05 02:20:02.682941409,Cliente ausente,False
2623,2241,2,2026-02-06 16:00:29.365882815,Entregado,True
2624,2242,1,2025-07-12 06:15:02.652178071,Entregado,True
2625,2243,1,2026-05-17 07:14:07.749257776,Entregado,True
2626,2244,1,2026-08-06 11:52:00.655960954,Entregado,True
2627,2245,1,2026-03-11 06:31:00.291418910,Cliente ausente,False
2628,2245,2,2026-03-12 04:00:48.582837817,Cliente ausente,False
2629,2245,3,2026-03-13 01:30:36.874256727,Entregado,True
2630,2246,1,2025-03-10 07:08:56.501119305,Entregado,True
2631,2247,1,2026-04-01 05:21:55.229892948,Entregado,True
2632,2248,1,2026-05-10 19:42:10.205768354,Cliente ausente,False
2633,2248,2,2026-05-12 09:25:32.411536712,Entregado,True
2634,2249,1,2026-03-20 21:56:22.789874544,Entregado,True
2635,2250,1,2025-11-03 12:33:46.701836020,Entregado,True
2636,2251,1,2025-09-25 07:49:39.455842378,Entregado,True
2637,2252,1,2025-01-08 00:56:07.635115212,Domicilio incorrecto,False
2638,2252,2,2025-01-08 05:08:27.270230427,Cliente ausente,False
2639,2252,3,2025-01-08 09:20:46.905345639,Entregado,True
2640,2253,1,2026-02-19 16:56:08.706272802,Entregado,True
2641,2254,1,2025-07-28 06:22:39.955728741,Entregado,True
2642,2255,1,2025-07-01 14:46:12.309191619,Entregado,True
2643,2256,1,2026-04-14 13:29:27.588153022,Entregado,True
2644,2257,1,2026-05-12 15:57:20.658433369,Cliente ausente,False
2645,2257,2,2026-05-13 18:37:17.316866739,Cliente ausente,False
2646,2257,3,2026-05-14 21:17:13.975300110,Entregado,True
2647,2258,1,2026-03-24 06:22:30.654657926,Entregado,True
2648,2259,1,2025-08-19 06:36:59.231205061,Entregado,True
2649,2260,1,2025-05-29 13:53:26.599873243,Entregado,True
2650,2261,1,2026-07-25 17:24:06.284019866,Entregado,True
2651,2262,1,2025-10-25 17:21:22.292419676,Entregado,True
2652,2263,1,2025-09-01 12:42:33.372001220,Entregado,True
2653,2264,1,2025-10-16 12:35:02.214342448,Entregado,True
2654,2265,1,2025-01-29 01:08:10.341405452,Entregado,True
2655,2266,1,2026-04-02 04:10:59.276007436,Entregado,True
2656,2267,1,2025-04-19 12:09:05.439053984,Entregado,True
2657,2268,1,2025-08-31 06:17:52.428559164,Entregado,True
2658,2269,1,2026-02-25 04:58:11.211820881,Entregado,True
2659,2270,1,2025-12-02 19:53:57.285457062,Entregado,True
2660,2271,1,2025-02-12 17:16:12.733368628,Entregado,True
2661,2272,1,2026-07-11 23:01:11.815238733,Entregado,True
2662,2273,1,2025-02-05 18:33:35.400802154,Entregado,True
2663,2274,1,2026-01-22 10:45:37.628410809,Entregado,True
2664,2275,1,2026-05-31 13:47:06.319777160,Entregado,True
2665,2276,1,2025-10-16 03:47:32.879009403,Domicilio incorrecto,False
2666,2276,2,2025-10-16 23:02:41.758018807,Entregado,True
2667,2277,1,2025-02-06 03:18:02.061842335,Entregado,True
2668,2278,1,2025-04-08 06:12:09.194892692,Entregado,True
2669,2279,1,2025-07-25 07:56:24.000000000,Entregado,True
2670,2280,1,2025-02-02 17:04:44.209633112,Entregado,True
2671,2281,1,2025-09-25 07:52:47.694562053,Entregado,True
2672,2282,1,2025-01-24 23:06:08.864134746,Entregado,True
2673,2283,1,2025-02-09 11:07:10.155779925,Entregado,True
2674,2284,1,2025-06-26 11:48:49.353903648,Entregado,True
2675,2285,1,2026-02-21 00:29:31.813525446,Entregado,True
2676,2286,1,2025-01-23 13:11:40.177599648,Entregado,True
2677,2287,1,2025-01-08 12:01:50.341541318,Entregado,True
2678,2288,1,2025-05-21 13:46:44.457487417,Entregado,True
2679,2289,1,2026-08-22 00:33:12.917364044,Entregado,True
2680,2290,1,2025-11-14 19:48:52.214857423,Entregado,True
2681,2291,1,2026-08-02 22:40:56.769564072,Entregado,True
2682,2292,1,2025-06-06 21:50:11.073471547,Entregado,True
2683,2293,1,2026-05-18 10:52:54.222926653,Entregado,True
2684,2294,1,2025-04-04 08:16:58.930606423,Entregado,True
2685,2295,1,2025-02-13 12:20:59.581696653,Entregado,True
2686,2296,1,2025-10-22 20:10:48.000000000,Entregado,True
2687,2297,1,2025-12-06 07:21:56.076385874,Entregado,True
2688,2298,1,2025-01-01 18:25:12.000000000,Entregado,True
2689,2299,1,2025-03-08 16:55:58.493816284,Entregado,True
2690,2300,1,2026-02-21 08:26:21.031116615,Entregado,True
2691,2301,1,2026-08-16 18:27:45.087211915,Entregado,True
2692,2302,1,2025-08-07 15:08:48.102309812,Entregado,True
2693,2303,1,2026-06-14 03:19:02.462931080,Cliente ausente,False
2694,2303,2,2026-06-16 00:17:40.925862160,Entregado,True
2695,2304,1,2026-07-20 21:29:35.335504528,Entregado,True
2696,2305,1,2026-02-21 08:10:12.437374904,Entregado,True
2697,2306,1,2026-04-01 11:20:48.192452808,Entregado,True
2698,2307,1,2025-05-30 11:36:54.460559757,Entregado,True
2699,2308,1,2025-02-08 06:57:41.346816339,Reprogramado,False
2700,2308,2,2025-02-09 09:28:22.693632682,Entregado,True
2701,2309,1,2025-06-09 15:24:10.918354176,Entregado,True
2702,2310,1,2025-11-30 12:41:44.447491435,Reprogramado,False
2703,2310,2,2025-12-01 12:50:28.894982874,Entregado,True
2704,2311,1,2025-10-18 21:32:49.300881104,Entregado,True
2705,2312,1,2025-04-25 13:25:18.114906172,Entregado,True
2706,2313,1,2025-04-04 07:33:41.439760041,Entregado,True
2707,2314,1,2025-02-19 05:06:26.199511628,Entregado,True
2708,2315,1,2025-06-14 14:54:29.609106447,Entregado,True
2709,2316,1,2026-06-02 18:20:40.204165819,Entregado,True
2710,2317,1,2026-02-07 23:28:34.878137354,Entregado,True
2711,2318,1,2025-11-18 10:57:16.969235648,Entregado,True
2712,2319,1,2026-04-23 05:11:33.070076282,Entregado,True
2713,2320,1,2026-08-27 05:08:55.569802837,Cliente ausente,False
2714,2320,2,2026-08-28 18:22:39.139605674,Entregado,True
2715,2321,1,2025-11-10 16:52:45.909139710,Entregado,True
2716,2322,1,2025-08-11 21:36:40.079687490,Entregado,True
2717,2323,1,2026-05-13 19:29:37.621146069,Entregado,True
2718,2324,1,2025-12-14 05:03:01.303126650,Entregado,True
2719,2325,1,2025-04-06 21:58:44.375771654,Entregado,True
2720,2326,1,2025-05-17 07:33:48.289902112,Entregado,True
2721,2327,1,2025-06-24 09:09:43.811365644,Entregado,True
2722,2328,1,2025-01-10 21:50:19.870316167,Acceso restringido,False
2723,2328,2,2025-01-12 08:24:27.740632334,Entregado,True
2724,2329,1,2025-11-20 23:51:59.752039561,Entregado,True
2725,2330,1,2025-04-09 21:27:12.443988012,Entregado,True
2726,2331,1,2025-06-20 17:28:38.078614729,Entregado,True
2727,2332,1,2025-11-07 17:40:49.501567081,Cliente ausente,False
2728,2332,2,2025-11-07 22:54:39.003134162,Entregado,True
2729,2333,1,2026-07-14 22:18:05.484253492,Entregado,True
2730,2334,1,2026-05-17 22:39:25.215247022,Entregado,True
2731,2335,1,2025-10-13 07:03:35.350366928,Entregado,True
2732,2336,1,2025-09-17 18:17:58.839746769,Cliente ausente,False
2733,2336,2,2025-09-18 02:11:57.679493539,Entregado,True
2734,2337,1,2026-05-10 23:21:00.000000000,Entregado,True
2735,2338,1,2025-12-23 16:04:52.325077659,Entregado,True
2736,2339,1,2025-08-05 13:03:24.976309345,Entregado,True
2737,2340,1,2025-08-26 12:16:07.097612520,Entregado,True
2738,2341,1,2025-05-19 13:38:42.535619422,Entregado,True
2739,2342,1,2026-03-01 04:42:30.269431965,Entregado,True
2740,2343,1,2025-12-09 17:11:39.234219126,Entregado,True
2741,2344,1,2025-12-10 21:43:03.972227934,Entregado,True
2742,2345,1,2026-06-15 07:35:10.469573768,Cliente ausente,False
2743,2345,2,2026-06-16 04:16:20.939147540,Entregado,True
2744,2346,1,2026-01-27 22:31:12.754696432,Entregado,True
2745,2347,1,2025-01-05 11:02:42.302990004,Entregado,True
2746,2348,1,2026-02-05 19:25:08.332181418,Entregado,True
2747,2349,1,2026-02-17 10:35:00.155396454,Entregado,True
2748,2350,1,2025-08-05 03:08:07.825307481,Entregado,True
2749,2351,1,2026-07-15 23:19:24.303908370,Entregado,True
2750,2352,1,2026-07-13 11:16:19.430312314,Cliente ausente,False
2751,2352,2,2026-07-14 11:40:26.860624629,Entregado,True
2752,2353,1,2025-02-19 05:50:28.477160228,Entregado,True
2753,2354,1,2025-07-07 13:40:38.320167273,Entregado,True
2754,2355,1,2026-05-18 08:06:48.391105946,Entregado,True
2755,2356,1,2026-06-17 09:19:29.274389439,Entregado,True
2756,2357,1,2025-02-14 14:46:49.197267062,Entregado,True
2757,2358,1,2026-08-29 00:04:19.393064104,Entregado,True
2758,2359,1,2025-09-19 12:01:39.783270129,Entregado,True
2759,2360,1,2025-02-20 09:42:06.545588626,Entregado,True
2760,2361,1,2026-08-13 06:57:46.661356249,Entregado,True
2761,2362,1,2025-08-12 02:18:57.678922155,Entregado,True
2762,2363,1,2025-12-11 23:52:17.679781030,Entregado,True
2763,2364,1,2025-08-28 10:26:41.633224666,Entregado,True
2764,2365,1,2025-06-09 20:44:23.001300564,Entregado,True
2765,2366,1,2026-01-24 08:30:25.238407114,Cliente ausente,False
2766,2366,2,2026-01-26 03:13:26.476814229,Entregado,True
2767,2367,1,2025-11-12 06:42:13.623511921,Domicilio incorrecto,False
2768,2367,2,2025-11-13 06:23:51.247023842,Entregado,True
2769,2368,1,2025-02-08 21:37:49.664751304,Domicilio incorrecto,False
2770,2368,2,2025-02-10 03:39:39.329502609,Entregado,True
2771,2369,1,2025-12-09 23:33:56.221214803,Entregado,True
2772,2370,1,2025-08-24 12:49:27.237023004,Entregado,True
2773,2371,1,2026-03-30 03:58:56.633867209,Reprogramado,False
2774,2371,2,2026-03-31 18:38:41.267734418,Entregado,True
2775,2372,1,2025-12-11 21:26:13.320102562,Entregado,True
2776,2373,1,2026-03-30 16:54:48.907008529,Cliente ausente,False
2777,2373,2,2026-03-31 21:50:13.814017062,Entregado,True
2778,2374,1,2025-09-14 17:54:00.000000000,Entregado,True
2779,2375,1,2026-03-12 07:53:22.805909901,Entregado,True
2780,2376,1,2025-07-30 03:18:13.638811341,Entregado,True
2781,2377,1,2025-07-22 18:38:20.252036522,Entregado,True
2782,2378,1,2025-05-19 16:28:48.683269952,Entregado,True
2783,2379,1,2026-07-21 04:57:28.445240268,Entregado,True
2784,2380,1,2026-01-30 11:42:24.133545198,Entregado,True
2785,2381,1,2025-02-07 15:40:21.604546642,Entregado,True
2786,2382,1,2025-08-05 11:43:49.453945485,Entregado,True
2787,2383,1,2025-01-28 08:54:22.417453198,Entregado,True
2788,2384,1,2025-01-20 08:46:36.746492851,Entregado,True
2789,2385,1,2026-08-05 07:39:35.572690393,Entregado,True
2790,2386,1,2025-01-30 18:36:11.145040030,Entregado,True
2791,2387,1,2025-03-17 14:27:48.422297358,Entregado,True
2792,2388,1,2025-05-05 02:33:45.743462028,Entregado,True
2793,2389,1,2025-08-19 20:12:09.149535943,Entregado,True
2794,2390,1,2025-12-07 06:29:24.673893738,Entregado,True
2795,2391,1,2025-10-03 19:40:12.811422669,Entregado,True
2796,2392,1,2025-02-08 22:41:14.084073916,Entregado,True
2797,2393,1,2026-03-05 17:45:35.584397427,Entregado,True
2798,2394,1,2025-11-12 06:05:41.278506666,Entregado,True
2799,2395,1,2026-05-25 01:02:27.861849553,Entregado,True
2800,2396,1,2025-06-11 09:46:42.519958960,Entregado,True
2801,2397,1,2025-09-15 12:51:05.856548389,Entregado,True
2802,2398,1,2026-04-02 05:33:30.713715140,Entregado,True
2803,2399,1,2025-02-17 19:00:54.491333058,Entregado,True
2804,2400,1,2025-11-29 15:47:22.283031991,Entregado,True
2805,2401,1,2025-01-13 11:28:56.903653502,Entregado,True
2806,2402,1,2025-06-02 03:09:12.695850345,Cliente ausente,False
2807,2402,2,2025-06-02 21:16:01.391700694,Entregado,True
2808,2403,1,2026-05-04 23:50:40.266064122,Entregado,True
2809,2404,1,2025-05-19 18:23:56.864849067,Entregado,True
2810,2405,1,2026-08-13 04:04:43.518777474,Entregado,True
2811,2406,1,2025-01-27 10:45:59.005816416,Entregado,True
2812,2407,1,2025-01-09 16:36:34.652804770,Entregado,True
2813,2408,1,2026-08-15 02:32:49.141281516,Domicilio incorrecto,False
2814,2408,2,2026-08-15 13:55:26.282563035,Entregado,True
2815,2409,1,2025-01-17 20:41:02.745734683,Entregado,True
2816,2410,1,2026-03-09 23:35:27.509303090,Entregado,True
2817,2411,1,2026-02-05 18:42:17.917657977,Entregado,True
2818,2412,1,2025-07-28 05:21:10.873552572,Entregado,True
2819,2413,1,2026-08-27 08:55:41.030411228,Entregado,True
2820,2414,1,2025-08-05 03:04:06.935590743,Cliente ausente,False
2821,2414,2,2025-08-06 00:59:49.871181487,Entregado,True
2822,2415,1,2026-05-17 19:28:43.928348343,Domicilio incorrecto,False
2823,2415,2,2026-05-18 06:41:15.856696687,Entregado,True
2824,2416,1,2026-04-07 13:05:25.538290011,Entregado,True
2825,2417,1,2025-09-18 11:20:16.748465114,Entregado,True
2826,2418,1,2026-04-01 13:42:01.687888166,Entregado,True
2827,2419,1,2026-01-11 12:39:57.318791702,Domicilio incorrecto,False
2828,2419,2,2026-01-12 05:09:06.637583404,Entregado,True
2829,2420,1,2026-04-11 09:37:23.379773070,Reprogramado,False
2830,2420,2,2026-04-12 21:50:10.759546140,Acceso restringido,False
2831,2420,3,2026-04-14 10:02:58.139319210,Entregado,True
2832,2421,1,2025-03-16 18:00:31.711061934,Reprogramado,False
2833,2421,2,2025-03-17 06:55:39.422123868,Entregado,True
2834,2422,1,2025-08-31 12:50:59.479810681,Entregado,True
2835,2423,1,2025-01-18 12:42:25.665157476,Entregado,True
2836,2424,1,2025-09-19 23:06:55.960666336,Entregado,True
2837,2425,1,2025-05-05 17:18:44.503664814,Entregado,True
2838,2426,1,2025-11-10 17:26:07.200838996,Entregado,True
2839,2427,1,2025-04-22 05:21:17.867090484,Entregado,True
2840,2428,1,2025-09-15 06:23:09.179805148,Entregado,True
2841,2429,1,2026-05-16 05:51:14.400401317,Entregado,True
2842,2430,1,2025-02-11 22:33:29.593370592,Entregado,True
2843,2431,1,2025-05-03 21:30:38.352186633,Reprogramado,False
2844,2431,2,2025-05-05 12:12:04.704373270,Entregado,True
2845,2432,1,2026-03-28 16:48:36.250557728,Entregado,True
2846,2433,1,2025-04-04 18:04:58.141463268,Entregado,True
2847,2434,1,2025-05-03 09:27:29.053884600,Domicilio incorrecto,False
2848,2434,2,2025-05-03 14:38:10.107769200,Entregado,True
2849,2435,1,2025-12-05 18:13:12.905355194,Entregado,True
2850,2436,1,2026-09-01 05:25:05.302178173,Entregado,True
2851,2437,1,2026-05-31 10:37:36.557659722,Entregado,True
2852,2438,1,2026-08-27 22:52:47.621284568,Reprogramado,False
2853,2438,2,2026-08-29 03:38:23.242569136,Entregado,True
2854,2439,1,2026-03-08 06:20:59.939918415,Entregado,True
2855,2440,1,2026-03-13 16:17:22.555973202,Entregado,True
2856,2441,1,2025-01-11 14:16:30.992389410,Entregado,True
2857,2442,1,2025-05-03 21:40:03.344156983,Entregado,True
2858,2443,1,2026-01-25 07:30:41.121770443,Entregado,True
2859,2444,1,2025-12-20 12:36:35.046998539,Entregado,True
2860,2445,1,2025-04-11 08:48:04.191811837,Entregado,True
2861,2446,1,2025-02-13 20:15:02.086354400,Domicilio incorrecto,False
2862,2446,2,2025-02-15 08:45:04.172708800,Entregado,True
2863,2447,1,2026-07-20 23:03:16.071041037,Entregado,True
2864,2448,1,2025-08-24 10:08:47.879268892,Entregado,True
2865,2449,1,2026-03-23 04:15:26.380564556,Cliente ausente,False
2866,2449,2,2026-03-23 14:06:16.761129112,Entregado,True
2867,2450,1,2025-07-22 06:31:42.470701348,Entregado,True
2868,2451,1,2026-05-31 16:41:09.084678417,Entregado,True
2869,2452,1,2026-06-14 16:37:04.271089706,Entregado,True
2870,2453,1,2026-01-14 10:45:50.501293027,Entregado,True
2871,2454,1,2026-07-01 15:47:07.119804282,Cliente ausente,False
2872,2454,2,2026-07-03 00:33:02.239608560,Entregado,True
2873,2455,1,2026-05-07 14:51:46.481214862,Entregado,True
2874,2456,1,2025-12-28 04:32:53.282566060,Cliente ausente,False
2875,2456,2,2025-12-29 01:51:22.565132121,Entregado,True
2876,2457,1,2026-08-18 15:33:03.318450541,Entregado,True
2877,2458,1,2026-02-11 02:50:19.313937022,Entregado,True
2878,2459,1,2025-05-19 23:07:01.501142293,Entregado,True
2879,2460,1,2025-08-23 07:29:38.002930494,Entregado,True
2880,2461,1,2025-04-27 00:04:39.336494574,Entregado,True
2881,2462,1,2025-09-11 09:04:43.619232313,Entregado,True
2882,2463,1,2026-05-11 03:44:38.915794201,Entregado,True
2883,2464,1,2025-10-20 17:31:38.489257416,Entregado,True
2884,2465,1,2025-02-21 09:34:35.347530734,Entregado,True
2885,2466,1,2026-03-31 07:01:45.685246872,Entregado,True
2886,2467,1,2026-06-04 16:21:50.636344896,Entregado,True
2887,2468,1,2025-09-30 20:43:02.455182753,Entregado,True
2888,2469,1,2026-03-08 11:27:49.269987759,Entregado,True
2889,2470,1,2025-01-27 13:42:28.066697517,Reprogramado,False
2890,2470,2,2025-01-28 07:46:32.133395031,Cliente ausente,False
2891,2470,3,2025-01-29 01:50:36.200092549,Entregado,True
2892,2471,1,2025-03-14 12:36:29.775270513,Entregado,True
2893,2472,1,2025-10-24 17:00:03.882968931,Entregado,True
2894,2473,1,2025-08-23 02:22:12.000000000,Cliente ausente,False
2895,2473,2,2025-08-23 05:22:12.000000000,Entregado,True
2896,2474,1,2025-08-23 06:06:13.031803983,Entregado,True
2897,2475,1,2025-09-21 22:07:44.318007688,Entregado,True
2898,2476,1,2025-05-04 14:06:30.029247878,Entregado,True
2899,2477,1,2026-04-12 03:49:56.411579449,Entregado,True
2900,2478,1,2026-06-05 19:28:39.773101202,Entregado,True
2901,2479,1,2026-01-13 21:16:37.324162758,Entregado,True
2902,2480,1,2026-05-18 18:28:39.253244840,Entregado,True
2903,2481,1,2026-03-14 02:45:10.475380119,Entregado,True
2904,2482,1,2026-05-16 01:39:48.032228203,Entregado,True
2905,2483,1,2025-06-24 17:12:44.951985896,Entregado,True
2906,2484,1,2026-05-25 17:48:15.713793140,Cliente ausente,False
2907,2484,2,2026-05-26 20:41:19.427586284,Entregado,True
2908,2485,1,2025-11-09 01:47:22.644556277,Entregado,True
2909,2486,1,2025-03-12 21:12:36.646100953,Entregado,True
2910,2487,1,2025-07-25 14:18:43.337373555,Domicilio incorrecto,False
2911,2487,2,2025-07-26 20:10:26.674747111,Entregado,True
2912,2488,1,2025-12-08 11:37:43.830729303,Entregado,True
2913,2489,1,2025-02-01 16:47:24.000000000,Acceso restringido,False
2914,2489,2,2025-02-01 19:47:24.000000000,Entregado,True
2915,2490,1,2025-02-16 15:14:06.362917278,Entregado,True
2916,2491,1,2025-04-29 19:51:43.531949016,Entregado,True
2917,2492,1,2025-01-17 09:07:06.092150700,Entregado,True
2918,2493,1,2025-11-22 13:06:05.650665094,Entregado,True
2919,2494,1,2026-06-19 05:49:17.768090024,Entregado,True
2920,2495,1,2026-08-17 16:22:18.928221506,Entregado,True
2921,2496,1,2026-05-27 20:18:46.319607522,Entregado,True
2922,2497,1,2025-01-30 07:03:17.757154742,Entregado,True
2923,2498,1,2026-06-21 19:14:17.049398208,Entregado,True
2924,2499,1,2025-03-08 02:04:58.515042673,Entregado,True
2925,2500,1,2025-11-11 16:01:57.737229682,Entregado,True
2926,2501,1,2026-08-16 03:32:28.310099211,Entregado,True
2927,2502,1,2025-08-07 02:14:30.654933435,Entregado,True
2928,2503,1,2026-04-03 17:21:37.579550241,Entregado,True
2929,2504,1,2026-08-05 10:37:56.406116982,Entregado,True
2930,2505,1,2026-04-22 11:43:33.790711814,Entregado,True
2931,2506,1,2025-12-26 15:16:32.712802514,Entregado,True
2932,2507,1,2025-05-09 03:03:55.567433523,Entregado,True
2933,2508,1,2025-03-30 15:35:14.820279604,Entregado,True
2934,2509,1,2025-12-12 05:00:43.450506774,Entregado,True
2935,2510,1,2026-02-01 01:05:30.927777277,Entregado,True
2936,2511,1,2026-05-03 09:46:41.874073445,Entregado,True
2937,2512,1,2026-04-23 00:13:28.002801565,Entregado,True
2938,2513,1,2025-08-02 01:02:15.973381669,Entregado,True
2939,2514,1,2026-06-12 12:51:35.840701645,Entregado,True
2940,2515,1,2026-08-01 14:07:24.892672029,Entregado,True
2941,2516,1,2025-11-07 12:29:17.717469583,Entregado,True
2942,2517,1,2025-03-20 15:33:27.858798075,Entregado,True
2943,2518,1,2025-01-26 00:00:26.183888773,Entregado,True
2944,2519,1,2025-03-03 01:40:07.933316444,Entregado,True
2945,2520,1,2026-01-25 04:27:14.640214179,Entregado,True
2946,2521,1,2025-02-27 19:32:36.701460168,Entregado,True
2947,2522,1,2025-06-20 09:13:37.608553210,Entregado,True
2948,2523,1,2026-02-18 06:59:10.662675626,Entregado,True
2949,2524,1,2025-07-12 22:23:32.355521278,Entregado,True
2950,2525,1,2026-04-27 16:10:36.580096635,Entregado,True
2951,2526,1,2026-07-23 03:13:46.841872555,Cliente ausente,False
2952,2526,2,2026-07-24 15:43:45.683745114,Entregado,True
2953,2527,1,2026-02-24 23:29:21.041140106,Entregado,True
2954,2528,1,2025-12-08 03:36:40.974881450,Entregado,True
2955,2529,1,2025-09-19 19:38:49.711058466,Entregado,True
2956,2530,1,2025-12-18 16:37:00.302950966,Entregado,True
2957,2531,1,2026-08-26 00:34:05.615770206,Cliente ausente,False
2958,2531,2,2026-08-27 14:21:59.231540412,Entregado,True
2959,2532,1,2026-03-15 11:53:46.242766482,Entregado,True
2960,2533,1,2025-08-14 00:09:41.223967203,Entregado,True
2961,2534,1,2026-02-21 01:08:10.301926174,Entregado,True
2962,2535,1,2025-12-19 00:54:31.182560564,Entregado,True
2963,2536,1,2026-08-28 13:46:43.932321587,Entregado,True
2964,2537,1,2025-03-04 11:01:33.566342898,Entregado,True
2965,2538,1,2026-06-25 12:35:08.469975303,Cliente ausente,False
2966,2538,2,2026-06-26 18:46:16.939950607,Entregado,True
2967,2539,1,2025-08-16 22:06:08.771212933,Entregado,True
2968,2540,1,2025-11-17 20:29:49.052692183,Entregado,True
2969,2541,1,2026-07-18 17:59:10.433072662,Reprogramado,False
2970,2541,2,2026-07-19 13:02:32.866145325,Entregado,True
2971,2542,1,2025-10-09 01:04:32.582789367,Entregado,True
2972,2543,1,2026-07-14 22:25:08.255053009,Reprogramado,False
2973,2543,2,2026-07-17 11:38:52.510106022,Entregado,True
2974,2544,1,2026-04-22 00:06:10.571940920,Entregado,True
2975,2545,1,2025-01-25 21:22:15.462996600,Domicilio incorrecto,False
2976,2545,2,2025-01-27 11:35:30.925993196,Entregado,True
2977,2546,1,2026-06-06 06:03:10.333714330,Entregado,True
2978,2547,1,2026-01-04 18:27:50.915997597,Domicilio incorrecto,False
2979,2547,2,2026-01-06 04:31:41.831995198,Entregado,True
2980,2548,1,2025-12-02 12:25:02.678246526,Reprogramado,False
2981,2548,2,2025-12-03 11:49:29.356493052,Cliente ausente,False
2982,2548,3,2025-12-04 11:13:56.034739574,Entregado,True
2983,2549,1,2026-03-10 05:13:39.111904585,Cliente ausente,False
2984,2549,2,2026-03-11 03:32:42.223809170,Entregado,True
2985,2550,1,2025-01-08 04:35:16.020475216,Entregado,True
2986,2551,1,2025-09-18 15:25:28.518889324,Entregado,True
2987,2552,1,2025-09-20 14:03:00.000000000,Entregado,True
2988,2553,1,2025-01-23 20:51:07.469787495,Acceso restringido,False
2989,2553,2,2025-01-25 22:20:38.939574987,Entregado,True
2990,2554,1,2025-05-23 18:02:58.683514693,Entregado,True
2991,2555,1,2026-04-24 23:12:13.768315682,Entregado,True
2992,2556,1,2025-10-19 23:54:36.576059450,Entregado,True
2993,2557,1,2025-07-27 12:29:33.805343482,Entregado,True
2994,2558,1,2025-02-14 05:28:05.739202059,Cliente ausente,False
2995,2558,2,2025-02-16 06:48:23.478404119,Entregado,True
2996,2559,1,2025-04-30 08:58:23.128363873,Entregado,True
2997,2560,1,2025-01-08 05:48:44.968018626,Entregado,True
2998,2561,1,2025-12-14 09:15:31.162713134,Entregado,True
2999,2562,1,2025-05-25 06:09:09.410178524,Entregado,True
3000,2563,1,2026-01-10 14:36:27.969746353,Entregado,True
3001,2564,1,2025-08-22 00:18:48.084280689,Entregado,True
3002,2565,1,2025-06-15 15:28:14.310398690,Entregado,True
3003,2566,1,2026-07-04 18:54:51.306104638,Entregado,True
3004,2567,1,2026-01-01 05:49:02.131816652,Entregado,True
3005,2568,1,2025-01-12 18:54:59.807413224,Entregado,True
3006,2569,1,2026-02-13 09:20:55.088434082,Cliente ausente,False
3007,2569,2,2026-02-14 05:53:14.176868168,Domicilio incorrecto,False
3008,2569,3,2026-02-15 02:25:33.265302250,Entregado,True
3009,2570,1,2025-03-19 19:36:20.586080062,Entregado,True
3010,2571,1,2025-10-30 20:38:25.032132830,Reprogramado,False
3011,2571,2,2025-11-01 12:24:02.064265660,Entregado,True
3012,2572,1,2026-01-17 07:51:51.739701051,Entregado,True
3013,2573,1,2026-08-13 00:08:12.856638667,Entregado,True
3014,2574,1,2025-01-29 13:12:26.631145968,Entregado,True
3015,2575,1,2026-04-09 04:15:01.467659577,Cliente ausente,False
3016,2575,2,2026-04-09 23:15:02.935319155,Entregado,True
3017,2576,1,2026-02-01 00:43:26.183574051,Entregado,True
3018,2577,1,2026-01-12 20:09:55.936559977,Entregado,True
3019,2578,1,2026-02-27 14:58:45.341831438,Entregado,True
3020,2579,1,2026-01-01 06:22:51.457380520,Entregado,True
3021,2580,1,2025-08-06 18:40:17.969689606,Entregado,True
3022,2581,1,2025-04-12 13:14:22.256186193,Entregado,True
3023,2582,1,2025-04-06 09:29:11.274012042,Entregado,True
3024,2583,1,2026-08-01 10:29:36.994338477,Entregado,True
3025,2584,1,2025-07-28 21:55:30.293898463,Entregado,True
3026,2585,1,2025-03-23 05:09:59.539800657,Entregado,True
3027,2586,1,2025-02-08 17:58:42.237271797,Entregado,True
3028,2587,1,2025-01-15 02:54:28.308447284,Entregado,True
3029,2588,1,2025-04-03 11:46:36.485706738,Entregado,True
3030,2589,1,2025-01-20 23:56:36.019239835,Entregado,True
3031,2590,1,2026-07-18 20:35:15.364206772,Cliente ausente,False
3032,2590,2,2026-07-19 13:26:42.728413545,Entregado,True
3033,2591,1,2025-04-07 11:58:58.145991006,Entregado,True
3034,2592,1,2025-05-22 23:52:24.299656676,Entregado,True
3035,2593,1,2026-07-26 18:12:30.107750194,Entregado,True
3036,2594,1,2025-01-25 06:23:33.813954826,Entregado,True
3037,2595,1,2025-05-30 13:51:55.252750500,Cliente ausente,False
3038,2595,2,2025-05-31 11:21:38.505501003,Cliente ausente,False
3039,2595,3,2025-06-01 08:51:21.758251503,Entregado,True
3040,2596,1,2025-08-10 18:53:26.199996784,Entregado,True
3041,2597,1,2025-08-08 15:54:07.595711305,Entregado,True
3042,2598,1,2026-07-19 11:25:55.456588707,Entregado,True
3043,2599,1,2025-03-02 05:21:37.193450403,Entregado,True
3044,2600,1,2026-03-03 12:36:57.397839343,Entregado,True
3045,2601,1,2025-10-05 18:11:54.327359612,Entregado,True
3046,2602,1,2025-05-21 22:10:28.383847107,Entregado,True
3047,2603,1,2026-01-14 12:50:38.439106215,Entregado,True
3048,2604,1,2026-01-08 22:13:11.350422001,Cliente ausente,False
3049,2604,2,2026-01-09 14:25:46.700844006,Cliente ausente,False
3050,2604,3,2026-01-10 06:38:22.051266007,Entregado,True
3051,2605,1,2025-03-06 07:27:39.556112407,Entregado,True
3052,2606,1,2026-07-20 16:55:09.078285874,Entregado,True
3053,2607,1,2025-12-09 10:39:17.399113657,Entregado,True
3054,2608,1,2025-06-16 19:34:13.230025521,Entregado,True
3055,2609,1,2026-06-09 14:58:19.877125036,Entregado,True
3056,2610,1,2026-08-31 10:39:44.661488727,Entregado,True
3057,2611,1,2026-08-09 07:33:05.978508699,Entregado,True
3058,2612,1,2026-05-21 20:18:43.830550015,Entregado,True
3059,2613,1,2026-07-16 12:04:04.542281443,Reprogramado,False
3060,2613,2,2026-07-18 08:57:57.084562882,Entregado,True
3061,2614,1,2025-12-16 21:43:06.298873719,Entregado,True
3062,2615,1,2026-03-08 05:00:05.341214386,Entregado,True
3063,2616,1,2026-09-03 07:02:28.835028387,Entregado,True
3064,2617,1,2025-08-24 05:38:22.696451750,Entregado,True
3065,2618,1,2026-07-15 22:40:08.023045195,Entregado,True
3066,2619,1,2025-07-31 06:29:51.297010681,Entregado,True
3067,2620,1,2026-05-20 15:52:18.196616758,Entregado,True
3068,2621,1,2026-08-13 09:12:00.000000000,Entregado,True
3069,2622,1,2025-08-10 06:33:00.291398835,Entregado,True
3070,2623,1,2025-03-24 00:32:31.545451939,Entregado,True
3071,2624,1,2026-07-04 01:55:47.810879734,Entregado,True
3072,2625,1,2026-06-28 04:43:37.226930858,Entregado,True
3073,2626,1,2025-09-10 13:21:53.067644190,Entregado,True
3074,2627,1,2026-08-31 20:30:10.074059154,Entregado,True
3075,2628,1,2026-02-21 08:41:07.274685584,Entregado,True
3076,2629,1,2025-03-28 15:08:40.150299940,Entregado,True
3077,2630,1,2025-08-08 13:32:01.157572532,Entregado,True
3078,2631,1,2025-07-19 13:11:21.357773728,Entregado,True
3079,2632,1,2025-10-26 13:24:44.897764280,Entregado,True
3080,2633,1,2025-02-14 15:35:30.765855033,Entregado,True
3081,2634,1,2026-02-01 09:20:31.510567600,Entregado,True
3082,2635,1,2026-03-20 01:04:47.858224454,Entregado,True
3083,2636,1,2025-06-05 02:36:01.991928481,Entregado,True
3084,2637,1,2026-04-25 02:53:36.985680232,Entregado,True
3085,2638,1,2025-03-01 03:33:19.011624090,Entregado,True
3086,2639,1,2025-04-23 11:37:38.741200039,Entregado,True
3087,2640,1,2026-04-27 00:26:36.676816609,Entregado,True
3088,2641,1,2026-08-19 00:14:29.205280053,Entregado,True
3089,2642,1,2025-02-23 05:57:48.294217526,Entregado,True
3090,2643,1,2026-01-13 06:28:33.083349985,Cliente ausente,False
3091,2643,2,2026-01-14 02:21:06.166699970,Entregado,True
3092,2644,1,2025-02-05 02:30:41.484497832,Entregado,True
3093,2645,1,2026-05-02 16:31:59.038217029,Entregado,True
3094,2646,1,2026-08-27 04:44:26.219169088,Entregado,True
3095,2647,1,2025-01-05 18:07:08.542910402,Entregado,True
3096,2648,1,2026-07-31 06:48:11.886166022,Entregado,True
3097,2649,1,2025-09-02 18:37:56.600595843,Entregado,True
3098,2650,1,2026-06-29 14:52:54.774230444,Entregado,True
3099,2651,1,2026-08-12 07:58:56.182300845,Entregado,True
3100,2652,1,2026-08-06 02:49:50.462227516,Reprogramado,False
3101,2652,2,2026-08-06 19:24:40.924455033,Entregado,True
3102,2653,1,2026-08-18 22:37:18.109343586,Entregado,True
3103,2654,1,2025-12-24 05:46:24.562204896,Entregado,True
3104,2655,1,2025-10-04 05:15:29.448206690,Entregado,True
3105,2656,1,2026-05-19 09:53:53.885869886,Entregado,True
3106,2657,1,2025-02-09 07:24:33.584451688,Entregado,True
3107,2658,1,2026-05-28 19:40:35.286664443,Entregado,True
3108,2659,1,2025-02-18 12:49:26.751953269,Cliente ausente,False
3109,2659,2,2025-02-19 12:22:41.503906538,Entregado,True
3110,2660,1,2025-07-06 19:53:43.951073272,Entregado,True
3111,2661,1,2026-05-11 08:05:14.599929894,Entregado,True
3112,2662,1,2025-10-03 02:48:37.143204588,Entregado,True
3113,2663,1,2026-06-14 15:11:54.690684266,Entregado,True
3114,2664,1,2025-07-31 18:07:05.063743117,Entregado,True
3115,2665,1,2025-05-25 05:30:02.600575387,Entregado,True
3116,2666,1,2025-06-23 17:15:33.378104354,Entregado,True
3117,2667,1,2026-03-25 09:25:36.220215334,Entregado,True
3118,2668,1,2025-11-01 18:35:42.040622637,Entregado,True
3119,2669,1,2025-06-05 10:38:09.667041918,Entregado,True
3120,2670,1,2025-11-20 11:34:58.301053003,Entregado,True
3121,2671,1,2026-06-22 12:11:22.559774827,Entregado,True
3122,2672,1,2026-03-24 18:39:40.677659096,Entregado,True
3123,2673,1,2025-12-13 00:56:55.850870407,Entregado,True
3124,2674,1,2025-08-10 02:19:54.202602000,Entregado,True
3125,2675,1,2025-04-21 12:08:05.189349570,Entregado,True
3126,2676,1,2026-02-16 14:14:35.410157948,Entregado,True
3127,2677,1,2026-02-25 18:43:51.866755384,Entregado,True
3128,2678,1,2026-08-26 13:59:22.982923946,Domicilio incorrecto,False
3129,2678,2,2026-08-27 05:49:09.965847892,Entregado,True
3130,2679,1,2026-05-22 09:12:42.161903413,Entregado,True
3131,2680,1,2025-02-12 11:40:37.519625679,Entregado,True
3132,2681,1,2026-05-26 07:44:55.720691228,Entregado,True
3133,2682,1,2026-04-05 00:55:48.000000000,Entregado,True
3134,2683,1,2025-09-22 00:19:21.884290636,Entregado,True
3135,2684,1,2025-04-30 10:49:11.811789739,Entregado,True
3136,2685,1,2026-03-28 11:50:39.490160820,Entregado,True
3137,2686,1,2026-02-18 23:03:42.882434236,Entregado,True
3138,2687,1,2026-06-11 14:47:08.791361840,Entregado,True
3139,2688,1,2026-04-08 15:03:48.135952350,Entregado,True
3140,2689,1,2025-04-30 16:27:52.841145045,Entregado,True
3141,2690,1,2025-08-06 04:42:23.445801025,Entregado,True
3142,2691,1,2025-03-20 17:12:15.666517137,Entregado,True
3143,2692,1,2026-03-01 04:50:01.116787146,Entregado,True
3144,2693,1,2025-06-25 05:03:20.142367009,Entregado,True
3145,2694,1,2026-01-28 03:27:29.377091804,Entregado,True
3146,2695,1,2025-01-28 18:49:27.369587103,Entregado,True
3147,2696,1,2025-05-08 22:28:37.863290856,Cliente ausente,False
3148,2696,2,2025-05-09 13:47:03.726581708,Entregado,True
3149,2697,1,2026-01-10 16:58:01.927577373,Entregado,True
3150,2698,1,2025-01-26 20:35:12.997247107,Entregado,True
3151,2699,1,2026-04-16 09:06:22.071237264,Reprogramado,False
3152,2699,2,2026-04-17 07:51:44.142474531,Entregado,True
3153,2700,1,2026-03-02 00:35:41.636442638,Cliente ausente,False
3154,2700,2,2026-03-03 20:33:35.272885276,Entregado,True
3155,2701,1,2025-06-29 02:27:53.451659383,Entregado,True
3156,2702,1,2026-06-24 02:24:29.822305276,Entregado,True
3157,2703,1,2025-09-25 20:17:29.013511804,Entregado,True
3158,2704,1,2026-07-28 13:20:27.521580141,Entregado,True
3159,2705,1,2025-09-29 07:51:33.538645720,Cliente ausente,False
3160,2705,2,2025-10-01 02:33:31.077291441,Entregado,True
3161,2706,1,2025-11-26 07:59:58.155302630,Entregado,True
3162,2707,1,2026-04-03 06:17:51.483918803,Entregado,True
3163,2708,1,2025-10-23 01:37:34.225593110,Entregado,True
3164,2709,1,2025-05-06 20:08:18.548655234,Entregado,True
3165,2710,1,2025-06-09 10:36:53.833186738,Entregado,True
3166,2711,1,2025-11-26 22:23:45.890361488,Entregado,True
3167,2712,1,2025-11-05 01:21:51.057507570,Entregado,True
3168,2713,1,2025-03-31 00:54:09.284454914,Cliente ausente,False
3169,2713,2,2025-03-31 16:21:54.568909825,Entregado,True
3170,2714,1,2025-02-10 05:44:00.126762226,Entregado,True
3171,2715,1,2025-12-13 08:30:10.475460190,Entregado,True
3172,2716,1,2025-09-10 18:04:32.631725596,Entregado,True
3173,2717,1,2025-05-30 23:43:19.165008154,Entregado,True
3174,2718,1,2025-01-17 18:18:39.055496410,Entregado,True
3175,2719,1,2026-01-03 12:44:27.464380688,Entregado,True
3176,2720,1,2025-04-29 12:38:10.968379530,Reprogramado,False
3177,2720,2,2025-04-30 17:27:45.936759063,Entregado,True
3178,2721,1,2025-11-16 21:17:49.531179238,Entregado,True
3179,2722,1,2025-10-18 00:58:39.390130225,Entregado,True
3180,2723,1,2025-12-18 14:16:48.119216955,Entregado,True
3181,2724,1,2025-07-16 08:45:27.446223607,Entregado,True
3182,2725,1,2026-01-31 03:21:44.692535822,Entregado,True
3183,2726,1,2025-10-11 07:59:07.720049346,Entregado,True
3184,2727,1,2025-10-29 09:37:21.312630026,Entregado,True
3185,2728,1,2026-03-04 01:30:17.811419374,Entregado,True
3186,2729,1,2025-09-10 03:15:29.977063480,Entregado,True
3187,2730,1,2026-05-31 12:25:38.206489155,Entregado,True
3188,2731,1,2026-02-11 11:32:00.930552842,Domicilio incorrecto,False
3189,2731,2,2026-02-12 10:55:37.861105684,Entregado,True
3190,2732,1,2025-05-03 11:29:03.405470902,Entregado,True
3191,2733,1,2026-03-20 06:56:41.836305379,Entregado,True
3192,2734,1,2026-05-21 03:31:37.244011501,Entregado,True
3193,2735,1,2026-08-08 06:02:37.606099012,Entregado,True
3194,2736,1,2026-03-12 21:26:53.551130449,Entregado,True
3195,2737,1,2025-07-03 09:44:23.765753158,Entregado,True
3196,2738,1,2026-04-09 07:12:39.496205329,Entregado,True
3197,2739,1,2025-04-30 16:15:22.380595495,Entregado,True
3198,2740,1,2025-02-03 20:46:11.777683155,Entregado,True
3199,2741,1,2025-05-31 05:47:34.591241396,Cliente ausente,False
3200,2741,2,2025-06-01 11:03:21.182482792,Entregado,True
3201,2742,1,2026-06-16 05:39:32.199415678,Entregado,True
3202,2743,1,2025-10-02 10:34:43.802803502,Entregado,True
3203,2744,1,2026-01-21 01:35:09.435673150,Entregado,True
3204,2745,1,2025-04-15 21:55:31.273844437,Entregado,True
3205,2746,1,2025-03-14 21:15:49.956834880,Entregado,True
3206,2747,1,2026-02-16 05:47:12.986780679,Entregado,True
3207,2748,1,2025-12-18 05:51:56.583604684,Entregado,True
3208,2749,1,2026-01-04 18:21:33.736936564,Reprogramado,False
3209,2749,2,2026-01-06 01:35:55.473873129,Entregado,True
3210,2750,1,2026-07-04 15:29:20.705988789,Entregado,True
3211,2751,1,2025-10-21 17:10:21.466950009,Entregado,True
3212,2752,1,2025-07-02 09:07:43.242505442,Entregado,True
3213,2753,1,2025-08-26 23:18:09.172854576,Acceso restringido,False
3214,2753,2,2025-08-27 15:12:18.345709152,Entregado,True
3215,2754,1,2025-04-07 05:06:02.648283159,Entregado,True
3216,2755,1,2025-04-19 07:57:50.821842229,Entregado,True
3217,2756,1,2025-09-04 03:54:09.381263893,Entregado,True
3218,2757,1,2026-03-02 09:38:26.524112514,Entregado,True
3219,2758,1,2025-12-03 22:19:33.898073473,Entregado,True
3220,2759,1,2025-01-26 16:27:38.856234801,Entregado,True
3221,2760,1,2025-09-30 03:12:37.100431123,Entregado,True
3222,2761,1,2025-05-22 06:06:54.612356518,Entregado,True
3223,2762,1,2026-04-14 18:19:08.243994385,Entregado,True
3224,2763,1,2026-04-02 22:48:22.641729256,Entregado,True
3225,2764,1,2026-01-22 03:32:31.851704277,Entregado,True
3226,2765,1,2026-08-17 18:01:43.527973558,Entregado,True
3227,2766,1,2026-01-16 09:04:50.576082258,Entregado,True
3228,2767,1,2026-03-15 16:00:11.631461576,Entregado,True
3229,2768,1,2026-03-01 07:59:47.577827414,Entregado,True
3230,2769,1,2025-12-04 18:23:24.660972463,Entregado,True
3231,2770,1,2025-05-13 03:31:09.020128177,Reprogramado,False
3232,2770,2,2025-05-13 17:35:54.040256358,Domicilio incorrecto,False
3233,2770,3,2025-05-14 07:40:39.060384535,Entregado,True
3234,2771,1,2026-05-18 17:01:01.025815944,Entregado,True
3235,2772,1,2026-06-09 18:23:33.732663770,Entregado,True
3236,2773,1,2025-05-22 10:43:08.297719374,Entregado,True
3237,2774,1,2025-05-15 14:15:36.000000000,Entregado,True
3238,2775,1,2026-02-13 19:58:37.411494311,Entregado,True
3239,2776,1,2025-04-08 12:51:45.726142770,Entregado,True
3240,2777,1,2025-08-30 19:02:00.909941499,Entregado,True
3241,2778,1,2025-06-16 12:35:54.763958731,Entregado,True
3242,2779,1,2025-11-22 02:35:57.707650946,Cliente ausente,False
3243,2779,2,2025-11-23 02:32:55.415301889,Entregado,True
3244,2780,1,2025-08-08 08:10:05.909306044,Entregado,True
3245,2781,1,2025-08-21 07:08:24.436046421,Entregado,True
3246,2782,1,2026-08-09 20:38:09.855862515,Entregado,True
3247,2783,1,2026-08-11 19:29:17.900299618,Entregado,True
3248,2784,1,2025-06-29 09:44:37.946394956,Entregado,True
3249,2785,1,2025-03-23 22:16:12.161020454,Entregado,True
3250,2786,1,2025-12-22 19:22:33.416042037,Entregado,True
3251,2787,1,2025-06-13 15:37:29.814757150,Entregado,True
3252,2788,1,2026-03-06 06:54:53.500172241,Entregado,True
3253,2789,1,2026-02-11 01:00:27.675831099,Entregado,True
3254,2790,1,2025-05-03 05:46:12.907010009,Entregado,True
3255,2791,1,2026-06-03 15:03:23.621186584,Entregado,True
3256,2792,1,2026-01-21 09:53:13.999794637,Entregado,True
3257,2793,1,2026-04-22 20:35:02.815234645,Entregado,True
3258,2794,1,2026-07-18 13:03:12.486472632,Entregado,True
3259,2795,1,2025-06-18 05:34:03.994831102,Entregado,True
3260,2796,1,2026-01-26 03:50:11.535942998,Entregado,True
3261,2797,1,2025-12-02 10:58:03.984588145,Entregado,True
3262,2798,1,2026-06-11 18:43:39.222721171,Entregado,True
3263,2799,1,2026-04-18 18:23:44.809163790,Cliente ausente,False
3264,2799,2,2026-04-21 02:51:41.618327583,Entregado,True
3265,2800,1,2026-06-08 14:42:22.575939141,Entregado,True
3266,2801,1,2025-02-23 03:52:35.843408367,Entregado,True
3267,2802,1,2026-07-21 10:26:36.693629962,Cliente ausente,False
3268,2802,2,2026-07-21 14:38:49.387259922,Entregado,True
3269,2803,1,2025-01-24 12:34:04.124405571,Entregado,True
3270,2804,1,2025-01-21 16:28:31.064870546,Entregado,True
3271,2805,1,2026-04-05 04:20:30.169218738,Entregado,True
3272,2806,1,2026-03-12 07:14:44.969575300,Entregado,True
3273,2807,1,2025-06-03 13:05:41.756920580,Entregado,True
3274,2808,1,2026-03-17 13:13:07.416826737,Reprogramado,False
3275,2808,2,2026-03-18 18:04:02.833653478,Cliente ausente,False
3276,2808,3,2026-03-19 22:54:58.250480216,Entregado,True
3277,2809,1,2025-03-03 04:04:04.699421860,Entregado,True
3278,2810,1,2026-07-31 23:22:37.573449470,Entregado,True
3279,2811,1,2025-10-20 14:57:00.000000000,Entregado,True
3280,2812,1,2026-08-31 19:14:40.662292538,Entregado,True
3281,2813,1,2025-03-20 12:17:43.423982130,Entregado,True
3282,2814,1,2025-09-20 13:37:44.476942098,Entregado,True
3283,2815,1,2026-09-03 09:32:37.372950560,Entregado,True
3284,2816,1,2025-08-14 21:32:32.316947361,Entregado,True
3285,2817,1,2026-05-01 04:29:53.167892856,Cliente ausente,False
3286,2817,2,2026-05-02 13:50:46.335785712,Entregado,True
3287,2818,1,2025-05-12 09:02:27.988593331,Entregado,True
3288,2819,1,2025-11-17 18:04:40.228391085,Entregado,True
3289,2820,1,2026-05-25 11:15:36.686060125,Entregado,True
3290,2821,1,2025-01-21 00:14:51.148696206,Entregado,True
3291,2822,1,2025-08-27 18:33:13.678368318,Entregado,True
3292,2823,1,2026-08-21 11:11:39.625320526,Cliente ausente,False
3293,2823,2,2026-08-22 02:06:31.250641053,Cliente ausente,False
3294,2823,3,2026-08-22 17:01:22.875961584,Entregado,True
3295,2824,1,2026-08-29 17:44:03.512618149,Entregado,True
3296,2825,1,2026-07-11 14:42:32.613668485,Entregado,True
3297,2826,1,2025-12-18 21:45:35.244055663,Entregado,True
3298,2827,1,2026-03-31 17:02:36.668007988,Entregado,True
3299,2828,1,2026-08-11 23:22:28.976188440,Cliente ausente,False
3300,2828,2,2026-08-14 03:44:57.952376880,Entregado,True
3301,2829,1,2026-05-26 20:58:11.992077498,Entregado,True
3302,2830,1,2025-07-10 13:18:31.300477066,Entregado,True
3303,2831,1,2025-05-08 14:17:45.791043770,Entregado,True
3304,2832,1,2025-01-07 06:46:29.788535388,Entregado,True
3305,2833,1,2026-04-04 10:32:30.274778814,Domicilio incorrecto,False
3306,2833,2,2026-04-05 16:39:12.549557631,Domicilio incorrecto,False
3307,2833,3,2026-04-06 22:45:54.824336445,Entregado,True
3308,2834,1,2026-07-25 07:53:48.341562028,Cliente ausente,False
3309,2834,2,2026-07-26 00:32:00.683124061,Cliente ausente,False
3310,2834,3,2026-07-26 17:10:13.024686090,Entregado,True
3311,2835,1,2026-06-07 12:48:09.534387535,Entregado,True
3312,2836,1,2025-03-31 05:54:11.360645377,Domicilio incorrecto,False
3313,2836,2,2025-03-31 20:14:46.721290754,Entregado,True
3314,2837,1,2025-04-24 21:43:42.514078483,Entregado,True
3315,2838,1,2026-07-10 00:42:26.836056846,Entregado,True
3316,2839,1,2026-02-04 14:34:16.506135519,Entregado,True
3317,2840,1,2025-01-12 17:17:32.478157449,Entregado,True
3318,2841,1,2026-05-13 16:30:41.153635432,Entregado,True
3319,2842,1,2025-01-16 23:16:27.076856349,Entregado,True
3320,2843,1,2025-02-04 04:43:06.886520418,Entregado,True
3321,2844,1,2026-05-05 22:06:03.380802206,Cliente ausente,False
3322,2844,2,2026-05-07 10:45:42.761604412,Entregado,True
3323,2845,1,2025-07-10 15:27:00.185242485,Entregado,True
3324,2846,1,2026-07-26 23:19:22.159086423,Reprogramado,False
3325,2846,2,2026-07-28 15:01:32.318172847,Entregado,True
3326,2847,1,2026-04-06 17:15:48.503223889,Entregado,True
3327,2848,1,2025-02-22 04:57:40.358319036,Entregado,True
3328,2849,1,2025-09-28 23:44:46.223309868,Entregado,True
3329,2850,1,2026-04-12 16:32:28.790554340,Entregado,True
3330,2851,1,2025-02-16 09:51:29.621930341,Entregado,True
3331,2852,1,2026-06-26 18:24:17.503307431,Entregado,True
3332,2853,1,2025-05-04 22:21:18.204977174,Entregado,True
3333,2854,1,2025-11-12 20:19:28.457102521,Entregado,True
3334,2855,1,2025-04-28 18:22:42.659184036,Entregado,True
3335,2856,1,2026-04-03 03:30:21.962335654,Entregado,True
3336,2857,1,2026-06-07 01:55:14.013333912,Entregado,True
3337,2858,1,2025-12-07 00:25:02.011608886,Entregado,True
3338,2859,1,2025-08-30 17:49:36.790704609,Entregado,True
3339,2860,1,2026-01-22 21:09:27.255022030,Entregado,True
3340,2861,1,2026-01-15 18:02:13.035732147,Entregado,True
3341,2862,1,2025-01-07 20:09:30.240397188,Entregado,True
3342,2863,1,2025-11-27 13:00:51.205634542,Entregado,True
3343,2864,1,2025-09-20 20:53:04.477485458,Entregado,True
3344,2865,1,2026-08-28 05:10:22.047693196,Reprogramado,False
3345,2865,2,2026-08-30 03:59:08.095386393,Entregado,True
3346,2866,1,2025-04-06 19:34:03.551230225,Entregado,True
3347,2867,1,2025-09-17 23:55:06.363275138,Entregado,True
3348,2868,1,2025-05-19 11:57:33.492570865,Entregado,True
3349,2869,1,2026-05-14 07:16:06.197741374,Entregado,True
3350,2870,1,2025-06-30 19:44:38.528419549,Entregado,True
3351,2871,1,2025-04-23 00:52:29.215278944,Domicilio incorrecto,False
3352,2871,2,2025-04-23 14:15:34.430557888,Entregado,True
3353,2872,1,2025-09-23 21:49:25.665200648,Entregado,True
3354,2873,1,2026-02-20 18:07:31.631978751,Entregado,True
3355,2874,1,2026-01-06 09:49:01.414826014,Entregado,True
3356,2875,1,2026-08-15 06:03:36.000000000,Entregado,True
3357,2876,1,2026-01-15 07:01:25.072107409,Entregado,True
3358,2877,1,2026-08-13 02:16:03.038706112,Entregado,True
3359,2878,1,2026-01-21 08:00:48.685919212,Entregado,True
3360,2879,1,2026-05-29 14:32:52.447379024,Entregado,True
3361,2880,1,2026-01-12 20:34:03.729190137,Entregado,True
3362,2881,1,2025-03-17 15:13:41.655507546,Entregado,True
3363,2882,1,2026-05-24 04:10:47.936526679,Entregado,True
3364,2883,1,2025-12-21 22:41:08.789981463,Entregado,True
3365,2884,1,2025-11-24 11:46:48.870469722,Entregado,True
3366,2885,1,2026-01-27 23:39:40.929116767,Entregado,True
3367,2886,1,2025-08-29 00:19:10.595033209,Cliente ausente,False
3368,2886,2,2025-08-29 12:40:09.190066414,Entregado,True
3369,2887,1,2025-03-18 12:36:53.021338091,Entregado,True
3370,2888,1,2025-02-03 11:18:49.998962163,Entregado,True
3371,2889,1,2026-04-25 17:21:46.769624625,Reprogramado,False
3372,2889,2,2026-04-27 02:18:21.539249251,Entregado,True
3373,2890,1,2025-01-18 08:12:37.710652161,Entregado,True
3374,2891,1,2025-11-16 12:17:38.320275789,Entregado,True
3375,2892,1,2025-03-11 06:52:13.386867052,Entregado,True
3376,2893,1,2026-06-24 22:18:37.274967522,Entregado,True
3377,2894,1,2025-10-20 09:03:27.591404576,Entregado,True
3378,2895,1,2025-01-27 10:22:05.338302272,Entregado,True
3379,2896,1,2026-02-21 14:08:52.328972292,Cliente ausente,False
3380,2896,2,2026-02-23 14:38:08.657944580,Entregado,True
3381,2897,1,2025-02-08 09:32:33.273035908,Entregado,True
3382,2898,1,2025-04-13 20:22:58.674474307,Entregado,True
3383,2899,1,2025-02-10 00:41:04.676069745,Entregado,True
3384,2900,1,2025-08-02 07:56:06.906982376,Entregado,True
3385,2901,1,2026-08-16 10:47:59.931890401,Entregado,True
3386,2902,1,2025-06-24 10:47:36.366377776,Entregado,True
3387,2903,1,2026-03-21 05:26:21.040723561,Entregado,True
3388,2904,1,2025-03-02 01:51:39.662931830,Reprogramado,False
3389,2904,2,2025-03-03 11:22:55.325863660,Cliente ausente,False
3390,2904,3,2025-03-04 20:54:10.988795491,Entregado,True
3391,2905,1,2026-02-16 06:11:48.807511677,Entregado,True
3392,2906,1,2026-06-21 15:27:55.298639728,Entregado,True
3393,2907,1,2026-01-03 01:47:07.519897769,Entregado,True
3394,2908,1,2025-12-14 03:14:06.208671465,Entregado,True
3395,2909,1,2025-12-09 02:58:23.426938992,Entregado,True
3396,2910,1,2026-09-02 03:25:03.082743922,Entregado,True
3397,2911,1,2026-06-10 12:23:35.928126902,Entregado,True
3398,2912,1,2025-09-23 22:40:15.906013485,Cliente ausente,False
3399,2912,2,2025-09-25 07:00:07.812026967,Entregado,True
3400,2913,1,2026-06-10 06:09:42.946722223,Entregado,True
3401,2914,1,2025-02-11 14:02:40.633549155,Entregado,True
3402,2915,1,2025-05-14 19:07:32.887448587,Entregado,True
3403,2916,1,2026-01-20 15:17:05.402522400,Entregado,True
3404,2917,1,2025-05-24 03:31:02.237377260,Entregado,True
3405,2918,1,2026-03-08 08:27:02.800167033,Entregado,True
3406,2919,1,2026-01-25 02:06:26.963141011,Entregado,True
3407,2920,1,2025-02-23 20:58:51.987844513,Entregado,True
3408,2921,1,2025-01-25 12:14:54.032075610,Cliente ausente,False
3409,2921,2,2025-01-26 13:16:36.064151216,Entregado,True
3410,2922,1,2026-02-03 10:02:48.009095185,Entregado,True
3411,2923,1,2025-05-01 00:10:01.293934418,Entregado,True
3412,2924,1,2026-08-12 04:49:57.989191054,Entregado,True
3413,2925,1,2025-07-06 03:48:39.454356337,Acceso restringido,False
3414,2925,2,2025-07-07 06:41:30.908712678,Reprogramado,False
3415,2925,3,2025-07-08 09:34:22.363069015,Entregado,True
3416,2926,1,2025-07-14 09:47:57.649775424,Entregado,True
3417,2927,1,2026-05-04 18:50:44.397159846,Entregado,True
3418,2928,1,2026-01-22 18:15:12.644091626,Entregado,True
3419,2929,1,2025-12-16 06:09:56.423608149,Entregado,True
3420,2930,1,2026-04-21 17:51:27.575116365,Entregado,True
3421,2931,1,2025-01-05 22:37:41.882225270,Entregado,True
3422,2932,1,2025-02-21 18:16:29.159983488,Entregado,True
3423,2933,1,2026-05-20 20:56:35.695130082,Reprogramado,False
3424,2933,2,2026-05-22 06:20:11.390260160,Entregado,True
3425,2934,1,2025-08-02 18:05:45.903758204,Entregado,True
3426,2935,1,2026-06-15 02:29:50.786194304,Entregado,True
3427,2936,1,2025-10-11 05:41:35.272794883,Entregado,True
3428,2937,1,2026-01-16 19:09:44.049065702,Entregado,True
3429,2938,1,2025-11-24 13:50:06.522402804,Entregado,True
3430,2939,1,2025-05-21 08:59:22.747782656,Entregado,True
3431,2940,1,2025-05-07 01:47:52.447722687,Entregado,True
3432,2941,1,2026-01-28 21:23:27.801883060,Entregado,True
3433,2942,1,2026-02-09 04:36:06.853933306,Entregado,True
3434,2943,1,2026-04-27 06:56:56.147335980,Entregado,True
3435,2944,1,2026-02-05 20:46:14.147436626,Entregado,True
3436,2945,1,2026-07-25 19:51:20.055830651,Entregado,True
3437,2946,1,2025-12-30 16:37:15.456713516,Entregado,True
3438,2947,1,2025-03-08 15:55:33.312291675,Entregado,True
3439,2948,1,2026-03-05 22:29:53.237817707,Entregado,True
3440,2949,1,2026-03-09 12:36:35.024737982,Entregado,True
3441,2950,1,2025-04-20 03:56:15.296201145,Entregado,True
3442,2951,1,2025-03-31 18:05:04.128587462,Entregado,True
3443,2952,1,2026-08-26 01:19:33.606514297,Entregado,True
3444,2953,1,2025-01-08 05:10:28.135750101,Cliente ausente,False
3445,2953,2,2025-01-10 01:26:20.271500199,Entregado,True
3446,2954,1,2025-06-10 05:38:30.128527226,Entregado,True
3447,2955,1,2026-01-16 06:00:16.152508008,Cliente ausente,False
3448,2955,2,2026-01-17 00:11:56.305016016,Entregado,True
3449,2956,1,2025-11-29 00:53:28.124095915,Entregado,True
3450,2957,1,2025-04-13 19:26:24.000000000,Entregado,True
3451,2958,1,2025-08-14 01:10:57.370671966,Entregado,True
3452,2959,1,2026-02-07 16:07:17.748321981,Entregado,True
3453,2960,1,2026-07-02 21:19:01.425162831,Entregado,True
3454,2961,1,2025-07-07 09:20:20.171929524,Entregado,True
3455,2962,1,2025-04-01 23:10:11.425219068,Entregado,True
3456,2963,1,2026-08-05 14:04:55.817927356,Entregado,True
3457,2964,1,2026-01-20 00:21:03.958587975,Entregado,True
3458,2965,1,2026-06-26 03:25:04.028784967,Entregado,True
3459,2966,1,2026-06-03 22:44:54.049777360,Cliente ausente,False
3460,2966,2,2026-06-05 08:52:00.099554718,Entregado,True
3461,2967,1,2025-10-24 15:52:40.146926059,Entregado,True
3462,2968,1,2025-09-19 21:52:17.823614145,Entregado,True
3463,2969,1,2026-01-21 08:09:47.512166090,Entregado,True
3464,2970,1,2025-11-02 18:54:58.412459041,Entregado,True
3465,2971,1,2025-03-20 01:42:59.590618588,Entregado,True
3466,2972,1,2026-04-07 18:47:38.548956069,Entregado,True
3467,2973,1,2025-02-27 11:22:27.928588886,Entregado,True
3468,2974,1,2025-06-27 08:43:11.353448355,Entregado,True
3469,2975,1,2026-01-19 06:03:41.820822676,Domicilio incorrecto,False
3470,2975,2,2026-01-20 05:01:23.641645357,Entregado,True
3471,2976,1,2025-05-30 19:23:21.793940005,Entregado,True
3472,2977,1,2025-10-11 22:52:37.295763355,Entregado,True
3473,2978,1,2025-12-14 15:05:29.818491162,Entregado,True
3474,2979,1,2026-02-16 05:58:14.395131649,Entregado,True
3475,2980,1,2025-01-31 16:15:37.566111762,Entregado,True
3476,2981,1,2026-02-27 14:33:33.037207794,Domicilio incorrecto,False
3477,2981,2,2026-02-28 21:35:54.074415588,Entregado,True
3478,2982,1,2025-08-16 22:57:29.011810816,Cliente ausente,False
3479,2982,2,2025-08-17 13:03:58.023621630,Domicilio incorrecto,False
3480,2982,3,2025-08-18 03:10:27.035432446,Entregado,True
3481,2983,1,2025-08-10 21:03:30.292658989,Entregado,True
3482,2984,1,2025-03-15 18:19:36.150951252,Entregado,True
3483,2985,1,2026-02-06 03:55:00.088394908,Entregado,True
3484,2986,1,2025-04-08 15:15:48.695448689,Entregado,True
3485,2987,1,2026-04-23 07:02:51.239539600,Entregado,True
3486,2988,1,2025-04-08 06:20:04.439655960,Entregado,True
3487,2989,1,2025-05-05 08:46:05.448115963,Entregado,True
3488,2990,1,2026-05-17 13:22:44.669193877,Reprogramado,False
3489,2990,2,2026-05-19 07:51:29.338387758,Entregado,True
3490,2991,1,2025-04-07 05:53:04.186073587,Cliente ausente,False
3491,2991,2,2025-04-08 17:14:56.372147174,Entregado,True
3492,2992,1,2026-04-23 15:31:26.330619288,Entregado,True
3493,2993,1,2025-09-12 06:13:35.092496186,Entregado,True
3494,2994,1,2025-11-03 08:03:35.107745608,Entregado,True
3495,2995,1,2025-05-03 01:12:21.143554358,Entregado,True
3496,2996,1,2025-08-08 21:55:21.779070970,Entregado,True
3497,2997,1,2025-02-26 02:53:50.348485482,Entregado,True
3498,2998,1,2025-05-09 01:23:36.355479154,Domicilio incorrecto,False
3499,2998,2,2025-05-11 11:52:36.710958309,Entregado,True
3500,2999,1,2025-06-10 10:09:19.208900037,Entregado,True
3501,3000,1,2026-08-27 20:58:54.296945104,Entregado,True
3502,3001,1,2025-06-27 01:31:35.297596466,Entregado,True
3503,3002,1,2025-10-21 18:51:40.858326604,Entregado,True
3504,3003,1,2025-06-10 20:05:06.136097377,Entregado,True
3505,3004,1,2026-05-09 16:15:29.717950590,Entregado,True
3506,3005,1,2025-12-25 04:06:15.560921509,Entregado,True
3507,3006,1,2025-08-26 06:48:58.865855716,Entregado,True
3508,3007,1,2026-03-07 10:58:18.433398954,Entregado,True
3509,3008,1,2025-05-07 01:52:26.425160205,Entregado,True
3510,3009,1,2025-11-13 08:09:01.752585361,Domicilio incorrecto,False
3511,3009,2,2025-11-14 19:10:15.505170726,Entregado,True
3512,3010,1,2025-10-11 15:47:48.663142666,Entregado,True
3513,3011,1,2025-04-17 02:19:47.360903833,Cliente ausente,False
3514,3011,2,2025-04-18 09:01:46.721807666,Entregado,True
3515,3012,1,2025-02-16 01:47:05.485440422,Entregado,True
3516,3013,1,2026-02-03 11:17:01.607018654,Entregado,True
3517,3014,1,2026-04-07 17:13:26.392311037,Entregado,True
3518,3015,1,2026-05-06 22:47:02.751986288,Entregado,True
3519,3016,1,2026-07-21 12:54:40.308489403,Reprogramado,False
3520,3016,2,2026-07-23 02:08:32.616978802,Entregado,True
3521,3017,1,2025-06-19 05:54:11.329461223,Entregado,True
3522,3018,1,2025-06-26 12:22:39.714257139,Entregado,True
3523,3019,1,2026-01-09 20:14:29.608972533,Entregado,True
3524,3020,1,2026-08-23 08:52:05.594464495,Reprogramado,False
3525,3020,2,2026-08-24 08:28:35.188928994,Entregado,True
3526,3021,1,2025-06-02 01:25:38.314284193,Entregado,True
3527,3022,1,2025-09-08 05:28:10.865144352,Entregado,True
3528,3023,1,2025-07-02 22:54:52.777094331,Entregado,True
3529,3024,1,2025-01-30 10:33:08.350438960,Entregado,True
3530,3025,1,2025-04-28 05:29:31.148058752,Acceso restringido,False
3531,3025,2,2025-04-28 12:24:14.296117509,Entregado,True
3532,3026,1,2025-09-20 00:32:40.445267344,Entregado,True
3533,3027,1,2025-02-10 20:08:22.593222096,Entregado,True
3534,3028,1,2025-07-17 12:47:27.171103563,Entregado,True
3535,3029,1,2026-06-10 05:57:39.069062571,Cliente ausente,False
3536,3029,2,2026-06-10 21:22:18.138125146,Entregado,True
3537,3030,1,2026-03-14 23:50:12.912857340,Entregado,True
3538,3031,1,2026-02-17 19:34:25.011180040,Entregado,True
3539,3032,1,2025-12-02 00:06:03.533339192,Entregado,True
3540,3033,1,2026-06-17 09:14:10.303697349,Entregado,True
3541,3034,1,2025-06-10 23:03:38.633602474,Entregado,True
3542,3035,1,2025-06-13 11:09:04.052489079,Entregado,True
3543,3036,1,2025-12-03 13:34:54.039685292,Reprogramado,False
3544,3036,2,2025-12-06 04:55:24.079370581,Entregado,True
3545,3037,1,2026-01-16 01:30:46.403123342,Entregado,True
3546,3038,1,2025-03-22 17:40:58.100513246,Cliente ausente,False
3547,3038,2,2025-03-24 22:17:08.201026492,Entregado,True
3548,3039,1,2025-07-19 07:20:00.052964649,Entregado,True
3549,3040,1,2025-05-03 10:38:52.406934874,Entregado,True
3550,3041,1,2025-08-15 08:14:52.739994843,Entregado,True
3551,3042,1,2026-08-18 19:33:37.477915106,Cliente ausente,False
3552,3042,2,2026-08-19 08:30:02.955830212,Entregado,True
3553,3043,1,2026-02-17 05:45:56.501438792,Entregado,True
3554,3044,1,2026-06-23 01:04:57.580896370,Entregado,True
3555,3045,1,2025-12-05 12:21:36.000000000,Entregado,True
3556,3046,1,2026-07-12 10:19:40.492223248,Domicilio incorrecto,False
3557,3046,2,2026-07-14 13:18:20.984446494,Entregado,True
3558,3047,1,2026-08-20 09:50:42.249116709,Entregado,True
3559,3048,1,2026-06-23 20:26:31.623592779,Entregado,True
3560,3049,1,2025-08-10 06:20:54.124263236,Entregado,True
3561,3050,1,2025-10-23 12:18:53.478113342,Entregado,True
3562,3051,1,2025-07-25 20:01:11.514533779,Entregado,True
3563,3052,1,2026-05-30 07:17:48.821458113,Entregado,True
3564,3053,1,2025-02-01 21:34:47.999999999,Entregado,True
3565,3054,1,2025-04-04 01:11:32.769218810,Entregado,True
3566,3055,1,2025-07-27 04:54:52.008376168,Entregado,True
3567,3056,1,2025-04-27 19:22:49.247720900,Entregado,True
3568,3057,1,2025-08-10 12:21:00.000000000,Entregado,True
3569,3058,1,2025-07-02 04:06:32.542842646,Cliente ausente,False
3570,3058,2,2025-07-02 19:05:53.085685290,Cliente ausente,False
3571,3058,3,2025-07-03 10:05:13.628527936,Entregado,True
3572,3059,1,2026-04-17 19:22:01.288839928,Entregado,True
3573,3060,1,2026-03-05 00:13:44.568241226,Entregado,True
3574,3061,1,2026-07-09 10:27:03.380674687,Entregado,True
3575,3062,1,2025-03-02 17:14:29.658747825,Entregado,True
3576,3063,1,2026-05-03 02:11:09.774754054,Entregado,True
3577,3064,1,2025-01-14 01:49:03.883512532,Entregado,True
3578,3065,1,2026-02-14 13:55:48.000000000,Entregado,True
3579,3066,1,2025-02-11 19:17:23.999999999,Entregado,True
3580,3067,1,2025-05-05 17:02:27.818149952,Entregado,True
3581,3068,1,2025-09-11 17:35:14.382346790,Entregado,True
3582,3069,1,2026-08-27 12:31:48.000000000,Entregado,True
3583,3070,1,2025-08-04 13:25:39.882098103,Entregado,True
3584,3071,1,2025-09-27 17:44:44.534696096,Reprogramado,False
3585,3071,2,2025-09-29 06:40:17.069392189,Entregado,True
3586,3072,1,2026-06-28 08:34:30.597328354,Entregado,True
3587,3073,1,2026-05-17 11:57:41.102645500,Entregado,True
3588,3074,1,2026-09-01 06:11:11.105832364,Acceso restringido,False
3589,3074,2,2026-09-02 18:46:58.211664733,Entregado,True
3590,3075,1,2025-05-09 17:12:08.994857003,Entregado,True
3591,3076,1,2025-12-26 04:03:03.501177231,Entregado,True
3592,3077,1,2026-05-19 23:44:13.637318157,Entregado,True
3593,3078,1,2025-11-18 05:18:04.359987968,Entregado,True
3594,3079,1,2025-01-15 07:19:53.810206315,Entregado,True
3595,3080,1,2026-04-25 11:45:04.672653620,Entregado,True
3596,3081,1,2025-10-24 23:56:25.447568883,Entregado,True
3597,3082,1,2026-03-19 11:26:03.219731728,Entregado,True
3598,3083,1,2026-06-02 14:59:23.698203100,Entregado,True
3599,3084,1,2026-01-29 03:18:24.185051989,Entregado,True
3600,3085,1,2025-01-11 10:20:06.894883910,Entregado,True
3601,3086,1,2026-05-25 05:55:51.112513765,Entregado,True
3602,3087,1,2025-05-05 05:25:32.311051993,Entregado,True
3603,3088,1,2026-01-11 00:45:18.737084772,Entregado,True
3604,3089,1,2025-11-12 08:30:53.266159760,Entregado,True
3605,3090,1,2025-07-06 10:12:36.751269189,Entregado,True
3606,3091,1,2026-07-05 12:29:00.507128917,Entregado,True
3607,3092,1,2026-08-10 16:44:45.776143842,Entregado,True
3608,3093,1,2026-06-13 11:45:08.540193459,Entregado,True
3609,3094,1,2025-02-09 07:06:02.800687060,Reprogramado,False
3610,3094,2,2025-02-10 00:52:53.601374121,Entregado,True
3611,3095,1,2025-03-26 14:24:22.822958480,Cliente ausente,False
3612,3095,2,2025-03-27 23:01:21.645916957,Entregado,True
3613,3096,1,2025-09-11 05:37:01.908721988,Entregado,True
3614,3097,1,2025-11-01 17:02:18.148377331,Cliente ausente,False
3615,3097,2,2025-11-03 22:30:24.296754660,Entregado,True
3616,3098,1,2025-09-16 07:53:02.916515857,Entregado,True
3617,3099,1,2026-06-27 22:01:00.091782278,Cliente ausente,False
3618,3099,2,2026-06-29 07:38:36.183564556,Entregado,True
3619,3100,1,2026-07-09 06:50:45.218425178,Entregado,True
3620,3101,1,2026-04-07 10:34:11.663505922,Entregado,True
3621,3102,1,2025-08-15 06:46:25.692629865,Entregado,True
3622,3103,1,2025-04-06 07:22:49.562856685,Entregado,True
3623,3104,1,2025-10-10 17:25:06.048660241,Entregado,True
3624,3105,1,2025-09-06 19:20:33.052938381,Entregado,True
3625,3106,1,2025-12-17 05:09:04.091000824,Entregado,True
3626,3107,1,2026-03-12 16:39:17.897106106,Entregado,True
3627,3108,1,2026-02-13 05:42:51.345865180,Entregado,True
3628,3109,1,2026-08-27 10:34:58.275861488,Entregado,True
3629,3110,1,2025-03-19 17:05:40.805269803,Reprogramado,False
3630,3110,2,2025-03-20 00:44:21.610539607,Entregado,True
3631,3111,1,2026-08-11 00:16:11.647839207,Reprogramado,False
3632,3111,2,2026-08-12 16:57:35.295678413,Entregado,True
3633,3112,1,2026-01-28 22:42:14.270663052,Entregado,True
3634,3113,1,2025-01-16 07:27:58.064080287,Entregado,True
3635,3114,1,2025-02-15 09:36:46.713497000,Entregado,True
3636,3115,1,2025-02-07 12:19:56.697075570,Acceso restringido,False
3637,3115,2,2025-02-07 20:33:17.394151140,Acceso restringido,False
3638,3115,3,2025-02-08 04:46:38.091226710,Entregado,True
3639,3116,1,2026-02-22 04:13:44.683704771,Entregado,True
3640,3117,1,2025-03-04 22:33:43.905040038,Entregado,True
3641,3118,1,2026-09-02 10:23:07.494494604,Entregado,True
3642,3119,1,2025-11-22 13:38:31.689696231,Entregado,True
3643,3120,1,2026-04-17 03:25:04.743018246,Entregado,True
3644,3121,1,2025-03-03 18:22:08.190528556,Cliente ausente,False
3645,3121,2,2025-03-04 19:07:04.381057113,Entregado,True
3646,3122,1,2025-05-01 17:39:45.894064370,Entregado,True
3647,3123,1,2025-04-01 16:53:19.252777452,Entregado,True
3648,3124,1,2026-08-21 09:22:18.082417728,Entregado,True
3649,3125,1,2025-03-24 13:42:44.292580272,Entregado,True
3650,3126,1,2026-04-30 10:50:23.309311826,Entregado,True
3651,3127,1,2025-11-06 16:43:27.942732800,Entregado,True
3652,3128,1,2026-08-07 04:56:21.801059901,Reprogramado,False
3653,3128,2,2026-08-07 21:09:31.602119799,Entregado,True
3654,3129,1,2026-05-02 10:50:38.240050120,Entregado,True
3655,3130,1,2025-07-24 05:30:22.378209840,Entregado,True
3656,3131,1,2025-08-14 06:35:50.159629172,Reprogramado,False
3657,3131,2,2025-08-14 21:24:16.319258341,Cliente ausente,False
3658,3131,3,2025-08-15 12:12:42.478887513,Entregado,True
3659,3132,1,2026-05-29 07:52:15.245545828,Entregado,True
3660,3133,1,2026-08-06 07:45:48.046142433,Entregado,True
3661,3134,1,2026-07-16 15:09:12.594082759,Entregado,True
3662,3135,1,2026-06-05 00:21:48.123983887,Entregado,True
3663,3136,1,2025-07-02 20:34:42.146584251,Cliente ausente,False
3664,3136,2,2025-07-03 04:26:12.293168506,Cliente ausente,False
3665,3136,3,2025-07-03 12:17:42.439752758,Entregado,True
3666,3137,1,2025-03-20 08:10:02.567024997,Entregado,True
3667,3138,1,2026-03-04 15:23:21.012963291,Cliente ausente,False
3668,3138,2,2026-03-06 09:10:42.025926583,Entregado,True
3669,3139,1,2025-03-10 03:36:04.740760778,Cliente ausente,False
3670,3139,2,2025-03-11 15:21:09.481521556,Entregado,True
3671,3140,1,2026-05-12 00:42:09.429472399,Entregado,True
3672,3141,1,2026-07-03 17:55:23.663756006,Entregado,True
3673,3142,1,2025-03-19 09:53:07.134868284,Entregado,True
3674,3143,1,2025-02-26 19:15:35.637839650,Entregado,True
3675,3144,1,2026-08-30 16:35:58.869033586,Cliente ausente,False
3676,3144,2,2026-08-31 22:23:57.738067173,Entregado,True
3677,3145,1,2026-04-19 11:55:40.626139832,Entregado,True
3678,3146,1,2025-09-05 08:20:40.117923560,Cliente ausente,False
3679,3146,2,2025-09-06 07:40:44.235847117,Entregado,True
3680,3147,1,2026-03-16 20:10:15.489916165,Entregado,True
3681,3148,1,2025-11-12 20:25:49.423285927,Entregado,True
3682,3149,1,2025-11-20 20:45:25.839672498,Entregado,True
3683,3150,1,2025-08-10 14:58:35.651243269,Entregado,True
3684,3151,1,2026-01-09 16:44:28.925156295,Entregado,True
3685,3152,1,2025-08-06 19:09:20.710712300,Entregado,True
3686,3153,1,2025-02-21 06:30:08.717984812,Entregado,True
3687,3154,1,2026-04-14 08:03:55.948015609,Entregado,True
3688,3155,1,2025-04-30 21:03:06.187986493,Entregado,True
3689,3156,1,2025-03-24 21:12:42.840892731,Entregado,True
3690,3157,1,2025-09-23 07:34:18.757720174,Entregado,True
3691,3158,1,2026-08-16 08:33:42.006895041,Entregado,True
3692,3159,1,2026-05-12 04:02:26.285629380,Entregado,True
3693,3160,1,2026-08-26 04:20:16.514388679,Domicilio incorrecto,False
3694,3160,2,2026-08-26 20:54:57.028777358,Entregado,True
3695,3161,1,2025-06-27 01:05:07.023111226,Cliente ausente,False
3696,3161,2,2025-06-28 12:52:14.046222453,Domicilio incorrecto,False
3697,3161,3,2025-06-30 00:39:21.069333684,Entregado,True
3698,3162,1,2025-04-02 00:42:51.736398368,Entregado,True
3699,3163,1,2025-12-27 05:14:59.397551847,Entregado,True
3700,3164,1,2025-10-15 20:22:35.611155562,Entregado,True
3701,3165,1,2025-10-26 15:09:20.823091415,Entregado,True
3702,3166,1,2025-09-19 06:51:04.825779303,Cliente ausente,False
3703,3166,2,2025-09-21 09:10:57.651558607,Entregado,True
3704,3167,1,2026-04-23 14:54:57.936816741,Entregado,True
3705,3168,1,2026-06-22 16:22:59.450997432,Cliente ausente,False
3706,3168,2,2026-06-24 18:24:22.901994860,Entregado,True
3707,3169,1,2026-07-19 14:36:34.122320992,Entregado,True
3708,3170,1,2025-02-08 01:43:57.174976354,Entregado,True
3709,3171,1,2025-07-02 11:14:44.079079243,Entregado,True
3710,3172,1,2025-01-27 19:20:34.221120550,Entregado,True
3711,3173,1,2025-12-17 22:51:06.451838377,Entregado,True
3712,3174,1,2026-07-01 11:34:13.561122604,Entregado,True
3713,3175,1,2025-08-19 03:49:40.446434251,Entregado,True
3714,3176,1,2025-12-14 20:39:36.000000000,Entregado,True
3715,3177,1,2025-02-08 10:55:16.818024392,Reprogramado,False
3716,3177,2,2025-02-09 14:33:45.636048784,Entregado,True
3717,3178,1,2026-01-19 02:48:10.314347932,Entregado,True
3718,3179,1,2026-07-26 07:08:28.807419552,Entregado,True
3719,3180,1,2025-08-28 14:16:21.780978319,Entregado,True
3720,3181,1,2025-07-04 06:36:50.406985566,Entregado,True
3721,3182,1,2025-11-06 02:16:42.596584546,Entregado,True
3722,3183,1,2025-05-14 02:05:22.668494776,Entregado,True
3723,3184,1,2025-12-16 14:49:23.332351882,Entregado,True
3724,3185,1,2025-07-01 11:36:56.218086072,Entregado,True
3725,3186,1,2026-02-22 03:45:34.474117867,Entregado,True
3726,3187,1,2026-08-15 08:18:52.674064117,Entregado,True
3727,3188,1,2026-05-28 19:08:02.253277852,Entregado,True
3728,3189,1,2025-02-13 23:25:07.413494322,Entregado,True
3729,3190,1,2026-04-26 11:02:24.000000000,Entregado,True
3730,3191,1,2025-04-29 20:20:38.094041994,Cliente ausente,False
3731,3191,2,2025-05-01 10:01:04.188083988,Entregado,True
3732,3192,1,2026-07-27 21:58:15.008241576,Entregado,True
3733,3193,1,2025-03-04 12:25:42.174100441,Entregado,True
3734,3194,1,2026-07-11 02:45:20.653227129,Entregado,True
3735,3195,1,2025-07-10 18:39:31.234175892,Entregado,True
3736,3196,1,2026-03-31 15:25:24.898140634,Entregado,True
3737,3197,1,2025-07-08 16:52:01.153197094,Entregado,True
3738,3198,1,2026-04-11 22:02:34.489595317,Entregado,True
3739,3199,1,2025-06-13 22:21:11.261924244,Entregado,True
3740,3200,1,2026-03-03 07:50:09.537971762,Entregado,True
3741,3201,1,2025-04-14 23:20:50.927411763,Entregado,True
3742,3202,1,2025-09-25 00:49:04.513306335,Cliente ausente,False
3743,3202,2,2025-09-25 21:47:09.026612671,Entregado,True
3744,3203,1,2026-03-09 02:39:41.401596927,Entregado,True
3745,3204,1,2026-03-07 23:29:37.508298943,Entregado,True
3746,3205,1,2026-08-04 13:45:38.342611641,Entregado,True
3747,3206,1,2026-06-21 08:04:28.218287330,Domicilio incorrecto,False
3748,3206,2,2026-06-22 08:03:32.436574664,Entregado,True
3749,3207,1,2025-12-03 12:00:50.266468998,Entregado,True
3750,3208,1,2026-03-18 22:50:57.750408751,Entregado,True
3751,3209,1,2026-08-31 04:05:12.986192328,Entregado,True
3752,3210,1,2025-05-06 19:19:48.491854975,Entregado,True
3753,3211,1,2025-11-01 13:12:34.735430775,Entregado,True
3754,3212,1,2025-12-18 12:39:51.037847870,Entregado,True
3755,3213,1,2025-09-09 19:26:24.825895137,Entregado,True
3756,3214,1,2025-09-29 23:12:39.152884590,Entregado,True
3757,3215,1,2026-03-07 04:00:37.155662089,Cliente ausente,False
3758,3215,2,2026-03-08 06:01:14.311324174,Entregado,True
3759,3216,1,2026-07-24 19:52:22.628623713,Cliente ausente,False
3760,3216,2,2026-07-25 07:01:33.257247430,Entregado,True
3761,3217,1,2026-08-12 01:26:48.019754900,Entregado,True
3762,3218,1,2025-09-05 11:01:04.308648279,Entregado,True
3763,3219,1,2026-04-29 09:35:53.395989514,Entregado,True
3764,3220,1,2025-04-10 13:11:45.061711119,Entregado,True
3765,3221,1,2025-11-27 13:21:12.531991104,Entregado,True
3766,3222,1,2026-08-16 16:24:27.752963104,Domicilio incorrecto,False
3767,3222,2,2026-08-17 04:15:55.505926206,Reprogramado,False
3768,3222,3,2026-08-17 16:07:23.258889310,Entregado,True
3769,3223,1,2026-03-02 14:18:52.819018801,Entregado,True
3770,3224,1,2026-03-03 02:26:24.950586047,Entregado,True
3771,3225,1,2026-04-06 01:00:30.588147540,Entregado,True
3772,3226,1,2026-08-18 09:33:06.849173199,Entregado,True
3773,3227,1,2026-05-15 16:14:46.386594250,Entregado,True
3774,3228,1,2025-03-29 14:35:55.955740077,Entregado,True
3775,3229,1,2026-02-08 19:34:54.881996739,Entregado,True
3776,3230,1,2025-10-23 17:21:49.079349356,Entregado,True
3777,3231,1,2025-10-09 06:13:47.946995238,Cliente ausente,False
3778,3231,2,2025-10-10 03:19:11.893990476,Entregado,True
3779,3232,1,2025-07-16 17:58:12.000000000,Entregado,True
3780,3233,1,2025-01-28 11:23:27.740175648,Acceso restringido,False
3781,3233,2,2025-01-29 10:18:43.480351292,Entregado,True
3782,3234,1,2025-05-16 01:06:10.542520792,Entregado,True
3783,3235,1,2026-01-14 15:11:55.594176345,Entregado,True
3784,3236,1,2026-07-29 01:52:01.210669014,Entregado,True
3785,3237,1,2026-02-19 12:43:48.000000000,Entregado,True
3786,3238,1,2025-08-15 19:04:00.440650308,Cliente ausente,False
3787,3238,2,2025-08-16 07:13:24.881300616,Entregado,True
3788,3239,1,2026-08-28 12:42:50.238178074,Entregado,True
3789,3240,1,2025-03-09 12:06:00.000000000,Entregado,True
3790,3241,1,2025-12-30 01:26:38.664607945,Entregado,True
3791,3242,1,2025-03-07 19:59:01.121258929,Entregado,True
3792,3243,1,2026-01-29 08:34:52.205113531,Entregado,True
3793,3244,1,2025-09-04 04:52:03.401787176,Cliente ausente,False
3794,3244,2,2025-09-04 22:18:54.803574356,Entregado,True
3795,3245,1,2025-10-06 20:19:37.968654133,Entregado,True
3796,3246,1,2025-12-17 19:31:32.321508938,Entregado,True
3797,3247,1,2026-01-11 22:56:06.513381535,Entregado,True
3798,3248,1,2025-05-06 09:25:12.829476450,Entregado,True
3799,3249,1,2025-02-27 08:06:33.970885300,Entregado,True
3800,3250,1,2025-06-12 20:14:44.775705804,Entregado,True
3801,3251,1,2025-05-10 18:57:14.771990322,Entregado,True
3802,3252,1,2025-11-09 21:35:33.138145536,Entregado,True
3803,3253,1,2026-06-03 15:44:58.044203592,Cliente ausente,False
3804,3253,2,2026-06-05 01:53:56.088407184,Entregado,True
3805,3254,1,2025-09-25 05:55:39.097586784,Entregado,True
3806,3255,1,2026-03-01 00:06:15.308502037,Entregado,True
3807,3256,1,2026-06-13 19:28:02.276508766,Entregado,True
3808,3257,1,2025-05-23 19:21:55.336423582,Entregado,True
3809,3258,1,2026-04-24 16:20:12.059794932,Entregado,True
3810,3259,1,2026-06-16 10:28:01.562528280,Entregado,True
3811,3260,1,2026-01-28 17:06:52.331871257,Entregado,True
3812,3261,1,2026-05-26 16:52:12.000000000,Entregado,True
3813,3262,1,2026-06-22 22:37:09.889324010,Reprogramado,False
3814,3262,2,2026-06-23 13:40:43.778648020,Entregado,True
3815,3263,1,2025-09-24 00:36:23.310078919,Cliente ausente,False
3816,3263,2,2025-09-25 03:51:46.620157834,Entregado,True
3817,3264,1,2025-12-10 22:09:01.808976204,Entregado,True
3818,3265,1,2025-02-09 10:00:29.764914786,Entregado,True
3819,3266,1,2025-08-23 15:10:07.483035630,Entregado,True
3820,3267,1,2025-09-20 09:07:31.520331012,Entregado,True
3821,3268,1,2025-11-06 14:00:15.908874771,Cliente ausente,False
3822,3268,2,2025-11-07 16:41:55.817749539,Entregado,True
3823,3269,1,2026-02-10 02:43:20.131123573,Entregado,True
3824,3270,1,2025-09-22 14:01:17.223918873,Entregado,True
3825,3271,1,2026-04-22 02:53:54.127050316,Entregado,True
3826,3272,1,2025-04-17 16:12:46.781418736,Entregado,True
3827,3273,1,2025-12-12 02:44:49.231116329,Entregado,True
3828,3274,1,2026-03-25 03:09:14.796043682,Entregado,True
3829,3275,1,2025-02-10 06:10:40.321809296,Entregado,True
3830,3276,1,2025-02-18 10:31:08.651622000,Entregado,True
3831,3277,1,2026-08-30 20:28:41.136988101,Entregado,True
3832,3278,1,2025-08-09 13:59:20.105670066,Reprogramado,False
3833,3278,2,2025-08-10 09:59:52.211340135,Entregado,True
3834,3279,1,2025-09-16 15:06:12.966914055,Entregado,True
3835,3280,1,2025-05-21 06:08:36.416544741,Entregado,True
3836,3281,1,2025-08-23 05:13:27.988447936,Entregado,True
3837,3282,1,2026-08-04 07:24:52.593200877,Entregado,True
3838,3283,1,2025-06-07 18:28:26.775517875,Entregado,True
3839,3284,1,2026-05-21 00:07:24.067228954,Entregado,True
3840,3285,1,2025-04-17 06:38:22.770998736,Entregado,True
3841,3286,1,2025-09-14 04:34:04.246957081,Entregado,True
3842,3287,1,2026-02-10 08:11:30.798942864,Entregado,True
3843,3288,1,2026-05-05 16:04:31.708234725,Entregado,True
3844,3289,1,2026-06-15 17:43:39.335857410,Entregado,True
3845,3290,1,2026-08-15 16:57:25.869877261,Acceso restringido,False
3846,3290,2,2026-08-17 04:21:51.739754526,Entregado,True
3847,3291,1,2026-06-11 09:29:36.386124655,Reprogramado,False
3848,3291,2,2026-06-12 09:16:36.772249310,Reprogramado,False
3849,3291,3,2026-06-13 09:03:37.158373969,Entregado,True
3850,3292,1,2026-01-06 02:57:50.095334019,Cliente ausente,False
3851,3292,2,2026-01-06 09:51:28.190668039,Entregado,True
3852,3293,1,2025-04-16 11:52:49.958920790,Entregado,True
3853,3294,1,2026-08-26 05:39:58.665185614,Entregado,True
3854,3295,1,2026-06-28 14:48:45.742439296,Entregado,True
3855,3296,1,2026-05-30 23:40:44.927821912,Entregado,True
3856,3297,1,2026-01-26 11:41:03.021252291,Entregado,True
3857,3298,1,2025-12-30 13:18:44.791315192,Reprogramado,False
3858,3298,2,2025-12-31 14:30:53.582630385,Cliente ausente,False
3859,3298,3,2026-01-01 15:43:02.373945582,Entregado,True
3860,3299,1,2025-04-29 09:28:50.896378963,Entregado,True
3861,3300,1,2025-12-13 09:42:22.373234618,Entregado,True
3862,3301,1,2025-03-17 18:45:46.277039502,Entregado,True
3863,3302,1,2025-05-15 21:03:45.126407703,Entregado,True
3864,3303,1,2026-08-13 21:17:13.573780321,Entregado,True
3865,3304,1,2026-01-18 20:10:11.748569358,Entregado,True
3866,3305,1,2025-05-06 08:59:43.570548178,Cliente ausente,False
3867,3305,2,2025-05-07 09:54:39.141096357,Entregado,True
3868,3306,1,2025-11-08 03:28:21.769379925,Entregado,True
3869,3307,1,2025-04-20 04:20:03.170340715,Entregado,True
3870,3308,1,2026-07-13 14:20:22.440917158,Entregado,True
3871,3309,1,2025-08-14 18:13:01.488857052,Entregado,True
3872,3310,1,2026-02-03 00:57:47.774277655,Entregado,True
3873,3311,1,2025-06-04 21:40:20.085190690,Entregado,True
3874,3312,1,2026-06-20 14:18:00.000000000,Entregado,True
3875,3313,1,2026-02-07 14:23:01.657050169,Entregado,True
3876,3314,1,2025-05-29 08:51:43.209326617,Entregado,True
3877,3315,1,2025-07-11 07:00:32.556919647,Entregado,True
3878,3316,1,2026-08-09 02:45:57.549349515,Entregado,True
3879,3317,1,2025-07-21 18:21:21.907344974,Cliente ausente,False
3880,3317,2,2025-07-22 13:32:31.814689945,Entregado,True
3881,3318,1,2025-01-15 15:55:56.271212472,Entregado,True
3882,3319,1,2025-02-22 15:57:05.843356473,Reprogramado,False
3883,3319,2,2025-02-23 22:27:11.686712943,Entregado,True
3884,3320,1,2025-10-28 06:47:57.790160304,Entregado,True
3885,3321,1,2026-06-08 08:26:00.093075338,Entregado,True
3886,3322,1,2025-05-20 13:39:36.000000000,Entregado,True
3887,3323,1,2025-04-13 17:53:39.465737595,Entregado,True
3888,3324,1,2026-05-03 14:31:29.798018162,Entregado,True
3889,3325,1,2025-05-18 16:46:01.933329270,Reprogramado,False
3890,3325,2,2025-05-19 19:24:15.866658536,Entregado,True
3891,3326,1,2026-01-03 19:21:24.507577148,Entregado,True
3892,3327,1,2026-06-21 22:38:38.205206916,Entregado,True
3893,3328,1,2026-05-25 10:51:46.497729470,Entregado,True
3894,3329,1,2025-06-13 00:09:52.036150330,Entregado,True
3895,3330,1,2025-06-26 14:01:09.466295307,Entregado,True
3896,3331,1,2025-04-01 11:45:11.649819798,Entregado,True
3897,3332,1,2026-02-07 13:48:07.544968711,Entregado,True
3898,3333,1,2026-04-27 02:46:56.607154028,Entregado,True
3899,3334,1,2026-07-04 03:29:13.790362984,Entregado,True
3900,3335,1,2026-04-24 13:01:40.784550348,Entregado,True
3901,3336,1,2025-10-13 00:52:18.410389917,Entregado,True
3902,3337,1,2026-03-30 16:27:51.569149363,Entregado,True
3903,3338,1,2025-03-23 18:23:29.314441777,Cliente ausente,False
3904,3338,2,2025-03-24 04:33:10.628883554,Entregado,True
3905,3339,1,2026-06-06 02:10:41.482763968,Entregado,True
3906,3340,1,2025-05-17 13:36:48.004440984,Entregado,True
3907,3341,1,2026-03-27 12:51:02.629191510,Entregado,True
3908,3342,1,2025-04-30 09:10:47.879570031,Entregado,True
3909,3343,1,2026-08-20 02:56:15.804691346,Reprogramado,False
3910,3343,2,2026-08-20 12:24:19.609382692,Reprogramado,False
3911,3343,3,2026-08-20 21:52:23.414074039,Entregado,True
3912,3344,1,2025-09-02 13:47:11.210304404,Entregado,True
3913,3345,1,2025-05-30 23:03:24.280201069,Reprogramado,False
3914,3345,2,2025-05-31 16:19:24.560402134,Entregado,True
3915,3346,1,2026-06-19 01:44:25.749261276,Entregado,True
3916,3347,1,2026-01-16 17:02:09.096121834,Entregado,True
3917,3348,1,2026-09-01 00:38:37.457687216,Entregado,True
3918,3349,1,2026-06-09 20:28:12.340773602,Entregado,True
3919,3350,1,2026-05-30 23:05:45.461213239,Entregado,True
3920,3351,1,2026-08-02 11:21:52.349409651,Entregado,True
3921,3352,1,2025-11-16 14:04:32.473587082,Entregado,True
3922,3353,1,2025-01-15 22:25:41.727267760,Entregado,True
3923,3354,1,2025-04-03 05:27:23.033505834,Domicilio incorrecto,False
3924,3354,2,2025-04-05 14:48:46.067011664,Entregado,True
3925,3355,1,2026-01-25 15:15:34.276542282,Entregado,True
3926,3356,1,2025-03-26 21:39:14.793587161,Entregado,True
3927,3357,1,2026-01-31 22:40:04.076168070,Cliente ausente,False
3928,3357,2,2026-02-01 14:06:20.152336140,Entregado,True
3929,3358,1,2026-07-01 04:22:31.806650859,Entregado,True
3930,3359,1,2025-04-10 21:30:42.131718820,Entregado,True
3931,3360,1,2026-04-04 23:41:20.437058432,Entregado,True
3932,3361,1,2025-11-25 03:59:04.468489825,Cliente ausente,False
3933,3361,2,2025-11-25 22:51:32.936979650,Entregado,True
3934,3362,1,2025-03-16 01:45:00.000000000,Entregado,True
3935,3363,1,2025-04-09 03:19:19.854031029,Entregado,True
3936,3364,1,2025-04-03 21:11:15.652491504,Entregado,True
3937,3365,1,2025-06-28 08:46:30.932162810,Entregado,True
3938,3366,1,2025-11-12 07:13:05.585628622,Entregado,True
3939,3367,1,2026-07-24 02:00:28.561914889,Entregado,True
3940,3368,1,2026-05-16 03:58:22.101290990,Entregado,True
3941,3369,1,2025-09-30 02:04:52.748522234,Entregado,True
3942,3370,1,2026-03-05 14:37:10.078268469,Cliente ausente,False
3943,3370,2,2026-03-06 19:07:44.156536942,Entregado,True
3944,3371,1,2025-02-05 08:32:20.174789947,Cliente ausente,False
3945,3371,2,2025-02-05 20:34:40.349579898,Entregado,True
3946,3372,1,2025-05-01 01:06:53.745344136,Entregado,True
3947,3373,1,2026-01-08 01:10:18.634487437,Entregado,True
3948,3374,1,2026-07-23 05:45:08.932501256,Entregado,True
3949,3375,1,2026-03-29 03:02:38.965453400,Entregado,True
3950,3376,1,2025-11-07 17:21:59.539363858,Entregado,True
3951,3377,1,2025-12-27 22:28:53.541157828,Entregado,True
3952,3378,1,2026-01-13 03:48:29.825758087,Entregado,True
3953,3379,1,2025-04-17 04:18:07.382808464,Reprogramado,False
3954,3379,2,2025-04-18 18:14:02.765616932,Entregado,True
3955,3380,1,2025-04-18 13:33:57.529255003,Entregado,True
3956,3381,1,2026-08-19 03:38:52.134078116,Entregado,True
3957,3382,1,2025-06-16 02:11:22.627545007,Entregado,True
3958,3383,1,2026-07-17 16:15:00.000000000,Entregado,True
3959,3384,1,2025-10-09 22:24:45.479038219,Entregado,True
3960,3385,1,2025-10-31 18:50:39.539977378,Entregado,True
3961,3386,1,2026-08-11 07:26:57.234161018,Entregado,True
3962,3387,1,2025-05-08 01:41:15.881288186,Cliente ausente,False
3963,3387,2,2025-05-08 15:39:55.762576369,Cliente ausente,False
3964,3387,3,2025-05-09 05:38:35.643864555,Entregado,True
3965,3388,1,2025-09-08 05:02:41.534329434,Entregado,True
3966,3389,1,2025-08-22 21:35:13.472387847,Entregado,True
3967,3390,1,2026-08-11 04:13:23.841250672,Entregado,True
3968,3391,1,2026-03-19 06:18:51.156361159,Entregado,True
3969,3392,1,2025-05-19 19:41:35.039924797,Entregado,True
3970,3393,1,2026-07-12 07:49:15.309079726,Acceso restringido,False
3971,3393,2,2026-07-13 22:45:42.618159453,Entregado,True
3972,3394,1,2025-05-29 23:21:00.000000000,Entregado,True
3973,3395,1,2025-02-27 01:33:47.277069606,Entregado,True
3974,3396,1,2025-09-19 09:40:21.191117023,Entregado,True
3975,3397,1,2025-03-07 11:15:27.218147734,Entregado,True
3976,3398,1,2025-03-07 10:05:39.901221762,Entregado,True
3977,3399,1,2025-02-03 01:51:42.046952940,Entregado,True
3978,3400,1,2026-07-09 07:14:23.998070446,Entregado,True
3979,3401,1,2026-08-24 11:14:38.344727648,Domicilio incorrecto,False
3980,3401,2,2026-08-25 14:23:52.689455296,Cliente ausente,False
3981,3401,3,2026-08-26 17:33:07.034182945,Entregado,True
3982,3402,1,2026-07-25 05:29:44.508893931,Entregado,True
3983,3403,1,2025-10-29 18:10:16.739168505,Entregado,True
3984,3404,1,2025-08-03 11:48:09.392238345,Entregado,True
3985,3405,1,2025-05-22 09:54:25.309059199,Entregado,True
3986,3406,1,2026-05-24 06:56:00.431931958,Entregado,True
3987,3407,1,2026-07-19 05:26:34.790453275,Entregado,True
3988,3408,1,2026-05-15 13:23:01.988052172,Cliente ausente,False
3989,3408,2,2026-05-16 16:38:15.976104349,Entregado,True
3990,3409,1,2026-05-19 09:12:44.597813630,Entregado,True
3991,3410,1,2026-08-15 02:20:49.644486531,Entregado,True
3992,3411,1,2025-07-14 06:25:31.003329003,Entregado,True
3993,3412,1,2025-02-21 21:30:05.152476063,Entregado,True
3994,3413,1,2025-12-31 03:16:30.708518113,Entregado,True
3995,3414,1,2026-05-12 22:12:09.676156896,Entregado,True
3996,3415,1,2025-10-09 09:54:29.660939762,Entregado,True
3997,3416,1,2025-02-16 20:01:10.014548149,Domicilio incorrecto,False
3998,3416,2,2025-02-17 05:47:20.029096298,Entregado,True
3999,3417,1,2025-08-06 19:13:00.746081965,Entregado,True
4000,3418,1,2025-08-21 10:27:17.958423999,Entregado,True
4001,3419,1,2025-11-20 10:35:22.071828984,Cliente ausente,False
4002,3419,2,2025-11-21 04:23:56.143657964,Reprogramado,False
4003,3419,3,2025-11-21 22:12:30.215486944,Entregado,True
4004,3420,1,2026-02-27 13:05:22.400654431,Entregado,True
4005,3421,1,2025-08-15 12:41:30.458333162,Entregado,True
4006,3422,1,2025-10-17 17:34:26.951207811,Entregado,True
4007,3423,1,2025-02-16 05:33:18.729731671,Entregado,True
4008,3424,1,2025-01-14 17:40:59.408878051,Entregado,True
4009,3425,1,2026-01-12 02:22:08.409942958,Domicilio incorrecto,False
4010,3425,2,2026-01-13 14:16:04.819885917,Entregado,True
4011,3426,1,2025-11-30 15:47:42.784615366,Entregado,True
4012,3427,1,2025-06-16 16:32:38.597281987,Entregado,True
4013,3428,1,2026-05-25 14:13:02.626814251,Entregado,True
4014,3429,1,2025-04-27 17:44:41.671661110,Domicilio incorrecto,False
4015,3429,2,2025-04-28 06:14:23.343322221,Cliente ausente,False
4016,3429,3,2025-04-28 18:44:05.014983332,Entregado,True
4017,3430,1,2026-07-22 03:16:27.458662861,Entregado,True
4018,3431,1,2025-11-03 18:04:46.083048235,Entregado,True
4019,3432,1,2026-04-03 23:16:49.396902970,Reprogramado,False
4020,3432,2,2026-04-05 18:10:14.793805941,Entregado,True
4021,3433,1,2025-10-01 07:54:24.030168217,Entregado,True
4022,3434,1,2025-08-07 06:55:26.010951643,Entregado,True
4023,3435,1,2025-01-18 01:21:10.028670893,Entregado,True
4024,3436,1,2025-08-08 13:48:20.177956958,Entregado,True
4025,3437,1,2025-05-16 20:50:43.195814498,Entregado,True
4026,3438,1,2025-02-14 15:07:13.408860748,Entregado,True
4027,3439,1,2025-10-13 09:24:40.591253717,Entregado,True
4028,3440,1,2025-03-04 13:48:02.607851977,Entregado,True
4029,3441,1,2025-08-21 09:54:13.903772320,Entregado,True
4030,3442,1,2025-06-09 15:28:17.260828071,Entregado,True
4031,3443,1,2026-04-17 06:15:03.942352328,Entregado,True
4032,3444,1,2025-07-27 15:53:24.000000000,Entregado,True
4033,3445,1,2025-06-25 19:43:21.511201238,Reprogramado,False
4034,3445,2,2025-06-28 04:24:55.022402480,Entregado,True
4035,3446,1,2025-03-26 17:25:55.561041822,Entregado,True
4036,3447,1,2025-01-20 23:58:08.687766871,Entregado,True
4037,3448,1,2025-10-19 08:17:53.519908959,Cliente ausente,False
4038,3448,2,2025-10-20 12:31:35.039817919,Entregado,True
4039,3449,1,2025-12-30 03:10:58.619122752,Entregado,True
4040,3450,1,2025-10-10 11:09:23.528863728,Entregado,True
4041,3451,1,2026-02-05 14:16:01.793310254,Entregado,True
4042,3452,1,2025-05-24 12:34:24.192970539,Entregado,True
4043,3453,1,2026-06-02 15:09:50.298009897,Entregado,True
4044,3454,1,2025-09-10 16:16:22.842845687,Entregado,True
4045,3455,1,2026-06-25 19:59:16.422339890,Entregado,True
4046,3456,1,2025-05-15 15:04:32.423979248,Entregado,True
4047,3457,1,2025-11-03 16:55:09.562963972,Entregado,True
4048,3458,1,2025-12-25 17:00:10.833250064,Entregado,True
4049,3459,1,2025-10-13 05:57:41.245310289,Entregado,True
4050,3460,1,2025-10-24 12:38:16.048554262,Entregado,True
4051,3461,1,2025-06-16 13:16:15.229567484,Entregado,True
4052,3462,1,2026-02-26 09:28:00.968526638,Entregado,True
4053,3463,1,2026-04-14 17:21:19.517390557,Entregado,True
4054,3464,1,2026-07-25 03:35:46.392312116,Domicilio incorrecto,False
4055,3464,2,2026-07-26 00:53:32.784624232,Entregado,True
4056,3465,1,2026-05-25 00:08:42.127093334,Entregado,True
4057,3466,1,2026-04-26 03:50:17.707568100,Entregado,True
4058,3467,1,2025-12-31 00:29:37.754229814,Entregado,True
4059,3468,1,2025-11-09 22:47:55.516991067,Entregado,True
4060,3469,1,2025-09-05 14:06:49.404815092,Entregado,True
4061,3470,1,2026-04-25 09:39:56.352870291,Entregado,True
4062,3471,1,2026-03-14 22:22:54.004430514,Entregado,True
4063,3472,1,2025-09-09 09:14:27.549495639,Entregado,True
4064,3473,1,2025-01-25 19:14:47.065845649,Entregado,True
4065,3474,1,2026-04-23 17:20:55.363000113,Entregado,True
4066,3475,1,2026-07-28 10:07:45.052286502,Entregado,True
4067,3476,1,2026-05-28 16:40:26.724649529,Entregado,True
4068,3477,1,2025-12-05 16:35:58.302234841,Entregado,True
4069,3478,1,2025-12-11 09:44:15.470059315,Entregado,True
4070,3479,1,2025-12-07 04:48:00.286006996,Entregado,True
4071,3480,1,2026-04-27 04:37:05.801495390,Entregado,True
4072,3481,1,2025-02-14 18:57:21.734611405,Entregado,True
4073,3482,1,2025-03-19 23:37:07.304567728,Entregado,True
4074,3483,1,2025-08-11 23:33:33.605238762,Entregado,True
4075,3484,1,2025-03-21 22:15:16.536030645,Entregado,True
4076,3485,1,2025-08-26 02:42:42.530465822,Entregado,True
4077,3486,1,2025-06-06 19:27:55.117814198,Entregado,True
4078,3487,1,2025-04-26 12:22:54.944549367,Entregado,True
4079,3488,1,2026-09-01 01:00:02.822570546,Domicilio incorrecto,False
4080,3488,2,2026-09-01 16:49:17.645141092,Entregado,True
4081,3489,1,2026-08-11 01:21:13.534187259,Entregado,True
4082,3490,1,2025-10-05 10:15:36.629758242,Entregado,True
4083,3491,1,2026-01-17 20:37:04.334728814,Entregado,True
4084,3492,1,2025-01-23 08:33:46.660855435,Entregado,True
4085,3493,1,2025-07-29 02:22:42.665450160,Cliente ausente,False
4086,3493,2,2025-07-30 01:55:37.330900320,Entregado,True
4087,3494,1,2026-09-01 18:31:06.589150384,Entregado,True
4088,3495,1,2026-08-19 11:36:01.767442053,Entregado,True
4089,3496,1,2025-06-10 21:54:36.553483800,Entregado,True
4090,3497,1,2026-07-29 09:29:30.076413504,Entregado,True
4091,3498,1,2025-02-09 07:29:08.397516350,Entregado,True
4092,3499,1,2025-05-01 01:07:37.962807394,Entregado,True
4093,3500,1,2026-01-27 15:58:47.227181667,Entregado,True
4094,3501,1,2026-01-15 11:32:51.266695725,Entregado,True
4095,3502,1,2026-01-13 00:26:07.693842350,Entregado,True
4096,3503,1,2026-08-06 05:28:29.780260057,Acceso restringido,False
4097,3503,2,2026-08-07 17:29:59.560520110,Entregado,True
4098,3504,1,2026-08-21 17:06:38.489949752,Entregado,True
4099,3505,1,2025-02-13 17:56:44.783638742,Entregado,True
4100,3506,1,2026-04-18 10:31:32.652561072,Entregado,True
4101,3507,1,2026-04-03 11:42:36.000000000,Entregado,True
4102,3508,1,2025-05-12 17:52:35.037773835,Entregado,True
4103,3509,1,2025-01-30 15:39:41.968586160,Entregado,True
4104,3510,1,2025-11-24 20:26:15.927000082,Entregado,True
4105,3511,1,2026-05-27 15:02:57.516157910,Entregado,True
4106,3512,1,2025-11-25 03:19:12.736852136,Entregado,True
4107,3513,1,2025-06-11 21:29:17.792352002,Entregado,True
4108,3514,1,2026-06-03 21:59:47.826407875,Entregado,True
4109,3515,1,2025-09-13 11:22:41.337316297,Entregado,True
4110,3516,1,2025-09-07 20:35:54.905292794,Entregado,True
4111,3517,1,2025-12-19 14:10:12.000000000,Entregado,True
4112,3518,1,2026-02-04 14:23:33.289993204,Entregado,True
4113,3519,1,2026-08-07 20:09:13.708840910,Entregado,True
4114,3520,1,2025-07-26 05:46:51.589477902,Entregado,True
4115,3521,1,2025-11-01 02:33:58.348655110,Entregado,True
4116,3522,1,2025-05-30 02:24:14.780433484,Entregado,True
4117,3523,1,2026-07-17 04:21:29.554286029,Entregado,True
4118,3524,1,2025-09-23 23:02:20.537404616,Entregado,True
4119,3525,1,2025-11-13 20:42:26.798253933,Entregado,True
4120,3526,1,2025-10-21 03:27:23.334787818,Entregado,True
4121,3527,1,2025-02-15 14:50:10.845539923,Entregado,True
4122,3528,1,2026-07-11 02:31:27.984684309,Entregado,True
4123,3529,1,2025-05-17 21:37:29.817281402,Entregado,True
4124,3530,1,2025-12-17 03:56:01.636355288,Entregado,True
4125,3531,1,2025-08-10 20:14:03.124126683,Entregado,True
4126,3532,1,2026-03-27 20:35:37.086030434,Cliente ausente,False
4127,3532,2,2026-03-29 07:55:02.172060872,Entregado,True
4128,3533,1,2026-05-22 11:28:41.789194651,Entregado,True
4129,3534,1,2025-09-09 14:29:27.371811325,Acceso restringido,False
4130,3534,2,2025-09-10 12:17:30.743622654,Entregado,True
4131,3535,1,2026-06-10 08:55:49.739386738,Entregado,True
4132,3536,1,2026-04-08 22:29:06.903686677,Entregado,True
4133,3537,1,2025-09-11 08:03:34.065796410,Cliente ausente,False
4134,3537,2,2025-09-12 13:34:44.131592816,Entregado,True
4135,3538,1,2025-01-19 06:49:17.021377354,Entregado,True
4136,3539,1,2025-09-16 13:36:09.658333054,Entregado,True
4137,3540,1,2025-09-03 19:10:34.340644653,Cliente ausente,False
4138,3540,2,2025-09-05 04:26:32.681289307,Entregado,True
4139,3541,1,2025-06-05 00:23:35.891379790,Entregado,True
4140,3542,1,2026-05-17 11:18:11.466621072,Entregado,True
4141,3543,1,2026-04-06 16:45:07.220246130,Entregado,True
4142,3544,1,2026-07-01 01:38:02.894306186,Entregado,True
4143,3545,1,2026-03-26 02:27:57.423807694,Entregado,True
4144,3546,1,2025-12-20 14:35:42.841816364,Entregado,True
4145,3547,1,2026-06-28 05:31:27.415338631,Entregado,True
4146,3548,1,2025-11-21 19:41:58.738208384,Entregado,True
4147,3549,1,2026-04-05 20:12:27.201782210,Entregado,True
4148,3550,1,2025-08-16 18:21:18.032282132,Entregado,True
4149,3551,1,2025-12-30 14:25:44.811339956,Entregado,True
4150,3552,1,2026-06-18 18:23:05.139739608,Entregado,True
4151,3553,1,2025-04-26 04:54:36.611556890,Entregado,True
4152,3554,1,2025-08-02 04:42:58.483967684,Cliente ausente,False
4153,3554,2,2025-08-03 20:58:20.967935368,Entregado,True
4154,3555,1,2025-08-23 12:05:20.579448606,Entregado,True
4155,3556,1,2025-06-12 09:38:07.676599012,Entregado,True
4156,3557,1,2026-07-28 06:26:36.109841748,Entregado,True
4157,3558,1,2025-11-21 12:24:20.522186895,Entregado,True
4158,3559,1,2025-04-05 20:25:56.138411953,Entregado,True
4159,3560,1,2025-09-09 03:27:25.184220757,Entregado,True
4160,3561,1,2025-05-24 07:20:53.658959254,Entregado,True
4161,3562,1,2026-02-11 04:05:11.564551194,Entregado,True
4162,3563,1,2026-02-11 07:28:13.967519782,Entregado,True
4163,3564,1,2026-08-29 07:26:52.019092791,Entregado,True
4164,3565,1,2026-02-21 14:53:14.892499086,Entregado,True
4165,3566,1,2026-03-17 17:49:04.662515841,Cliente ausente,False
4166,3566,2,2026-03-19 04:33:57.325031686,Entregado,True
4167,3567,1,2025-08-24 19:55:02.289853945,Entregado,True
4168,3568,1,2025-04-13 11:24:36.264210451,Entregado,True
4169,3569,1,2025-04-25 09:24:47.994931692,Entregado,True
4170,3570,1,2026-06-21 11:59:05.835639364,Domicilio incorrecto,False
4171,3570,2,2026-06-22 07:26:23.671278729,Entregado,True
4172,3571,1,2025-10-12 21:23:05.620876213,Entregado,True
4173,3572,1,2026-06-10 17:20:07.220652752,Entregado,True
4174,3573,1,2025-12-17 18:33:47.123363278,Entregado,True
4175,3574,1,2025-11-17 20:54:05.466498454,Entregado,True
4176,3575,1,2026-05-15 21:20:07.535053694,Reprogramado,False
4177,3575,2,2026-05-16 11:24:39.070107388,Entregado,True
4178,3576,1,2026-06-23 07:49:02.758407135,Entregado,True
4179,3577,1,2026-03-16 17:59:19.459701186,Entregado,True
4180,3578,1,2026-06-09 05:31:07.389817215,Entregado,True
4181,3579,1,2026-08-17 11:44:06.059877511,Cliente ausente,False
4182,3579,2,2026-08-18 10:48:00.119755018,Entregado,True
4183,3580,1,2026-03-21 02:20:01.103543631,Cliente ausente,False
4184,3580,2,2026-03-21 17:49:38.207087263,Entregado,True
4185,3581,1,2025-07-30 12:22:41.804995220,Entregado,True
4186,3582,1,2025-10-06 19:42:14.757298416,Entregado,True
4187,3583,1,2026-05-15 20:13:03.661735220,Entregado,True
4188,3584,1,2025-10-25 07:14:45.297587961,Acceso restringido,False
4189,3584,2,2025-10-26 07:45:06.595175923,Entregado,True
4190,3585,1,2026-01-12 14:18:16.126426584,Entregado,True
4191,3586,1,2025-07-05 17:48:53.173733961,Entregado,True
4192,3587,1,2025-02-05 00:40:42.073922420,Entregado,True
4193,3588,1,2025-10-11 23:44:23.485406071,Reprogramado,False
4194,3588,2,2025-10-13 16:21:34.970812142,Entregado,True
4195,3589,1,2026-03-12 01:01:00.406506288,Entregado,True
4196,3590,1,2026-06-03 09:21:00.000000000,Cliente ausente,False
4197,3590,2,2026-06-03 12:21:00.000000000,Entregado,True
4198,3591,1,2026-04-09 16:45:40.351675744,Entregado,True
4199,3592,1,2026-01-04 08:23:44.136804724,Cliente ausente,False
4200,3592,2,2026-01-05 03:06:04.273609449,Domicilio incorrecto,False
4201,3592,3,2026-01-05 21:48:24.410414178,Entregado,True
4202,3593,1,2025-09-12 06:11:51.289479470,Entregado,True
4203,3594,1,2025-06-18 00:53:01.864317497,Entregado,True
4204,3595,1,2026-06-14 17:00:48.398916924,Entregado,True
4205,3596,1,2026-08-27 21:35:02.487126112,Entregado,True
4206,3597,1,2026-08-23 01:13:02.649380919,Cliente ausente,False
4207,3597,2,2026-08-24 17:57:17.298761835,Entregado,True
4208,3598,1,2025-04-14 17:57:18.695717199,Entregado,True
4209,3599,1,2026-08-19 21:46:45.318615060,Entregado,True
4210,3600,1,2025-05-08 16:56:48.482060179,Entregado,True
4211,3601,1,2025-02-08 05:50:22.339314632,Acceso restringido,False
4212,3601,2,2025-02-09 04:51:32.678629268,Entregado,True
4213,3602,1,2025-12-17 14:30:57.420503190,Entregado,True
4214,3603,1,2025-08-02 05:24:26.172597524,Entregado,True
4215,3604,1,2025-11-16 03:27:34.613319549,Domicilio incorrecto,False
4216,3604,2,2025-11-16 19:12:33.226639099,Entregado,True
4217,3605,1,2026-03-05 17:00:01.681123330,Entregado,True
4218,3606,1,2025-09-09 05:06:11.935623988,Entregado,True
4219,3607,1,2025-10-16 16:17:00.372654016,Entregado,True
4220,3608,1,2025-11-17 05:38:35.415134386,Reprogramado,False
4221,3608,2,2025-11-18 02:36:58.830268770,Cliente ausente,False
4222,3608,3,2025-11-18 23:35:22.245403156,Entregado,True
4223,3609,1,2026-05-28 03:35:22.194536622,Entregado,True
4224,3610,1,2026-06-08 15:59:00.153142850,Entregado,True
4225,3611,1,2025-08-17 05:37:14.335697866,Entregado,True
4226,3612,1,2026-05-23 04:15:15.880950961,Entregado,True
4227,3613,1,2025-04-20 05:30:35.383171456,Entregado,True
4228,3614,1,2026-09-02 00:01:35.334385071,Entregado,True
4229,3615,1,2025-11-30 03:25:14.688042265,Entregado,True
4230,3616,1,2025-01-05 18:23:09.778880659,Entregado,True
4231,3617,1,2026-04-16 07:34:51.295849376,Entregado,True
4232,3618,1,2026-06-02 21:53:21.354466308,Entregado,True
4233,3619,1,2025-06-12 20:48:15.030261410,Entregado,True
4234,3620,1,2026-06-16 22:00:57.544901949,Entregado,True
4235,3621,1,2025-03-24 12:24:29.909396361,Cliente ausente,False
4236,3621,2,2025-03-25 15:19:35.818792723,Entregado,True
4237,3622,1,2026-05-02 07:15:44.630565854,Entregado,True
4238,3623,1,2026-06-01 21:33:00.882884412,Entregado,True
4239,3624,1,2025-07-08 09:09:12.268437976,Entregado,True
4240,3625,1,2025-06-05 07:29:27.748230928,Entregado,True
4241,3626,1,2025-12-31 01:38:19.064924556,Entregado,True
4242,3627,1,2025-04-05 20:41:20.370169647,Entregado,True
4243,3628,1,2025-02-05 01:07:48.444266578,Entregado,True
4244,3629,1,2026-06-26 19:00:19.467490964,Entregado,True
4245,3630,1,2026-08-27 18:22:41.893387366,Entregado,True
4246,3631,1,2025-02-21 07:25:30.165551173,Entregado,True
4247,3632,1,2025-09-18 19:44:40.922327799,Entregado,True
4248,3633,1,2026-06-03 21:59:24.438453414,Entregado,True
4249,3634,1,2026-06-28 10:54:07.488821512,Entregado,True
4250,3635,1,2026-02-16 13:36:56.495809285,Entregado,True
4251,3636,1,2025-06-07 15:47:14.885269137,Entregado,True
4252,3637,1,2026-07-02 20:51:10.241907390,Entregado,True
4253,3638,1,2026-03-20 03:57:38.582173879,Entregado,True
4254,3639,1,2025-08-28 05:42:09.405414540,Entregado,True
4255,3640,1,2026-01-05 19:32:06.673280571,Entregado,True
4256,3641,1,2025-03-01 04:49:37.475768719,Entregado,True
4257,3642,1,2025-06-26 07:33:37.875906608,Entregado,True
4258,3643,1,2025-08-03 08:00:40.057850689,Entregado,True
4259,3644,1,2025-01-27 14:26:23.593362331,Entregado,True
4260,3645,1,2025-05-01 15:49:28.845127783,Cliente ausente,False
4261,3645,2,2025-05-03 20:00:33.690255566,Entregado,True
4262,3646,1,2025-05-28 20:33:32.003681601,Entregado,True
4263,3647,1,2025-09-23 14:01:53.220122187,Cliente ausente,False
4264,3647,2,2025-09-24 13:19:22.440244371,Entregado,True
4265,3648,1,2025-09-20 01:34:20.387927989,Entregado,True
4266,3649,1,2025-07-11 02:57:13.813194254,Entregado,True
4267,3650,1,2025-08-29 04:39:36.267548187,Entregado,True
4268,3651,1,2025-11-25 06:02:10.079935522,Domicilio incorrecto,False
4269,3651,2,2025-11-27 01:57:44.159871045,Entregado,True
4270,3652,1,2025-03-12 13:39:49.098914532,Entregado,True
4271,3653,1,2025-01-25 23:43:10.769069564,Entregado,True
4272,3654,1,2026-08-08 21:43:25.797025390,Entregado,True
4273,3655,1,2025-06-06 11:15:08.759353039,Entregado,True
4274,3656,1,2025-08-08 17:11:51.976359592,Cliente ausente,False
4275,3656,2,2025-08-10 04:20:43.952719182,Entregado,True
4276,3657,1,2026-07-18 21:29:17.718391244,Entregado,True
4277,3658,1,2026-01-18 00:15:36.483004177,Entregado,True
4278,3659,1,2025-07-16 16:46:09.411548109,Entregado,True
4279,3660,1,2026-08-22 23:14:29.584067492,Entregado,True
4280,3661,1,2025-12-12 11:18:55.934328632,Entregado,True
4281,3662,1,2026-05-22 10:54:08.655483315,Entregado,True
4282,3663,1,2026-03-28 07:45:24.448813455,Reprogramado,False
4283,3663,2,2026-03-30 04:42:12.897626911,Entregado,True
4284,3664,1,2025-12-04 07:06:24.048364215,Entregado,True
4285,3665,1,2025-01-05 21:16:16.372217337,Entregado,True
4286,3666,1,2026-06-02 11:00:25.533874267,Entregado,True
4287,3667,1,2026-05-15 00:48:36.307936382,Entregado,True
4288,3668,1,2025-08-18 10:20:52.001616534,Entregado,True
4289,3669,1,2025-05-31 09:17:49.672580762,Entregado,True
4290,3670,1,2025-08-29 15:22:23.016932961,Entregado,True
4291,3671,1,2025-04-16 09:04:27.193549087,Entregado,True
4292,3672,1,2026-04-08 12:41:56.718046201,Entregado,True
4293,3673,1,2025-02-07 14:38:36.850375712,Entregado,True
4294,3674,1,2026-06-06 03:20:47.997102710,Entregado,True
4295,3675,1,2025-10-13 14:30:45.603220716,Entregado,True
4296,3676,1,2025-08-17 08:06:48.530370862,Entregado,True
4297,3677,1,2026-07-23 16:22:29.571308389,Entregado,True
4298,3678,1,2025-09-15 05:27:32.060759598,Entregado,True
4299,3679,1,2025-03-02 17:58:46.903431514,Entregado,True
4300,3680,1,2025-09-06 10:52:39.163292428,Entregado,True
4301,3681,1,2026-06-04 18:12:46.392999670,Domicilio incorrecto,False
4302,3681,2,2026-06-05 12:23:44.785999345,Cliente ausente,False
4303,3681,3,2026-06-06 06:34:43.178999016,Entregado,True
4304,3682,1,2025-08-04 17:20:55.126038130,Entregado,True
4305,3683,1,2026-08-16 02:28:47.587346792,Entregado,True
4306,3684,1,2025-08-04 15:15:36.000000000,Entregado,True
4307,3685,1,2025-10-12 07:01:57.391424590,Entregado,True
4308,3686,1,2026-07-30 14:55:53.228347363,Entregado,True
4309,3687,1,2026-01-19 13:12:16.311107545,Entregado,True
4310,3688,1,2025-02-18 09:23:49.152068102,Entregado,True
4311,3689,1,2025-06-23 16:59:10.686797340,Entregado,True
4312,3690,1,2025-08-11 05:02:52.173792808,Entregado,True
4313,3691,1,2025-02-17 03:35:03.924760394,Entregado,True
4314,3692,1,2025-08-18 06:46:19.261068502,Acceso restringido,False
4315,3692,2,2025-08-20 02:05:02.522137005,Entregado,True
4316,3693,1,2026-07-28 19:38:18.143343517,Entregado,True
4317,3694,1,2025-11-15 07:16:55.607391065,Entregado,True
4318,3695,1,2025-12-02 12:45:41.390466235,Entregado,True
4319,3696,1,2026-08-25 19:47:07.372358584,Entregado,True
4320,3697,1,2026-04-13 17:57:09.043269372,Entregado,True
4321,3698,1,2025-10-26 06:47:12.691372322,Entregado,True
4322,3699,1,2026-07-03 02:13:21.973239465,Entregado,True
4323,3700,1,2026-05-07 14:10:33.252911122,Entregado,True
4324,3701,1,2025-08-07 05:47:36.634433874,Entregado,True
4325,3702,1,2025-01-06 05:41:18.548604589,Entregado,True
4326,3703,1,2025-07-27 23:00:41.963276908,Reprogramado,False
4327,3703,2,2025-07-29 16:17:35.926553817,Entregado,True
4328,3704,1,2025-12-09 12:26:46.941012848,Entregado,True
4329,3705,1,2025-11-03 18:21:46.933055456,Entregado,True
4330,3706,1,2026-05-26 15:11:25.074726525,Entregado,True
4331,3707,1,2026-04-14 21:58:24.653038191,Cliente ausente,False
4332,3707,2,2026-04-15 13:59:49.306076383,Cliente ausente,False
4333,3707,3,2026-04-16 06:01:13.959114571,Entregado,True
4334,3708,1,2026-07-13 04:01:44.401606892,Entregado,True
4335,3709,1,2026-05-12 04:59:25.384964913,Cliente ausente,False
4336,3709,2,2026-05-13 23:12:02.769929827,Entregado,True
4337,3710,1,2025-09-21 01:09:41.966214120,Entregado,True
4338,3711,1,2026-08-02 15:19:57.943034068,Domicilio incorrecto,False
4339,3711,2,2026-08-03 18:56:07.886068141,Entregado,True
4340,3712,1,2026-08-06 20:28:47.980943248,Entregado,True
4341,3713,1,2026-01-02 02:42:35.721157024,Entregado,True
4342,3714,1,2026-05-30 14:24:35.482168969,Domicilio incorrecto,False
4343,3714,2,2026-05-31 09:16:10.964337934,Entregado,True
4344,3715,1,2026-06-28 20:56:22.129393426,Entregado,True
4345,3716,1,2026-07-28 15:39:12.266882247,Cliente ausente,False
4346,3716,2,2026-07-29 23:18:24.533764498,Entregado,True
4347,3717,1,2026-04-01 19:53:01.681144260,Cliente ausente,False
4348,3717,2,2026-04-03 02:08:51.362288520,Entregado,True
4349,3718,1,2025-05-27 21:01:01.242866154,Entregado,True
4350,3719,1,2025-07-12 07:46:23.539928628,Domicilio incorrecto,False
4351,3719,2,2025-07-13 04:31:35.079857256,Entregado,True
4352,3720,1,2025-12-20 04:33:34.740524196,Cliente ausente,False
4353,3720,2,2025-12-21 00:11:57.481048392,Entregado,True
4354,3721,1,2025-10-30 16:30:51.298359966,Entregado,True
4355,3722,1,2026-04-09 02:49:27.658441257,Entregado,True
4356,3723,1,2026-03-03 23:58:39.799862572,Entregado,True
4357,3724,1,2025-02-02 06:39:16.890181142,Entregado,True
4358,3725,1,2025-12-01 01:02:15.006631945,Entregado,True
4359,3726,1,2026-02-19 14:32:08.733283890,Entregado,True
4360,3727,1,2025-02-22 12:24:09.747236480,Entregado,True
4361,3728,1,2026-01-22 00:17:27.052413982,Entregado,True
4362,3729,1,2026-02-23 11:27:50.759118640,Cliente ausente,False
4363,3729,2,2026-02-25 06:28:41.518237281,Entregado,True
4364,3730,1,2026-04-22 08:11:53.205381722,Entregado,True
4365,3731,1,2026-01-30 01:16:53.294124486,Entregado,True
4366,3732,1,2026-01-27 09:05:21.122399979,Entregado,True
4367,3733,1,2026-07-28 01:46:36.123571549,Entregado,True
4368,3734,1,2026-04-15 19:28:52.352043996,Entregado,True
4369,3735,1,2026-02-13 23:12:22.844316798,Entregado,True
4370,3736,1,2026-06-07 03:26:55.149133916,Entregado,True
4371,3737,1,2025-07-12 05:46:34.376068830,Entregado,True
4372,3738,1,2026-08-23 01:30:44.938005210,Entregado,True
4373,3739,1,2025-12-20 03:00:31.465288375,Entregado,True
4374,3740,1,2025-10-12 12:45:11.849462348,Entregado,True
4375,3741,1,2025-06-07 23:17:00.212002339,Acceso restringido,False
4376,3741,2,2025-06-08 12:42:24.424004674,Entregado,True
4377,3742,1,2026-08-24 23:49:19.209094935,Entregado,True
4378,3743,1,2025-05-30 19:20:47.955118398,Entregado,True
4379,3744,1,2025-03-13 17:20:03.963932124,Entregado,True
4380,3745,1,2026-01-08 16:21:55.739056262,Entregado,True
4381,3746,1,2026-08-12 11:56:03.908909500,Entregado,True
4382,3747,1,2026-06-03 11:26:08.241622594,Entregado,True
4383,3748,1,2025-08-24 21:36:32.926764182,Entregado,True
4384,3749,1,2026-04-14 04:25:58.664279193,Entregado,True
4385,3750,1,2026-07-15 12:05:48.225252260,Entregado,True
4386,3751,1,2025-10-15 03:52:49.067397228,Cliente ausente,False
4387,3751,2,2025-10-15 22:54:38.134794456,Domicilio incorrecto,False
4388,3751,3,2025-10-16 17:56:27.202191684,Entregado,True
4389,3752,1,2025-10-23 20:56:36.366494823,Entregado,True
4390,3753,1,2026-04-28 09:05:09.029552308,Cliente ausente,False
4391,3753,2,2026-04-30 09:01:54.059104621,Entregado,True
4392,3754,1,2025-05-16 07:24:17.791262251,Entregado,True
4393,3755,1,2025-01-11 22:47:02.233937965,Entregado,True
4394,3756,1,2025-02-01 00:08:35.370529472,Entregado,True
4395,3757,1,2026-06-04 21:46:48.000000000,Entregado,True
4396,3758,1,2025-11-07 05:31:09.388962282,Entregado,True
4397,3759,1,2026-06-26 20:08:08.551134333,Entregado,True
4398,3760,1,2026-05-10 23:44:55.278146612,Entregado,True
4399,3761,1,2025-02-06 13:26:18.442849945,Entregado,True
4400,3762,1,2025-01-09 14:30:35.056401955,Entregado,True
4401,3763,1,2025-02-11 00:37:11.840952543,Entregado,True
4402,3764,1,2025-11-27 00:18:03.517516476,Entregado,True
4403,3765,1,2025-03-05 07:51:20.501220556,Cliente ausente,False
4404,3765,2,2025-03-07 05:42:41.002441110,Entregado,True
4405,3766,1,2025-03-30 01:51:28.442922094,Entregado,True
4406,3767,1,2025-04-27 08:16:47.408866989,Entregado,True
4407,3768,1,2026-08-01 13:05:20.403414470,Entregado,True
4408,3769,1,2025-10-27 04:37:16.384500782,Entregado,True
4409,3770,1,2026-01-16 23:29:11.675388624,Entregado,True
4410,3771,1,2025-11-20 20:10:02.091501652,Entregado,True
4411,3772,1,2026-02-01 15:59:02.341046846,Entregado,True
4412,3773,1,2025-12-25 09:03:17.827164842,Cliente ausente,False
4413,3773,2,2025-12-26 18:35:59.654329684,Cliente ausente,False
4414,3773,3,2025-12-28 04:08:41.481494527,Entregado,True
4415,3774,1,2026-07-18 23:23:58.377767010,Entregado,True
4416,3775,1,2026-02-26 03:29:05.434518314,Entregado,True
4417,3776,1,2026-04-24 22:16:45.923026184,Entregado,True
4418,3777,1,2025-12-05 07:35:54.930609528,Entregado,True
4419,3778,1,2026-08-17 14:55:27.421345646,Entregado,True
4420,3779,1,2025-01-22 21:29:30.808123008,Entregado,True
4421,3780,1,2026-02-18 05:54:08.946830602,Entregado,True
4422,3781,1,2026-07-06 12:44:59.648249673,Entregado,True
4423,3782,1,2025-09-19 04:41:37.625810215,Entregado,True
4424,3783,1,2026-08-29 16:55:33.260511615,Entregado,True
4425,3784,1,2025-12-28 14:21:36.582059926,Entregado,True
4426,3785,1,2025-07-23 13:19:13.447043184,Entregado,True
4427,3786,1,2025-10-17 02:33:11.426981817,Entregado,True
4428,3787,1,2025-02-18 13:57:28.367989074,Entregado,True
4429,3788,1,2026-07-13 06:24:20.700687373,Entregado,True
4430,3789,1,2026-01-08 07:51:14.768030037,Entregado,True
4431,3790,1,2025-08-22 12:05:00.901374223,Entregado,True
4432,3791,1,2025-04-08 22:11:41.711061173,Entregado,True
4433,3792,1,2025-10-31 14:56:49.975144098,Entregado,True
4434,3793,1,2025-08-09 05:43:25.849385324,Entregado,True
4435,3794,1,2026-07-07 19:38:19.637612502,Entregado,True
4436,3795,1,2026-01-24 00:06:52.316922484,Entregado,True
4437,3796,1,2025-04-02 06:22:24.856980711,Reprogramado,False
4438,3796,2,2025-04-03 06:39:25.713961426,Entregado,True
4439,3797,1,2026-03-11 16:57:43.815349839,Entregado,True
4440,3798,1,2026-06-07 18:07:08.331664936,Entregado,True
4441,3799,1,2026-05-02 13:52:33.312275414,Entregado,True
4442,3800,1,2026-01-05 03:18:39.432270268,Entregado,True
4443,3801,1,2026-02-13 22:00:11.397785374,Entregado,True
4444,3802,1,2026-06-04 21:53:05.537523051,Entregado,True
4445,3803,1,2025-11-29 02:59:00.222654332,Entregado,True
4446,3804,1,2025-08-26 22:49:53.547091068,Entregado,True
4447,3805,1,2025-07-04 08:58:55.073113183,Entregado,True
4448,3806,1,2025-10-16 19:46:17.093848760,Entregado,True
4449,3807,1,2025-06-10 15:50:06.637283307,Entregado,True
4450,3808,1,2025-01-14 02:40:16.596493262,Entregado,True
4451,3809,1,2026-07-11 10:25:34.509039880,Entregado,True
4452,3810,1,2025-07-28 03:43:16.537005480,Entregado,True
4453,3811,1,2025-11-01 16:11:38.833652068,Entregado,True
4454,3812,1,2025-02-15 23:38:44.125815127,Entregado,True
4455,3813,1,2026-08-22 00:23:59.521043299,Entregado,True
4456,3814,1,2026-05-23 09:42:16.889609192,Entregado,True
4457,3815,1,2025-07-13 08:39:59.763009988,Entregado,True
4458,3816,1,2026-04-11 22:32:24.097428758,Entregado,True
4459,3817,1,2026-03-09 18:11:44.637142146,Entregado,True
4460,3818,1,2025-03-05 05:59:29.352683806,Reprogramado,False
4461,3818,2,2025-03-07 03:33:10.705367617,Entregado,True
4462,3819,1,2025-11-02 04:40:07.073479837,Entregado,True
4463,3820,1,2025-06-23 04:15:08.243755480,Entregado,True
4464,3821,1,2026-05-23 01:34:24.345659038,Entregado,True
4465,3822,1,2025-03-08 03:58:17.019467353,Entregado,True
4466,3823,1,2025-01-19 05:13:25.243028652,Entregado,True
4467,3824,1,2025-04-12 12:30:19.124643427,Reprogramado,False
4468,3824,2,2025-04-13 13:46:14.249286858,Entregado,True
4469,3825,1,2025-06-25 12:44:46.552071130,Entregado,True
4470,3826,1,2025-07-13 05:39:38.128795970,Reprogramado,False
4471,3826,2,2025-07-14 05:52:52.257591940,Entregado,True
4472,3827,1,2026-04-13 11:58:52.322074629,Entregado,True
4473,3828,1,2025-06-27 03:52:05.685733239,Entregado,True
4474,3829,1,2025-08-25 15:50:19.987851320,Entregado,True
4475,3830,1,2025-08-06 12:35:59.704662138,Entregado,True
4476,3831,1,2026-05-08 08:44:04.135090113,Entregado,True
4477,3832,1,2026-02-23 22:57:16.685492680,Entregado,True
4478,3833,1,2026-06-18 01:49:32.530611860,Cliente ausente,False
4479,3833,2,2026-06-18 19:22:17.061223720,Domicilio incorrecto,False
4480,3833,3,2026-06-19 12:55:01.591835581,Entregado,True
4481,3834,1,2026-03-28 15:33:25.238217247,Entregado,True
4482,3835,1,2025-10-10 15:03:05.452561036,Entregado,True
4483,3836,1,2025-05-29 08:09:34.103833887,Entregado,True
4484,3837,1,2025-03-12 06:22:10.416846745,Entregado,True
4485,3838,1,2025-04-15 11:12:03.216388204,Entregado,True
4486,3839,1,2025-11-09 06:23:48.220706169,Entregado,True
4487,3840,1,2025-04-29 00:26:24.238232559,Entregado,True
4488,3841,1,2026-04-21 07:17:15.536786330,Entregado,True
4489,3842,1,2025-11-21 12:37:58.945649907,Entregado,True
4490,3843,1,2026-03-12 16:21:33.943951209,Cliente ausente,False
4491,3843,2,2026-03-14 02:45:31.887902422,Entregado,True
4492,3844,1,2026-01-09 13:39:14.642681277,Entregado,True
4493,3845,1,2025-07-08 00:08:29.392479218,Reprogramado,False
4494,3845,2,2025-07-09 14:06:10.784958433,Entregado,True
4495,3846,1,2026-08-12 12:04:41.455267942,Entregado,True
4496,3847,1,2026-04-18 20:47:27.070776340,Entregado,True
4497,3848,1,2026-04-20 15:25:32.246293648,Entregado,True
4498,3849,1,2026-04-01 04:47:43.339918092,Cliente ausente,False
4499,3849,2,2026-04-02 14:52:14.679836180,Entregado,True
4500,3850,1,2026-03-24 05:58:20.405415010,Reprogramado,False
4501,3850,2,2026-03-25 21:24:16.810830021,Entregado,True
4502,3851,1,2025-04-06 17:36:46.577238429,Entregado,True
4503,3852,1,2025-02-10 16:31:23.903307739,Entregado,True
4504,3853,1,2026-04-29 07:37:26.671127577,Entregado,True
4505,3854,1,2025-04-22 17:22:18.808787431,Entregado,True
4506,3855,1,2026-02-14 19:41:37.910103619,Entregado,True
4507,3856,1,2025-06-20 05:12:00.375840003,Entregado,True
4508,3857,1,2026-07-22 18:05:47.588866998,Entregado,True
4509,3858,1,2026-02-04 18:16:50.995629155,Entregado,True
4510,3859,1,2025-05-09 14:57:34.880667919,Entregado,True
4511,3860,1,2025-02-14 08:23:27.070147284,Entregado,True
4512,3861,1,2025-02-10 12:04:48.000000000,Cliente ausente,False
4513,3861,2,2025-02-10 14:04:48.000000000,Cliente ausente,False
4514,3861,3,2025-02-10 16:04:48.000000000,Entregado,True
4515,3862,1,2026-07-19 16:21:30.236422355,Entregado,True
4516,3863,1,2026-02-06 08:34:05.204550838,Entregado,True
4517,3864,1,2025-07-02 20:28:03.426628216,Entregado,True
4518,3865,1,2025-07-03 11:33:13.719154399,Entregado,True
4519,3866,1,2026-04-11 19:25:41.206876870,Entregado,True
4520,3867,1,2025-02-23 05:16:29.342857400,Entregado,True
4521,3868,1,2026-02-14 04:34:09.486878876,Entregado,True
4522,3869,1,2026-02-06 14:29:25.535388375,Entregado,True
4523,3870,1,2025-05-29 12:44:57.278450043,Entregado,True
4524,3871,1,2025-10-27 04:56:06.506553526,Entregado,True
4525,3872,1,2025-01-19 02:36:27.213855962,Entregado,True
4526,3873,1,2025-03-29 19:04:29.599310244,Entregado,True
4527,3874,1,2025-08-07 04:41:54.831947442,Cliente ausente,False
4528,3874,2,2025-08-09 23:34:01.663894887,Entregado,True
4529,3875,1,2026-05-01 21:28:20.453559520,Entregado,True
4530,3876,1,2025-02-23 12:43:33.249479113,Entregado,True
4531,3877,1,2026-07-03 11:03:56.349754459,Entregado,True
4532,3878,1,2025-04-19 12:57:21.484997370,Domicilio incorrecto,False
4533,3878,2,2025-04-21 03:00:06.969994740,Entregado,True
4534,3879,1,2025-08-09 05:41:40.456035790,Entregado,True
4535,3880,1,2026-01-08 23:38:48.878345547,Entregado,True
4536,3881,1,2025-09-16 04:19:20.572518543,Entregado,True
4537,3882,1,2026-02-09 21:30:54.504265280,Cliente ausente,False
4538,3882,2,2026-02-10 05:12:01.008530560,Entregado,True
4539,3883,1,2026-08-07 04:53:14.212979007,Entregado,True
4540,3884,1,2025-01-31 00:42:51.560775788,Entregado,True
4541,3885,1,2025-07-08 03:05:11.047088702,Entregado,True
4542,3886,1,2025-12-27 21:47:28.066043431,Entregado,True
4543,3887,1,2026-04-20 06:32:13.237093503,Entregado,True
4544,3888,1,2026-07-22 22:40:44.203987732,Entregado,True
4545,3889,1,2025-05-16 05:59:07.471104993,Entregado,True
4546,3890,1,2026-05-18 09:28:35.396642406,Cliente ausente,False
4547,3890,2,2026-05-19 07:49:22.793284815,Entregado,True
4548,3891,1,2026-05-18 21:50:58.830092894,Entregado,True
4549,3892,1,2025-03-22 10:49:01.563062070,Entregado,True
4550,3893,1,2025-12-16 15:14:24.000000000,Entregado,True
4551,3894,1,2025-03-05 11:47:33.898246825,Entregado,True
4552,3895,1,2026-04-01 13:51:25.910608626,Acceso restringido,False
4553,3895,2,2026-04-02 22:32:03.821217252,Entregado,True
4554,3896,1,2025-11-11 02:37:06.255112530,Entregado,True
4555,3897,1,2025-04-03 09:45:35.386680243,Entregado,True
4556,3898,1,2025-10-25 11:19:12.000000000,Entregado,True
4557,3899,1,2025-11-24 10:40:24.428008545,Entregado,True
4558,3900,1,2025-10-08 03:53:08.916770461,Cliente ausente,False
4559,3900,2,2025-10-08 22:49:17.833540922,Entregado,True
4560,3901,1,2025-05-01 08:26:16.178518096,Entregado,True
4561,3902,1,2026-07-24 06:32:55.424257627,Entregado,True
4562,3903,1,2025-09-30 09:31:30.677219842,Entregado,True
4563,3904,1,2026-06-05 00:18:49.070012306,Entregado,True
4564,3905,1,2026-01-24 17:52:36.126723338,Domicilio incorrecto,False
4565,3905,2,2026-01-26 02:09:48.253446676,Entregado,True
4566,3906,1,2025-10-15 18:47:46.856827500,Entregado,True
4567,3907,1,2025-02-23 07:01:50.813416095,Entregado,True
4568,3908,1,2025-08-31 01:50:55.922535412,Entregado,True
4569,3909,1,2025-08-05 01:18:22.635693514,Entregado,True
4570,3910,1,2025-12-29 14:29:33.641228093,Entregado,True
4571,3911,1,2026-01-01 09:46:16.290181419,Entregado,True
4572,3912,1,2025-11-28 03:14:20.235547705,Entregado,True
4573,3913,1,2026-04-22 18:54:44.538079608,Entregado,True
4574,3914,1,2025-04-07 21:19:14.684599354,Cliente ausente,False
4575,3914,2,2025-04-08 12:48:41.369198713,Entregado,True
4576,3915,1,2025-11-24 09:18:00.000000000,Entregado,True
4577,3916,1,2025-03-17 19:59:57.725634498,Entregado,True
4578,3917,1,2025-06-24 03:45:55.853182976,Entregado,True
4579,3918,1,2025-12-02 14:02:02.917834324,Entregado,True
4580,3919,1,2025-06-07 19:53:04.814701947,Entregado,True
4581,3920,1,2026-02-25 20:22:01.033038606,Entregado,True
4582,3921,1,2026-04-05 11:38:44.469441020,Entregado,True
4583,3922,1,2025-04-11 11:27:03.037188960,Domicilio incorrecto,False
4584,3922,2,2025-04-13 14:10:54.074377920,Entregado,True
4585,3923,1,2025-09-03 01:26:23.419499179,Entregado,True
4586,3924,1,2026-04-24 15:41:00.919052912,Entregado,True
4587,3925,1,2026-03-19 11:19:47.020129183,Entregado,True
4588,3926,1,2025-07-17 06:28:04.828685070,Entregado,True
4589,3927,1,2026-01-12 04:18:21.572969065,Entregado,True
4590,3928,1,2025-06-08 16:52:48.351134578,Entregado,True
4591,3929,1,2026-05-16 21:34:34.045834947,Cliente ausente,False
4592,3929,2,2026-05-18 16:18:44.091669891,Entregado,True
4593,3930,1,2026-06-19 13:47:32.498448316,Domicilio incorrecto,False
4594,3930,2,2026-06-20 20:56:40.996896633,Entregado,True
4595,3931,1,2026-04-06 17:12:08.004635521,Entregado,True
4596,3932,1,2025-04-25 20:12:22.609116993,Entregado,True
4597,3933,1,2025-01-26 22:10:58.686312817,Entregado,True
4598,3934,1,2025-10-13 15:46:50.734145463,Entregado,True
4599,3935,1,2025-10-22 01:07:12.946940565,Entregado,True
4600,3936,1,2026-02-09 02:26:15.819924735,Entregado,True
4601,3937,1,2026-07-24 14:22:34.915133125,Entregado,True
4602,3938,1,2025-09-25 00:00:14.830247653,Entregado,True
4603,3939,1,2025-02-24 08:08:03.325845595,Cliente ausente,False
4604,3939,2,2025-02-25 12:20:54.651691186,Entregado,True
4605,3940,1,2026-03-01 10:41:23.892852307,Entregado,True
4606,3941,1,2025-09-02 09:59:31.530708740,Entregado,True
4607,3942,1,2025-12-22 11:06:14.904812131,Entregado,True
4608,3943,1,2026-01-25 13:20:00.279287898,Entregado,True
4609,3944,1,2025-07-01 11:10:26.733962186,Entregado,True
4610,3945,1,2026-04-21 16:54:36.389351962,Entregado,True
4611,3946,1,2026-02-09 20:23:13.977421962,Entregado,True
4612,3947,1,2025-02-06 15:51:48.168178419,Entregado,True
4613,3948,1,2025-12-26 04:52:59.865073280,Entregado,True
4614,3949,1,2026-07-13 08:16:00.837844896,Domicilio incorrecto,False
4615,3949,2,2026-07-14 00:15:49.675689792,Entregado,True
4616,3950,1,2026-09-02 17:43:28.213312522,Entregado,True
4617,3951,1,2025-11-25 01:22:56.225687397,Entregado,True
4618,3952,1,2025-02-14 11:00:02.612249848,Entregado,True
4619,3953,1,2026-04-20 00:52:30.221013669,Entregado,True
4620,3954,1,2025-09-27 12:15:54.593513647,Acceso restringido,False
4621,3954,2,2025-09-28 10:32:25.187027290,Cliente ausente,False
4622,3954,3,2025-09-29 08:48:55.780540938,Entregado,True
4623,3955,1,2026-06-12 14:37:12.189404841,Entregado,True
4624,3956,1,2025-01-27 21:44:16.789452666,Entregado,True
4625,3957,1,2026-07-06 11:47:24.000000000,Entregado,True
4626,3958,1,2025-06-08 05:09:24.888838395,Entregado,True
4627,3959,1,2025-07-05 06:09:36.000000000,Entregado,True
4628,3960,1,2025-06-26 22:47:48.393629815,Entregado,True
4629,3961,1,2026-01-30 20:02:38.572299171,Cliente ausente,False
4630,3961,2,2026-02-01 09:05:53.144598346,Entregado,True
4631,3962,1,2025-07-06 20:40:33.138861571,Entregado,True
4632,3963,1,2025-10-11 19:09:17.235085010,Entregado,True
4633,3964,1,2026-08-10 12:24:55.957254580,Entregado,True
4634,3965,1,2025-10-23 00:14:20.687801280,Cliente ausente,False
4635,3965,2,2025-10-23 20:00:29.375602556,Entregado,True
4636,3966,1,2026-06-12 11:40:12.000000000,Entregado,True
4637,3967,1,2025-07-09 20:03:02.327632782,Reprogramado,False
4638,3967,2,2025-07-12 03:48:40.655265565,Entregado,True
4639,3968,1,2025-07-05 10:39:36.000000000,Entregado,True
4640,3969,1,2026-07-02 16:39:41.878889802,Entregado,True
4641,3970,1,2026-08-02 21:54:34.895544588,Entregado,True
4642,3971,1,2025-11-07 13:32:33.437039150,Entregado,True
4643,3972,1,2025-07-12 21:13:48.608873511,Entregado,True
4644,3973,1,2026-02-17 22:26:29.151325064,Entregado,True
4645,3974,1,2026-06-24 12:16:07.206671438,Entregado,True
4646,3975,1,2026-01-24 23:03:55.194210018,Reprogramado,False
4647,3975,2,2026-01-27 11:24:38.388420036,Entregado,True
4648,3976,1,2025-07-14 12:03:57.000572420,Entregado,True
4649,3977,1,2025-06-17 06:32:46.866475417,Entregado,True
4650,3978,1,2025-02-23 12:20:10.314073615,Cliente ausente,False
4651,3978,2,2025-02-24 17:01:20.628147234,Domicilio incorrecto,False
4652,3978,3,2025-02-25 21:42:30.942220849,Entregado,True
4653,3979,1,2026-04-22 01:25:40.951910600,Entregado,True
4654,3980,1,2025-07-16 01:17:41.688354368,Reprogramado,False
4655,3980,2,2025-07-16 17:25:47.376708736,Entregado,True
4656,3981,1,2025-07-31 13:09:12.214914523,Entregado,True
4657,3982,1,2026-01-26 22:28:47.957765502,Entregado,True
4658,3983,1,2025-11-05 05:47:23.359160158,Entregado,True
4659,3984,1,2026-04-06 12:17:14.458638901,Entregado,True
4660,3985,1,2025-11-30 22:52:39.445621420,Entregado,True
4661,3986,1,2026-05-13 02:19:48.658427976,Entregado,True
4662,3987,1,2025-11-30 07:47:19.606391131,Entregado,True
4663,3988,1,2025-02-01 16:40:11.446957916,Entregado,True
4664,3989,1,2025-05-03 22:02:46.517438914,Entregado,True
4665,3990,1,2026-04-04 14:54:36.966392301,Entregado,True
4666,3991,1,2026-02-24 01:23:58.679691183,Reprogramado,False
4667,3991,2,2026-02-24 22:57:33.359382363,Entregado,True
4668,3992,1,2025-06-10 06:33:05.650872926,Entregado,True
4669,3993,1,2026-08-23 19:06:40.356829681,Entregado,True
4670,3994,1,2026-06-04 07:08:57.605244036,Entregado,True
4671,3995,1,2025-01-04 05:40:31.035868100,Entregado,True
4672,3996,1,2025-10-31 21:43:31.587794198,Entregado,True
4673,3997,1,2025-03-21 00:24:58.174401855,Entregado,True
4674,3998,1,2025-11-15 01:16:46.127713980,Entregado,True
4675,3999,1,2025-11-26 17:29:17.371960256,Entregado,True
4676,4000,1,2026-04-01 18:42:25.951469331,Entregado,True
4677,4001,1,2026-07-22 19:29:11.942174363,Entregado,True
4678,4002,1,2026-05-03 12:16:17.642430444,Entregado,True
4679,4003,1,2025-04-19 16:14:16.675481173,Entregado,True
4680,4004,1,2026-07-24 12:24:50.301968094,Entregado,True
4681,4005,1,2025-09-04 23:45:23.646875238,Entregado,True
4682,4006,1,2025-06-15 19:55:30.504139957,Entregado,True
4683,4007,1,2026-06-11 15:25:48.000000000,Entregado,True
4684,4008,1,2025-01-03 08:40:07.777716697,Entregado,True
4685,4009,1,2025-05-20 09:11:08.564419557,Entregado,True
4686,4010,1,2025-06-05 04:18:17.590606351,Entregado,True
4687,4011,1,2025-07-03 03:06:45.815435758,Entregado,True
4688,4012,1,2026-05-06 02:39:21.499439835,Entregado,True
4689,4013,1,2025-01-19 04:18:02.235540088,Entregado,True
4690,4014,1,2025-08-16 09:35:04.145110497,Entregado,True
4691,4015,1,2025-03-12 10:27:27.822190687,Entregado,True
4692,4016,1,2025-12-01 09:53:04.227044139,Entregado,True
4693,4017,1,2026-01-09 15:44:18.185837877,Cliente ausente,False
4694,4017,2,2026-01-11 02:29:48.371675751,Entregado,True
4695,4018,1,2025-07-30 09:49:42.562982488,Entregado,True
4696,4019,1,2025-08-20 21:22:05.174213401,Reprogramado,False
4697,4019,2,2025-08-23 18:48:22.348426802,Entregado,True
4698,4020,1,2026-08-06 11:59:46.712332402,Reprogramado,False
4699,4020,2,2026-08-08 17:12:45.424664805,Entregado,True
4700,4021,1,2025-05-23 03:04:07.082597809,Entregado,True
4701,4022,1,2025-11-29 03:31:42.300224936,Entregado,True
4702,4023,1,2025-09-30 12:17:40.292969146,Entregado,True
4703,4024,1,2025-11-24 01:36:02.249873010,Entregado,True
4704,4025,1,2026-06-14 08:15:09.101788999,Entregado,True
4705,4026,1,2026-07-03 19:01:43.462832375,Entregado,True
4706,4027,1,2025-03-11 01:14:48.125754484,Domicilio incorrecto,False
4707,4027,2,2025-03-11 16:26:00.251508973,Entregado,True
4708,4028,1,2025-08-03 22:31:39.362739459,Entregado,True
4709,4029,1,2026-07-14 12:02:33.819119239,Entregado,True
4710,4030,1,2026-01-19 11:24:43.586393155,Entregado,True
4711,4031,1,2026-02-28 00:33:50.887855623,Entregado,True
4712,4032,1,2026-08-24 02:17:46.598254666,Entregado,True
4713,4033,1,2025-02-19 10:56:43.728574477,Entregado,True
4714,4034,1,2025-08-20 19:29:11.178259285,Acceso restringido,False
4715,4034,2,2025-08-22 05:27:10.356518570,Entregado,True
4716,4035,1,2026-08-02 21:07:45.052071236,Entregado,True
4717,4036,1,2026-04-24 21:06:02.891341126,Entregado,True
4718,4037,1,2025-04-02 14:24:30.769216063,Entregado,True
4719,4038,1,2025-02-24 10:09:00.727630002,Entregado,True
4720,4039,1,2026-03-02 05:46:46.683405645,Entregado,True
4721,4040,1,2025-05-11 21:52:21.919724749,Entregado,True
4722,4041,1,2026-08-24 18:00:22.917874258,Entregado,True
4723,4042,1,2026-01-10 10:54:33.330685798,Cliente ausente,False
4724,4042,2,2026-01-11 06:01:06.661371597,Cliente ausente,False
4725,4042,3,2026-01-12 01:07:39.992057392,Entregado,True
4726,4043,1,2026-07-07 13:47:44.839117960,Entregado,True
4727,4044,1,2026-06-16 02:09:07.289351614,Domicilio incorrecto,False
4728,4044,2,2026-06-17 15:11:02.578703233,Entregado,True
4729,4045,1,2025-04-16 16:44:25.325582600,Entregado,True
4730,4046,1,2026-01-24 20:15:00.159255367,Entregado,True
4731,4047,1,2025-12-04 13:08:13.258652150,Entregado,True
4732,4048,1,2025-04-30 01:21:01.255303612,Entregado,True
4733,4049,1,2025-01-04 19:53:34.069825543,Entregado,True
4734,4050,1,2026-06-25 18:47:26.712778574,Entregado,True
4735,4051,1,2026-03-15 11:31:13.217203239,Entregado,True
4736,4052,1,2026-05-12 14:45:07.926914862,Entregado,True
4737,4053,1,2025-01-16 00:49:13.970901187,Entregado,True
4738,4054,1,2025-10-23 16:20:11.355349336,Entregado,True
4739,4055,1,2026-05-25 06:37:36.284991697,Entregado,True
4740,4056,1,2026-07-21 16:22:16.781251562,Entregado,True
4741,4057,1,2025-05-09 12:57:42.452309988,Entregado,True
4742,4058,1,2025-03-21 07:29:03.058583283,Entregado,True
4743,4059,1,2025-09-27 22:51:29.858995670,Entregado,True
4744,4060,1,2025-05-27 16:15:07.806741465,Cliente ausente,False
4745,4060,2,2025-05-28 20:24:51.613482934,Entregado,True
4746,4061,1,2026-02-09 14:58:06.125099174,Entregado,True
4747,4062,1,2026-05-18 03:23:21.877987545,Entregado,True
4748,4063,1,2026-07-15 13:17:33.023790265,Entregado,True
4749,4064,1,2025-07-21 02:46:34.921637047,Entregado,True
4750,4065,1,2026-05-20 10:12:52.965787762,Entregado,True
4751,4066,1,2026-08-28 19:21:38.585555812,Entregado,True
4752,4067,1,2026-02-10 05:30:57.207057872,Entregado,True
4753,4068,1,2025-07-29 17:29:41.226168555,Cliente ausente,False
4754,4068,2,2025-07-30 11:40:10.452337114,Entregado,True
4755,4069,1,2025-12-11 21:23:26.383177442,Entregado,True
4756,4070,1,2025-02-19 18:08:22.870033245,Reprogramado,False
4757,4070,2,2025-02-21 17:45:33.740066491,Entregado,True
4758,4071,1,2026-06-26 16:10:54.545916662,Entregado,True
4759,4072,1,2026-05-27 22:41:28.783662705,Reprogramado,False
4760,4072,2,2026-05-29 09:36:45.567325411,Entregado,True
4761,4073,1,2025-01-22 17:57:13.659060888,Entregado,True
4762,4074,1,2026-05-11 05:09:02.015793158,Reprogramado,False
4763,4074,2,2026-05-12 01:54:40.031586316,Cliente ausente,False
4764,4074,3,2026-05-12 22:40:18.047379475,Entregado,True
4765,4075,1,2025-12-23 23:10:12.654694412,Entregado,True
4766,4076,1,2026-07-16 21:44:15.474975774,Entregado,True
4767,4077,1,2025-12-12 21:50:28.136118188,Entregado,True
4768,4078,1,2025-03-05 01:29:33.477865202,Entregado,True
4769,4079,1,2025-08-21 06:34:40.460744492,Entregado,True
4770,4080,1,2025-05-30 01:42:17.450514000,Entregado,True
4771,4081,1,2025-10-26 07:14:24.729300063,Entregado,True
4772,4082,1,2025-12-01 17:14:50.653585168,Domicilio incorrecto,False
4773,4082,2,2025-12-03 23:10:29.307170334,Entregado,True
4774,4083,1,2025-11-29 13:10:02.834757976,Entregado,True
4775,4084,1,2026-03-10 15:43:49.237996497,Entregado,True
4776,4085,1,2026-02-07 16:20:42.122927371,Entregado,True
4777,4086,1,2025-12-03 09:31:12.214408432,Entregado,True
4778,4087,1,2025-07-29 08:03:04.232200752,Entregado,True
4779,4088,1,2026-08-12 18:33:52.851128878,Entregado,True
4780,4089,1,2026-08-25 15:07:58.661318578,Entregado,True
4781,4090,1,2025-09-29 18:48:27.105053497,Entregado,True
4782,4091,1,2025-06-30 22:55:57.645311178,Reprogramado,False
4783,4091,2,2025-07-02 05:59:07.290622352,Reprogramado,False
4784,4091,3,2025-07-03 13:02:16.935933530,Entregado,True
4785,4092,1,2026-02-20 23:42:26.675962070,Entregado,True
4786,4093,1,2025-12-14 00:44:53.041153261,Cliente ausente,False
4787,4093,2,2025-12-15 19:20:46.082306522,Entregado,True
4788,4094,1,2026-06-05 00:27:21.243902659,Entregado,True
4789,4095,1,2026-03-17 21:12:27.795714425,Entregado,True
4790,4096,1,2025-01-15 17:50:28.803358071,Entregado,True
4791,4097,1,2026-02-10 21:09:56.690678437,Entregado,True
4792,4098,1,2026-01-16 02:42:23.501905660,Acceso restringido,False
4793,4098,2,2026-01-16 23:51:47.003811318,Entregado,True
4794,4099,1,2025-07-03 01:56:01.278266125,Entregado,True
4795,4100,1,2025-10-13 09:30:27.865832342,Entregado,True
4796,4101,1,2026-02-23 08:12:32.329049306,Entregado,True
4797,4102,1,2025-12-24 03:30:52.232970776,Entregado,True
4798,4103,1,2025-01-17 18:19:25.533501895,Entregado,True
4799,4104,1,2025-11-15 02:39:55.075700880,Entregado,True
4800,4105,1,2026-06-18 17:56:44.636875130,Cliente ausente,False
4801,4105,2,2026-06-20 06:31:53.273750260,Entregado,True
4802,4106,1,2025-01-18 07:46:31.706423954,Entregado,True
4803,4107,1,2026-04-12 04:39:10.421519392,Entregado,True
4804,4108,1,2026-07-01 02:57:12.675276266,Entregado,True
4805,4109,1,2025-03-11 21:16:16.489429939,Entregado,True
4806,4110,1,2026-02-16 11:39:49.573735225,Entregado,True
4807,4111,1,2025-02-22 04:01:24.577477734,Entregado,True
4808,4112,1,2025-03-08 10:04:36.654023406,Entregado,True
4809,4113,1,2026-04-16 23:58:19.048929319,Entregado,True
4810,4114,1,2025-10-02 08:31:59.437449955,Entregado,True
4811,4115,1,2026-03-16 19:55:55.284770449,Entregado,True
4812,4116,1,2025-10-04 13:53:58.754906516,Entregado,True
4813,4117,1,2026-04-05 01:02:19.569020960,Cliente ausente,False
4814,4117,2,2026-04-05 19:08:15.138041924,Reprogramado,False
4815,4117,3,2026-04-06 13:14:10.707062884,Entregado,True
4816,4118,1,2025-06-24 00:06:03.901995288,Entregado,True
4817,4119,1,2026-07-24 17:16:29.907976137,Cliente ausente,False
4818,4119,2,2026-07-27 02:32:23.815952271,Entregado,True
4819,4120,1,2026-06-05 21:04:52.449621643,Domicilio incorrecto,False
4820,4120,2,2026-06-06 10:38:32.899243286,Domicilio incorrecto,False
4821,4120,3,2026-06-07 00:12:13.348864929,Entregado,True
4822,4121,1,2026-05-14 22:40:25.749590826,Domicilio incorrecto,False
4823,4121,2,2026-05-16 22:19:03.499181648,Entregado,True
4824,4122,1,2026-06-21 08:04:55.974711342,Entregado,True
4825,4123,1,2025-03-14 20:41:10.549778686,Entregado,True
4826,4124,1,2025-06-22 18:07:05.559052774,Reprogramado,False
4827,4124,2,2025-06-24 05:48:59.118105546,Entregado,True
4828,4125,1,2026-08-28 02:48:17.132372913,Reprogramado,False
4829,4125,2,2026-08-29 08:20:22.264745827,Entregado,True
4830,4126,1,2025-10-23 17:05:24.371353374,Entregado,True
4831,4127,1,2025-09-13 20:03:09.769632253,Entregado,True
4832,4128,1,2026-02-16 01:24:04.609547146,Entregado,True
4833,4129,1,2026-01-03 14:54:37.400615038,Entregado,True
4834,4130,1,2025-09-17 14:41:39.789929202,Entregado,True
4835,4131,1,2026-06-12 22:16:17.678212384,Entregado,True
4836,4132,1,2026-03-20 04:59:42.485842662,Entregado,True
4837,4133,1,2025-12-01 21:33:36.446669071,Entregado,True
4838,4134,1,2026-03-14 15:15:02.007899506,Entregado,True
4839,4135,1,2026-04-09 21:14:21.180246471,Entregado,True
4840,4136,1,2025-04-10 05:45:26.241039723,Entregado,True
4841,4137,1,2026-02-15 09:47:38.073247508,Reprogramado,False
4842,4137,2,2026-02-17 08:05:16.146495020,Entregado,True
4843,4138,1,2025-06-19 01:15:03.155292817,Entregado,True
4844,4139,1,2025-03-31 08:03:47.339909010,Entregado,True
4845,4140,1,2025-01-04 21:46:10.383862108,Entregado,True
4846,4141,1,2026-01-11 02:21:23.665016505,Entregado,True
4847,4142,1,2026-06-13 00:15:44.399999682,Entregado,True
4848,4143,1,2025-01-23 09:55:48.000000000,Entregado,True
4849,4144,1,2025-04-11 20:50:36.794549007,Entregado,True
4850,4145,1,2026-06-09 09:42:43.953397862,Entregado,True
4851,4146,1,2025-11-17 20:29:41.395011244,Entregado,True
4852,4147,1,2026-06-20 06:11:37.463753130,Entregado,True
4853,4148,1,2026-01-05 08:10:31.882719518,Entregado,True
4854,4149,1,2025-08-04 21:26:43.527627247,Entregado,True
4855,4150,1,2025-08-02 08:45:15.606912006,Entregado,True
4856,4151,1,2025-05-15 14:43:02.724127384,Entregado,True
4857,4152,1,2025-02-24 16:53:56.342421290,Reprogramado,False
4858,4152,2,2025-02-26 09:45:28.684842580,Entregado,True
4859,4153,1,2025-01-23 14:38:09.596355100,Cliente ausente,False
4860,4153,2,2025-01-24 01:12:07.192710205,Entregado,True
4861,4154,1,2025-04-19 08:34:30.299938734,Entregado,True
4862,4155,1,2026-08-27 05:33:51.708751239,Cliente ausente,False
4863,4155,2,2026-08-28 06:44:19.417502479,Entregado,True
4864,4156,1,2026-04-07 11:29:23.111367968,Entregado,True
4865,4157,1,2025-05-03 02:33:01.269250693,Entregado,True
4866,4158,1,2025-07-27 20:31:22.012689050,Entregado,True
4867,4159,1,2025-11-16 18:49:00.526763071,Entregado,True
4868,4160,1,2025-12-06 12:37:01.899776013,Entregado,True
4869,4161,1,2025-06-07 09:44:51.800257744,Entregado,True
4870,4162,1,2025-06-05 17:11:43.070181255,Entregado,True
4871,4163,1,2026-02-02 19:53:34.153374584,Entregado,True
4872,4164,1,2026-05-21 11:00:22.095535212,Entregado,True
4873,4165,1,2025-11-12 01:55:31.644488863,Entregado,True
4874,4166,1,2025-09-20 03:16:13.041240566,Entregado,True
4875,4167,1,2025-06-11 05:15:44.062690705,Entregado,True
4876,4168,1,2025-01-17 11:02:52.360083718,Entregado,True
4877,4169,1,2025-03-20 23:23:18.506368550,Entregado,True
4878,4170,1,2025-12-06 05:48:07.196506988,Cliente ausente,False
4879,4170,2,2025-12-07 05:23:38.393013980,Entregado,True
4880,4171,1,2026-02-15 15:50:19.839321967,Entregado,True
4881,4172,1,2026-02-02 10:19:43.077958870,Entregado,True
4882,4173,1,2025-08-12 01:28:06.499957674,Entregado,True
4883,4174,1,2026-03-10 05:03:45.174577813,Entregado,True
4884,4175,1,2026-04-04 20:54:52.188762981,Entregado,True
4885,4176,1,2025-05-25 09:41:47.950573657,Entregado,True
4886,4177,1,2026-06-17 21:57:19.846067637,Entregado,True
4887,4178,1,2025-04-08 02:06:11.208866270,Entregado,True
4888,4179,1,2025-08-22 03:08:56.890871199,Entregado,True
4889,4180,1,2026-02-23 06:12:12.957055261,Entregado,True
4890,4181,1,2026-04-02 23:46:47.560235426,Domicilio incorrecto,False
4891,4181,2,2026-04-04 14:21:35.120470849,Entregado,True
4892,4182,1,2025-01-28 22:03:06.180662818,Entregado,True
4893,4183,1,2026-02-10 22:56:51.632532762,Entregado,True
4894,4184,1,2026-06-27 22:49:20.244476769,Entregado,True
4895,4185,1,2025-06-15 17:33:14.410706162,Reprogramado,False
4896,4185,2,2025-06-17 06:19:04.821412321,Entregado,True
4897,4186,1,2026-01-11 00:36:46.764207068,Entregado,True
4898,4187,1,2025-03-13 03:46:27.662669093,Entregado,True
4899,4188,1,2026-06-08 04:23:08.059068888,Entregado,True
4900,4189,1,2025-12-23 06:53:56.826001860,Entregado,True
4901,4190,1,2025-04-12 07:09:08.122014212,Cliente ausente,False
4902,4190,2,2025-04-13 07:29:04.244028424,Cliente ausente,False
4903,4190,3,2025-04-14 07:49:00.366042637,Entregado,True
4904,4191,1,2025-01-02 23:29:46.977805582,Entregado,True
4905,4192,1,2025-12-21 06:58:05.754251668,Entregado,True
4906,4193,1,2025-01-09 09:34:15.662863455,Entregado,True
4907,4194,1,2025-11-16 12:53:53.233236463,Entregado,True
4908,4195,1,2026-05-26 01:46:42.591986896,Domicilio incorrecto,False
4909,4195,2,2026-05-27 16:44:13.183973790,Entregado,True
4910,4196,1,2025-07-06 06:41:53.906257428,Cliente ausente,False
4911,4196,2,2025-07-07 05:24:23.812514856,Entregado,True
4912,4197,1,2026-04-11 11:42:39.180549999,Entregado,True
4913,4198,1,2025-12-11 11:02:24.301929426,Entregado,True
4914,4199,1,2025-01-09 20:10:46.615421024,Entregado,True
4915,4200,1,2026-07-31 16:58:39.689725400,Entregado,True
4916,4201,1,2025-05-18 23:27:08.735595415,Entregado,True
4917,4202,1,2026-01-19 10:46:32.528471134,Entregado,True
4918,4203,1,2025-07-07 14:37:46.068685892,Entregado,True
4919,4204,1,2026-01-09 20:36:12.520326200,Entregado,True
4920,4205,1,2026-07-19 03:03:22.131681811,Entregado,True
4921,4206,1,2025-06-19 14:24:58.648326033,Entregado,True
4922,4207,1,2025-11-22 10:43:44.346912333,Entregado,True
4923,4208,1,2025-06-08 20:43:21.627525003,Entregado,True
4924,4209,1,2025-10-16 03:05:18.250908309,Entregado,True
4925,4210,1,2025-02-01 04:15:17.704005670,Entregado,True
4926,4211,1,2025-12-19 05:47:16.874077462,Entregado,True
4927,4212,1,2026-01-08 01:52:11.824381812,Entregado,True
4928,4213,1,2026-06-26 23:46:56.649267609,Entregado,True
4929,4214,1,2026-02-04 00:36:35.240793285,Entregado,True
4930,4215,1,2026-04-26 21:24:23.807365992,Entregado,True
4931,4216,1,2025-08-01 22:14:07.362870489,Cliente ausente,False
4932,4216,2,2025-08-02 05:17:26.725740975,Entregado,True
4933,4217,1,2025-12-28 15:43:36.036730837,Entregado,True
4934,4218,1,2025-08-04 00:28:58.541366614,Entregado,True
4935,4219,1,2025-11-03 23:39:58.808427670,Entregado,True
4936,4220,1,2025-06-05 16:56:55.273728785,Entregado,True
4937,4221,1,2025-07-23 12:01:47.154214642,Entregado,True
4938,4222,1,2025-08-28 10:32:56.578839079,Entregado,True
4939,4223,1,2025-06-19 08:43:21.917256103,Entregado,True
4940,4224,1,2025-09-11 16:34:17.484920346,Entregado,True
4941,4225,1,2026-04-23 08:13:32.433627848,Domicilio incorrecto,False
4942,4225,2,2026-04-25 02:52:52.867255694,Entregado,True
4943,4226,1,2026-05-16 17:57:46.915836037,Entregado,True
4944,4227,1,2026-06-22 06:51:42.348460953,Entregado,True
4945,4228,1,2026-02-20 02:10:47.257924767,Entregado,True
4946,4229,1,2026-03-07 04:08:26.024898775,Entregado,True
4947,4230,1,2026-03-20 21:40:21.745395685,Entregado,True
4948,4231,1,2025-08-03 07:16:12.562555357,Entregado,True
4949,4232,1,2026-07-04 16:41:03.532685474,Entregado,True
4950,4233,1,2026-05-11 07:19:36.888989685,Entregado,True
4951,4234,1,2026-04-20 06:24:32.675188186,Entregado,True
4952,4235,1,2026-07-23 11:30:38.489269428,Acceso restringido,False
4953,4235,2,2026-07-24 13:58:52.978538859,Entregado,True
4954,4236,1,2026-04-10 04:43:19.506238172,Reprogramado,False
4955,4236,2,2026-04-11 13:01:27.012476341,Entregado,True
4956,4237,1,2026-07-05 08:41:36.991935690,Entregado,True
4957,4238,1,2026-04-23 09:18:34.284480454,Entregado,True
4958,4239,1,2025-07-20 00:14:58.472328638,Entregado,True
4959,4240,1,2026-06-08 12:58:57.970232126,Entregado,True
4960,4241,1,2026-05-18 16:49:58.168509279,Entregado,True
4961,4242,1,2026-05-27 08:41:36.748007656,Entregado,True
4962,4243,1,2025-11-23 13:50:13.247788311,Entregado,True
4963,4244,1,2026-04-13 12:59:42.675873939,Cliente ausente,False
4964,4244,2,2026-04-14 19:01:49.351747882,Entregado,True
4965,4245,1,2026-08-21 12:01:31.521556340,Domicilio incorrecto,False
4966,4245,2,2026-08-22 08:17:27.043112680,Entregado,True
4967,4246,1,2025-05-21 09:21:25.507279400,Entregado,True
4968,4247,1,2025-09-04 00:52:41.078744277,Entregado,True
4969,4248,1,2025-11-14 19:27:39.239917876,Entregado,True
4970,4249,1,2025-05-18 15:44:28.088292735,Entregado,True
4971,4250,1,2025-07-10 07:25:46.511835744,Entregado,True
4972,4251,1,2026-08-03 09:43:27.621766875,Entregado,True
4973,4252,1,2025-03-11 02:10:12.550338210,Entregado,True
4974,4253,1,2026-03-16 05:46:08.080157154,Entregado,True
4975,4254,1,2025-03-22 10:26:34.281399644,Entregado,True
4976,4255,1,2026-02-07 08:02:32.298975862,Entregado,True
4977,4256,1,2026-01-12 11:21:16.684960579,Entregado,True
4978,4257,1,2025-01-16 01:09:55.586980130,Entregado,True
4979,4258,1,2026-05-07 05:16:25.046571748,Entregado,True
4980,4259,1,2026-02-22 08:17:43.807481595,Entregado,True
4981,4260,1,2025-07-27 00:17:46.105186556,Cliente ausente,False
4982,4260,2,2025-07-27 13:37:56.210373116,Cliente ausente,False
4983,4260,3,2025-07-28 02:58:06.315559672,Entregado,True
4984,4261,1,2025-12-09 04:32:26.335416926,Cliente ausente,False
4985,4261,2,2025-12-10 11:34:52.670833852,Entregado,True
4986,4262,1,2025-11-10 04:29:58.627285357,Entregado,True
4987,4263,1,2025-11-06 16:33:53.650340737,Entregado,True
4988,4264,1,2025-10-21 23:50:17.432895543,Reprogramado,False
4989,4264,2,2025-10-23 14:06:22.865791088,Entregado,True
4990,4265,1,2026-01-12 18:51:14.439034098,Entregado,True
4991,4266,1,2026-06-13 04:52:18.207083380,Entregado,True
4992,4267,1,2025-12-08 04:49:14.664574300,Reprogramado,False
4993,4267,2,2025-12-10 05:12:41.329148601,Entregado,True
4994,4268,1,2025-03-27 05:03:38.173266457,Entregado,True
4995,4269,1,2026-08-03 11:48:40.020843106,Entregado,True
4996,4270,1,2026-04-01 20:44:50.772138406,Entregado,True
4997,4271,1,2025-01-05 21:00:32.408814949,Entregado,True
4998,4272,1,2025-08-25 18:31:03.483250574,Cliente ausente,False
4999,4272,2,2025-08-26 22:44:42.966501150,Entregado,True
5000,4273,1,2026-01-28 06:40:54.376784151,Entregado,True
5001,4274,1,2026-02-01 13:30:26.115375272,Entregado,True
5002,4275,1,2026-08-09 18:22:42.259654149,Entregado,True
5003,4276,1,2025-06-01 00:15:40.020821200,Entregado,True
5004,4277,1,2026-08-30 02:26:58.442692513,Reprogramado,False
5005,4277,2,2026-08-31 12:01:44.885385022,Entregado,True
5006,4278,1,2025-10-13 09:20:15.067474292,Entregado,True
5007,4279,1,2025-11-18 07:22:54.808002962,Entregado,True
5008,4280,1,2025-12-06 07:04:27.804370472,Entregado,True
5009,4281,1,2025-02-05 10:11:42.597323091,Entregado,True
5010,4282,1,2026-09-01 22:53:13.154938630,Entregado,True
5011,4283,1,2025-07-29 19:19:04.000227765,Entregado,True
5012,4284,1,2025-08-19 09:47:16.948763509,Domicilio incorrecto,False
5013,4284,2,2025-08-21 04:15:21.897527014,Entregado,True
5014,4285,1,2026-08-08 16:08:45.103345771,Entregado,True
5015,4286,1,2025-12-12 11:09:02.617559888,Entregado,True
5016,4287,1,2026-04-08 07:23:28.930898547,Entregado,True
5017,4288,1,2025-05-18 04:52:35.746861404,Entregado,True
5018,4289,1,2025-10-14 11:32:47.269083123,Entregado,True
5019,4290,1,2025-12-18 14:07:51.237977836,Entregado,True
5020,4291,1,2025-01-17 14:44:34.638998107,Cliente ausente,False
5021,4291,2,2025-01-17 20:24:57.277996210,Entregado,True
5022,4292,1,2026-02-06 04:26:33.372346120,Entregado,True
5023,4293,1,2026-02-22 15:02:54.542112644,Entregado,True
5024,4294,1,2025-04-06 21:49:35.955990210,Entregado,True
5025,4295,1,2025-03-28 17:46:07.179555608,Cliente ausente,False
5026,4295,2,2025-03-29 00:17:50.359111220,Domicilio incorrecto,False
5027,4295,3,2025-03-29 06:49:33.538666828,Entregado,True
5028,4296,1,2025-07-10 20:15:43.956616906,Entregado,True
5029,4297,1,2026-02-26 12:56:51.023036583,Cliente ausente,False
5030,4297,2,2026-02-27 21:55:30.046073163,Entregado,True
5031,4298,1,2025-03-13 03:39:19.310241168,Entregado,True
5032,4299,1,2025-09-08 05:05:59.413193757,Entregado,True
5033,4300,1,2025-07-29 08:49:43.160759205,Entregado,True
5034,4301,1,2025-07-27 00:20:03.697202148,Entregado,True
5035,4302,1,2025-11-18 23:52:42.442576287,Entregado,True
5036,4303,1,2025-03-27 12:17:47.123548947,Entregado,True
5037,4304,1,2026-03-02 04:37:17.274038389,Cliente ausente,False
5038,4304,2,2026-03-03 20:57:10.548076776,Entregado,True
5039,4305,1,2025-03-25 17:19:39.653855522,Entregado,True
5040,4306,1,2026-07-06 22:57:34.867728068,Entregado,True
5041,4307,1,2026-05-04 13:55:03.922295242,Entregado,True
5042,4308,1,2025-05-15 21:02:00.035971699,Entregado,True
5043,4309,1,2025-04-28 08:57:40.337141922,Entregado,True
5044,4310,1,2026-01-15 17:53:08.960817836,Entregado,True
5045,4311,1,2025-08-04 10:12:53.465162871,Entregado,True
5046,4312,1,2025-05-14 14:56:40.057488895,Entregado,True
5047,4313,1,2026-01-12 22:59:50.741913696,Entregado,True
5048,4314,1,2025-06-05 20:56:08.750085039,Entregado,True
5049,4315,1,2026-03-02 10:42:50.158474563,Entregado,True
5050,4316,1,2026-01-04 01:17:05.911758096,Entregado,True
5051,4317,1,2025-05-29 09:46:30.477508780,Cliente ausente,False
5052,4317,2,2025-05-30 19:57:00.955017561,Entregado,True
5053,4318,1,2025-05-10 03:57:54.170868765,Entregado,True
5054,4319,1,2025-04-30 03:42:44.552866352,Entregado,True
5055,4320,1,2026-07-29 15:21:33.719631141,Entregado,True
5056,4321,1,2026-03-30 02:51:40.737196090,Entregado,True
5057,4322,1,2026-05-19 16:24:43.122673422,Entregado,True
5058,4323,1,2025-05-29 06:49:49.912651922,Entregado,True
5059,4324,1,2025-02-22 04:52:56.243760290,Entregado,True
5060,4325,1,2025-04-18 21:11:08.274072771,Entregado,True
5061,4326,1,2025-04-05 06:25:21.620011663,Entregado,True
5062,4327,1,2025-01-14 20:31:31.247967111,Entregado,True
5063,4328,1,2026-03-27 02:57:05.125895956,Entregado,True
5064,4329,1,2026-02-01 18:48:24.428508724,Entregado,True
5065,4330,1,2026-05-24 00:58:15.470516755,Entregado,True
5066,4331,1,2026-01-16 06:50:35.848150292,Entregado,True
5067,4332,1,2025-12-29 15:32:30.989887972,Entregado,True
5068,4333,1,2026-07-05 12:39:34.206933355,Entregado,True
5069,4334,1,2026-07-28 19:13:16.197728689,Reprogramado,False
5070,4334,2,2026-07-30 07:01:56.395457378,Entregado,True
5071,4335,1,2026-07-16 18:04:40.236130923,Entregado,True
5072,4336,1,2026-02-02 16:48:35.572259440,Entregado,True
5073,4337,1,2025-07-06 17:11:45.215386946,Cliente ausente,False
5074,4337,2,2025-07-07 23:48:42.430773894,Entregado,True
5075,4338,1,2026-06-06 00:41:54.649380674,Entregado,True
5076,4339,1,2025-11-01 03:43:20.842880520,Entregado,True
5077,4340,1,2026-05-25 08:54:30.239296988,Cliente ausente,False
5078,4340,2,2026-05-26 13:41:12.478593976,Entregado,True
5079,4341,1,2025-07-26 02:51:09.981157114,Entregado,True
5080,4342,1,2026-09-02 22:09:23.873719982,Entregado,True
5081,4343,1,2025-02-05 01:08:32.994702409,Entregado,True
5082,4344,1,2025-03-24 22:39:58.620425662,Acceso restringido,False
5083,4344,2,2025-03-26 04:04:57.240851322,Entregado,True
5084,4345,1,2026-04-29 04:46:57.486606884,Entregado,True
5085,4346,1,2025-06-02 12:21:08.328583893,Entregado,True
5086,4347,1,2026-09-04 00:08:34.074751578,Entregado,True
5087,4348,1,2026-05-11 14:25:27.342647904,Reprogramado,False
5088,4348,2,2026-05-12 21:30:30.685295804,Acceso restringido,False
5089,4348,3,2026-05-14 04:35:34.027943708,Entregado,True
5090,4349,1,2025-06-22 12:45:31.438935475,Domicilio incorrecto,False
5091,4349,2,2025-06-24 06:48:26.877870946,Entregado,True
5092,4350,1,2025-01-11 03:31:27.349883277,Entregado,True
5093,4351,1,2026-01-19 01:49:00.024152005,Entregado,True
5094,4352,1,2026-03-13 18:24:08.725245678,Entregado,True
5095,4353,1,2025-02-05 20:57:38.270260436,Entregado,True
5096,4354,1,2026-07-20 07:16:33.101699224,Entregado,True
5097,4355,1,2025-05-21 09:31:23.633477976,Entregado,True
5098,4356,1,2026-01-04 17:47:59.220881235,Entregado,True
5099,4357,1,2025-04-17 15:11:28.116773109,Entregado,True
5100,4358,1,2025-02-03 07:23:48.457145511,Entregado,True
5101,4359,1,2025-06-19 05:16:20.566545668,Entregado,True
5102,4360,1,2025-03-20 13:41:38.485063769,Cliente ausente,False
5103,4360,2,2025-03-21 15:49:40.970127539,Entregado,True
5104,4361,1,2026-07-02 12:12:03.328182547,Entregado,True
5105,4362,1,2025-07-30 11:02:39.849790257,Cliente ausente,False
5106,4362,2,2025-07-31 18:56:55.699580518,Entregado,True
5107,4363,1,2026-02-16 20:55:00.337596247,Cliente ausente,False
5108,4363,2,2026-02-18 00:22:24.675192494,Cliente ausente,False
5109,4363,3,2026-02-19 03:49:49.012788745,Entregado,True
5110,4364,1,2025-01-10 12:40:01.461464551,Entregado,True
5111,4365,1,2025-08-18 04:02:56.526263041,Entregado,True
5112,4366,1,2025-06-28 19:04:31.117590573,Entregado,True
5113,4367,1,2025-02-27 02:12:19.477006830,Entregado,True
5114,4368,1,2025-05-18 23:24:57.265299396,Entregado,True
5115,4369,1,2025-08-30 09:00:12.721091180,Entregado,True
5116,4370,1,2026-04-19 08:55:28.600045923,Entregado,True
5117,4371,1,2025-08-09 16:16:44.914333393,Entregado,True
5118,4372,1,2025-01-29 01:39:52.722142239,Entregado,True
5119,4373,1,2025-07-06 14:45:00.000000000,Entregado,True
5120,4374,1,2025-04-29 18:56:12.387307952,Entregado,True
5121,4375,1,2025-06-15 02:42:48.421811152,Entregado,True
5122,4376,1,2026-02-22 15:03:45.470418670,Entregado,True
5123,4377,1,2025-06-30 05:40:43.358533312,Entregado,True
5124,4378,1,2025-10-09 23:53:32.701603146,Entregado,True
5125,4379,1,2025-08-02 15:38:22.795610478,Cliente ausente,False
5126,4379,2,2025-08-04 17:25:09.591220952,Entregado,True
5127,4380,1,2025-02-25 04:41:28.008805246,Entregado,True
5128,4381,1,2025-03-10 18:59:40.235210512,Entregado,True
5129,4382,1,2026-06-06 09:36:57.081788737,Entregado,True
5130,4383,1,2026-05-15 21:58:15.895015784,Entregado,True
5131,4384,1,2026-03-11 08:39:53.582637538,Entregado,True
5132,4385,1,2026-08-18 21:19:49.576649660,Entregado,True
5133,4386,1,2025-02-05 12:42:26.548855664,Domicilio incorrecto,False
5134,4386,2,2025-02-06 16:28:29.097711325,Reprogramado,False
5135,4386,3,2025-02-07 20:14:31.646566989,Entregado,True
5136,4387,1,2025-07-11 21:59:27.545937360,Entregado,True
5137,4388,1,2025-04-02 08:52:40.071637678,Entregado,True
5138,4389,1,2025-12-03 18:18:29.942987184,Entregado,True
5139,4390,1,2025-05-17 14:32:18.808915732,Entregado,True
5140,4391,1,2026-07-03 19:17:41.992765152,Entregado,True
5141,4392,1,2025-04-25 12:32:11.860683939,Cliente ausente,False
5142,4392,2,2025-04-26 06:15:47.721367879,Domicilio incorrecto,False
5143,4392,3,2025-04-26 23:59:23.582051818,Entregado,True
5144,4393,1,2025-06-25 06:52:18.276684740,Entregado,True
5145,4394,1,2025-12-07 05:11:23.219284945,Entregado,True
5146,4395,1,2026-06-12 18:36:21.259033063,Entregado,True
5147,4396,1,2025-06-26 10:31:12.588308792,Entregado,True
5148,4397,1,2025-12-02 19:46:30.434041894,Entregado,True
5149,4398,1,2025-07-27 14:10:41.404529046,Entregado,True
5150,4399,1,2025-12-11 01:42:06.440871704,Entregado,True
5151,4400,1,2025-04-17 01:18:36.939291685,Entregado,True
5152,4401,1,2025-02-10 18:01:27.724451426,Entregado,True
5153,4402,1,2025-01-26 09:48:24.053182884,Entregado,True
5154,4403,1,2025-09-11 06:53:34.220534045,Entregado,True
5155,4404,1,2025-07-23 17:34:51.348388170,Entregado,True
5156,4405,1,2025-06-06 11:53:38.133222554,Entregado,True
5157,4406,1,2026-07-22 20:50:38.882212764,Entregado,True
5158,4407,1,2025-04-19 10:24:26.197001172,Entregado,True
5159,4408,1,2025-09-20 15:55:00.182953722,Entregado,True
5160,4409,1,2025-07-22 20:20:17.555631331,Entregado,True
5161,4410,1,2025-08-06 17:39:34.776752698,Reprogramado,False
5162,4410,2,2025-08-07 18:17:57.553505393,Entregado,True
5163,4411,1,2026-02-15 21:01:35.621939179,Reprogramado,False
5164,4411,2,2026-02-16 12:49:23.243878362,Cliente ausente,False
5165,4411,3,2026-02-17 04:37:10.865817541,Entregado,True
5166,4412,1,2026-07-14 05:04:32.296364320,Entregado,True
5167,4413,1,2025-04-30 04:55:51.609291873,Entregado,True
5168,4414,1,2026-03-01 11:18:18.141336702,Entregado,True
5169,4415,1,2025-08-03 01:35:06.218479622,Entregado,True
5170,4416,1,2025-06-07 23:54:48.235743669,Entregado,True
5171,4417,1,2025-09-22 02:40:31.475645216,Entregado,True
5172,4418,1,2025-08-03 01:48:15.703377670,Entregado,True
5173,4419,1,2025-07-12 07:36:08.676054968,Domicilio incorrecto,False
5174,4419,2,2025-07-13 03:13:29.352109933,Entregado,True
5175,4420,1,2025-04-10 07:00:42.195667129,Entregado,True
5176,4421,1,2026-06-29 02:37:15.227195239,Entregado,True
5177,4422,1,2025-06-25 11:31:46.023525548,Entregado,True
5178,4423,1,2026-01-08 12:13:27.996346970,Entregado,True
5179,4424,1,2025-06-06 15:24:44.995310528,Cliente ausente,False
5180,4424,2,2025-06-08 22:24:53.990621056,Entregado,True
5181,4425,1,2025-05-21 04:01:48.000000000,Entregado,True
5182,4426,1,2025-09-14 09:22:03.525121412,Cliente ausente,False
5183,4426,2,2025-09-15 09:20:43.050242821,Cliente ausente,False
5184,4426,3,2025-09-16 09:19:22.575364233,Entregado,True
5185,4427,1,2026-02-24 17:15:24.313854344,Entregado,True
5186,4428,1,2025-11-27 16:01:00.196063924,Entregado,True
5187,4429,1,2026-01-17 11:47:47.474962951,Entregado,True
5188,4430,1,2026-06-28 11:15:38.594517526,Entregado,True
5189,4431,1,2025-05-22 13:52:49.406087463,Entregado,True
5190,4432,1,2026-08-22 17:15:19.098758383,Entregado,True
5191,4433,1,2025-09-08 23:12:16.634692296,Entregado,True
5192,4434,1,2025-11-07 08:42:19.193383382,Entregado,True
5193,4435,1,2025-08-10 17:36:43.432106590,Entregado,True
5194,4436,1,2026-08-09 23:33:40.230473292,Entregado,True
5195,4437,1,2025-10-24 20:29:49.379727642,Entregado,True
5196,4438,1,2026-02-16 05:15:38.317489484,Entregado,True
5197,4439,1,2025-07-19 19:08:33.027177933,Entregado,True
5198,4440,1,2025-03-25 04:23:42.859158259,Entregado,True
5199,4441,1,2026-01-21 17:28:12.000000000,Entregado,True
5200,4442,1,2025-05-18 10:37:48.367099905,Cliente ausente,False
5201,4442,2,2025-05-19 08:47:24.734199811,Entregado,True
5202,4443,1,2025-08-02 04:36:49.686707469,Domicilio incorrecto,False
5203,4443,2,2025-08-02 20:05:15.373414939,Entregado,True
5204,4444,1,2025-07-27 12:38:17.856449671,Entregado,True
5205,4445,1,2025-05-15 20:55:13.499696175,Entregado,True
5206,4446,1,2025-06-16 20:40:12.293788098,Reprogramado,False
5207,4446,2,2025-06-18 05:25:48.587576199,Entregado,True
5208,4447,1,2026-05-21 01:09:14.971083620,Entregado,True
5209,4448,1,2026-03-10 02:06:42.558533146,Entregado,True
5210,4449,1,2025-07-03 18:05:01.942068588,Entregado,True
5211,4450,1,2025-05-04 19:21:15.880464025,Entregado,True
5212,4451,1,2025-06-24 15:41:30.649799644,Entregado,True
5213,4452,1,2025-03-13 06:44:06.902108383,Entregado,True
5214,4453,1,2025-05-22 09:21:58.052062458,Entregado,True
5215,4454,1,2025-11-07 18:23:19.639648708,Entregado,True
5216,4455,1,2025-08-27 03:14:26.977929633,Entregado,True
5217,4456,1,2026-06-17 16:05:24.015417169,Entregado,True
5218,4457,1,2025-03-19 07:45:32.976975405,Cliente ausente,False
5219,4457,2,2025-03-21 00:14:17.953950814,Entregado,True
5220,4458,1,2025-06-04 07:56:20.960402298,Entregado,True
5221,4459,1,2025-11-14 03:56:08.704995381,Reprogramado,False
5222,4459,2,2025-11-15 14:22:53.409990759,Entregado,True
5223,4460,1,2025-02-10 05:58:41.672169055,Entregado,True
5224,4461,1,2025-05-07 11:51:24.637211402,Entregado,True
5225,4462,1,2025-08-30 13:55:22.695135646,Entregado,True
5226,4463,1,2025-08-10 09:50:19.016851974,Domicilio incorrecto,False
5227,4463,2,2025-08-12 08:15:26.033703948,Entregado,True
5228,4464,1,2025-01-09 15:41:11.922271897,Entregado,True
5229,4465,1,2025-08-06 14:28:23.744788845,Entregado,True
5230,4466,1,2026-08-12 03:20:59.424742924,Entregado,True
5231,4467,1,2025-10-24 02:02:05.126021797,Entregado,True
5232,4468,1,2026-06-24 11:42:17.741161645,Cliente ausente,False
5233,4468,2,2026-06-25 12:16:47.482323290,Acceso restringido,False
5234,4468,3,2026-06-26 12:51:17.223484935,Entregado,True
5235,4469,1,2026-05-02 13:05:16.726463836,Entregado,True
5236,4470,1,2025-02-13 21:30:39.567982939,Entregado,True
5237,4471,1,2025-11-06 15:17:49.587250862,Entregado,True
5238,4472,1,2025-04-07 19:00:25.381458874,Entregado,True
5239,4473,1,2026-08-09 23:43:51.156504796,Entregado,True
5240,4474,1,2025-09-30 03:41:14.416466269,Entregado,True
5241,4475,1,2025-08-04 15:57:06.698249996,Cliente ausente,False
5242,4475,2,2025-08-05 19:53:01.396499992,Entregado,True
5243,4476,1,2025-04-26 07:15:05.735403176,Entregado,True
5244,4477,1,2025-07-08 07:32:02.363230309,Entregado,True
5245,4478,1,2025-05-07 18:37:25.274763273,Entregado,True
5246,4479,1,2025-04-19 15:21:58.679013790,Entregado,True
5247,4480,1,2025-08-25 15:26:24.000000000,Entregado,True
5248,4481,1,2025-06-08 12:00:09.974838650,Entregado,True
5249,4482,1,2026-04-22 14:29:58.005765294,Entregado,True
5250,4483,1,2026-05-20 22:54:07.548389982,Reprogramado,False
5251,4483,2,2026-05-21 05:06:51.096779964,Entregado,True
5252,4484,1,2025-10-03 07:12:36.656226997,Entregado,True
5253,4485,1,2025-04-28 02:35:10.946464353,Entregado,True
5254,4486,1,2026-07-31 02:33:37.064235909,Entregado,True
5255,4487,1,2026-06-24 06:26:16.329257811,Entregado,True
5256,4488,1,2025-03-02 02:53:08.482585952,Entregado,True
5257,4489,1,2026-02-07 06:01:59.157593126,Entregado,True
5258,4490,1,2025-08-25 08:37:51.010228455,Entregado,True
5259,4491,1,2026-04-21 21:42:36.000000000,Entregado,True
5260,4492,1,2025-09-03 19:46:57.336614662,Cliente ausente,False
5261,4492,2,2025-09-05 07:29:06.673229325,Entregado,True
5262,4493,1,2026-08-17 16:14:41.219072271,Entregado,True
5263,4494,1,2026-07-25 03:15:07.480256572,Entregado,True
5264,4495,1,2025-08-03 20:32:21.595578885,Entregado,True
5265,4496,1,2026-09-02 02:00:45.026259235,Entregado,True
5266,4497,1,2026-04-06 15:19:09.321432960,Entregado,True
5267,4498,1,2025-05-09 18:07:36.409626789,Entregado,True
5268,4499,1,2025-08-09 11:37:16.491670759,Entregado,True
5269,4500,1,2025-01-21 02:28:12.000000000,Entregado,True
5270,4501,1,2026-07-24 13:54:50.852531970,Entregado,True
5271,4502,1,2025-03-05 05:59:53.108849220,Entregado,True
5272,4503,1,2025-05-10 09:39:50.078529547,Cliente ausente,False
5273,4503,2,2025-05-11 14:07:40.157059098,Entregado,True
5274,4504,1,2026-07-12 12:35:22.992462978,Reprogramado,False
5275,4504,2,2026-07-13 15:05:57.984925956,Entregado,True
5276,4505,1,2026-05-09 05:13:55.600004445,Domicilio incorrecto,False
5277,4505,2,2026-05-11 02:57:15.200008894,Entregado,True
5278,4506,1,2026-05-21 00:00:50.235816193,Entregado,True
5279,4507,1,2025-09-05 05:24:53.085946924,Entregado,True
5280,4508,1,2025-07-18 17:38:26.358141321,Entregado,True
5281,4509,1,2025-04-17 23:55:56.429672095,Entregado,True
5282,4510,1,2025-06-12 20:04:21.152070904,Entregado,True
5283,4511,1,2026-03-01 15:10:00.396993000,Entregado,True
5284,4512,1,2025-07-29 14:15:07.394462971,Entregado,True
5285,4513,1,2025-11-11 20:36:09.472660275,Entregado,True
5286,4514,1,2026-03-09 18:36:55.552210794,Entregado,True
5287,4515,1,2025-08-25 02:09:31.636063569,Entregado,True
5288,4516,1,2025-11-25 22:50:50.244969012,Entregado,True
5289,4517,1,2026-04-26 05:48:44.973953258,Entregado,True
5290,4518,1,2025-04-13 04:07:12.924339798,Entregado,True
5291,4519,1,2025-08-27 10:13:02.091182865,Entregado,True
5292,4520,1,2025-04-21 05:08:22.799761162,Entregado,True
5293,4521,1,2026-01-01 06:00:25.186975005,Entregado,True
5294,4522,1,2026-05-11 22:32:44.487720258,Entregado,True
5295,4523,1,2025-02-15 05:08:51.163224766,Entregado,True
5296,4524,1,2026-08-01 15:37:57.780222164,Entregado,True
5297,4525,1,2025-03-14 20:01:03.961015381,Entregado,True
5298,4526,1,2025-11-03 14:12:39.915015044,Entregado,True
5299,4527,1,2025-01-06 18:04:01.862519710,Entregado,True
5300,4528,1,2026-08-14 15:49:22.026271458,Entregado,True
5301,4529,1,2025-12-16 11:49:45.377423396,Entregado,True
5302,4530,1,2026-02-06 08:48:09.821137402,Entregado,True
5303,4531,1,2026-08-19 10:25:43.795292034,Entregado,True
5304,4532,1,2026-03-11 11:32:33.304614388,Cliente ausente,False
5305,4532,2,2026-03-13 03:09:54.609228777,Entregado,True
5306,4533,1,2026-07-29 14:54:38.828605820,Entregado,True
5307,4534,1,2025-04-20 03:28:12.300516127,Entregado,True
5308,4535,1,2025-04-28 00:46:53.487390550,Entregado,True
5309,4536,1,2026-01-22 04:41:39.776178969,Entregado,True
5310,4537,1,2025-03-25 12:15:31.871589778,Reprogramado,False
5311,4537,2,2025-03-27 12:55:03.743179557,Entregado,True
5312,4538,1,2026-02-16 07:56:42.072360558,Entregado,True
5313,4539,1,2025-03-12 22:36:40.127938037,Entregado,True
5314,4540,1,2026-01-26 02:28:13.943789760,Entregado,True
5315,4541,1,2026-06-09 15:15:36.910554973,Entregado,True
5316,4542,1,2025-10-26 20:23:59.604019371,Entregado,True
5317,4543,1,2025-03-10 11:02:54.045724617,Entregado,True
5318,4544,1,2026-07-30 01:30:37.861313482,Entregado,True
5319,4545,1,2025-06-30 21:38:40.218331056,Entregado,True
5320,4546,1,2025-01-11 20:20:14.694391802,Entregado,True
5321,4547,1,2025-06-09 08:55:45.674665446,Domicilio incorrecto,False
5322,4547,2,2025-06-10 08:04:43.349330892,Reprogramado,False
5323,4547,3,2025-06-11 07:13:41.023996338,Entregado,True
5324,4548,1,2025-01-15 15:19:58.725287266,Entregado,True
5325,4549,1,2026-02-17 04:03:55.597887496,Entregado,True
5326,4550,1,2025-06-07 17:10:39.073619917,Entregado,True
5327,4551,1,2025-04-27 01:50:54.286553000,Reprogramado,False
5328,4551,2,2025-04-28 23:08:12.573106000,Entregado,True
5329,4552,1,2026-01-16 09:03:41.169080991,Entregado,True
5330,4553,1,2026-08-23 20:07:08.973979140,Cliente ausente,False
5331,4553,2,2026-08-25 07:50:53.947958280,Entregado,True
5332,4554,1,2025-12-18 00:44:48.062064152,Entregado,True
5333,4555,1,2025-04-10 02:29:37.994986438,Reprogramado,False
5334,4555,2,2025-04-11 08:37:39.989972877,Entregado,True
5335,4556,1,2025-01-21 02:43:32.995496053,Reprogramado,False
5336,4556,2,2025-01-22 20:48:05.990992110,Entregado,True
5337,4557,1,2025-11-11 05:25:39.822765913,Entregado,True
5338,4558,1,2026-06-15 18:34:17.319212979,Entregado,True
5339,4559,1,2026-07-12 13:48:46.035151722,Entregado,True
5340,4560,1,2026-03-23 17:40:36.894565617,Entregado,True
5341,4561,1,2025-08-19 19:26:58.031472490,Entregado,True
5342,4562,1,2025-12-28 17:03:02.925411876,Entregado,True
5343,4563,1,2026-01-18 12:58:48.000000000,Entregado,True
5344,4564,1,2026-05-30 21:38:43.211336647,Entregado,True
5345,4565,1,2025-02-15 13:47:41.814010053,Entregado,True
5346,4566,1,2026-01-01 20:17:17.811261459,Entregado,True
5347,4567,1,2025-04-23 02:31:35.035882517,Entregado,True
5348,4568,1,2025-08-12 20:54:39.136423107,Entregado,True
5349,4569,1,2026-01-22 20:27:09.922563903,Entregado,True
5350,4570,1,2025-09-23 20:58:24.966998313,Entregado,True
5351,4571,1,2025-09-30 01:44:31.287127747,Entregado,True
5352,4572,1,2025-08-01 20:08:35.498296388,Entregado,True
5353,4573,1,2026-05-13 08:59:03.967497063,Entregado,True
5354,4574,1,2025-11-13 03:32:25.511996799,Entregado,True
5355,4575,1,2026-01-25 11:22:50.796258492,Entregado,True
5356,4576,1,2025-09-06 03:32:50.269011313,Entregado,True
5357,4577,1,2026-07-22 10:21:21.243230474,Entregado,True
5358,4578,1,2025-12-20 09:54:41.745429093,Entregado,True
5359,4579,1,2025-10-25 00:53:14.541465865,Entregado,True
5360,4580,1,2025-08-03 05:34:20.126210894,Cliente ausente,False
5361,4580,2,2025-08-04 21:59:04.252421788,Entregado,True
5362,4581,1,2025-10-23 09:50:39.111613213,Entregado,True
5363,4582,1,2025-06-22 23:58:14.457182689,Entregado,True
5364,4583,1,2025-09-06 14:12:42.273300909,Entregado,True
5365,4584,1,2025-05-24 15:28:49.958615834,Entregado,True
5366,4585,1,2025-08-30 21:59:08.246137858,Entregado,True
5367,4586,1,2025-11-08 22:56:24.000000000,Entregado,True
5368,4587,1,2026-02-21 13:06:45.145866466,Cliente ausente,False
5369,4587,2,2026-02-22 18:51:54.291732929,Entregado,True
5370,4588,1,2026-02-04 11:51:15.894306561,Entregado,True
5371,4589,1,2025-01-24 22:28:16.637673475,Entregado,True
5372,4590,1,2025-03-22 14:26:29.146342135,Entregado,True
5373,4591,1,2026-04-22 02:32:34.091443255,Reprogramado,False
5374,4591,2,2026-04-23 05:22:32.182886510,Entregado,True
5375,4592,1,2026-01-08 10:49:22.435748741,Entregado,True
5376,4593,1,2025-01-23 08:25:42.941426818,Entregado,True
5377,4594,1,2026-05-25 00:13:41.252684448,Entregado,True
5378,4595,1,2025-06-11 14:11:35.109846762,Entregado,True
5379,4596,1,2025-12-28 01:38:32.427020828,Cliente ausente,False
5380,4596,2,2025-12-28 17:23:04.854041656,Entregado,True
5381,4597,1,2026-07-12 09:15:43.382520234,Entregado,True
5382,4598,1,2025-10-28 07:14:33.549565372,Entregado,True
5383,4599,1,2025-12-21 19:26:44.343575343,Entregado,True
5384,4600,1,2025-07-01 18:02:45.163852720,Entregado,True
5385,4601,1,2025-08-02 16:48:16.074254419,Entregado,True
5386,4602,1,2026-06-17 21:24:28.596896384,Entregado,True
5387,4603,1,2025-01-30 11:52:48.196861978,Entregado,True
5388,4604,1,2026-03-28 14:11:58.466171709,Entregado,True
5389,4605,1,2026-03-15 20:08:44.545645244,Entregado,True
5390,4606,1,2025-10-17 11:42:21.081074831,Entregado,True
5391,4607,1,2026-04-25 06:58:39.210720265,Entregado,True
5392,4608,1,2026-08-27 15:10:49.454131386,Entregado,True
5393,4609,1,2025-08-14 14:10:39.563305413,Entregado,True
5394,4610,1,2026-06-04 09:20:31.813826928,Entregado,True
5395,4611,1,2026-06-15 10:47:10.211717450,Entregado,True
5396,4612,1,2026-03-21 09:20:03.725752023,Entregado,True
5397,4613,1,2026-06-03 06:16:12.973611309,Cliente ausente,False
5398,4613,2,2026-06-05 04:09:37.947222615,Entregado,True
5399,4614,1,2025-08-22 05:29:38.093618011,Entregado,True
5400,4615,1,2025-04-30 06:02:17.321975138,Entregado,True
5401,4616,1,2026-06-03 23:36:26.702732660,Entregado,True
5402,4617,1,2025-07-06 01:08:46.895860579,Entregado,True
5403,4618,1,2025-10-24 20:54:44.172124149,Cliente ausente,False
5404,4618,2,2025-10-26 08:45:16.344248299,Entregado,True
5405,4619,1,2026-04-02 04:24:13.822095945,Entregado,True
5406,4620,1,2026-05-23 06:57:18.935019478,Entregado,True
5407,4621,1,2026-02-12 12:57:08.344733634,Entregado,True
5408,4622,1,2025-05-07 20:27:42.073442452,Cliente ausente,False
5409,4622,2,2025-05-08 11:44:00.146884901,Entregado,True
5410,4623,1,2025-05-24 00:38:18.330993538,Domicilio incorrecto,False
5411,4623,2,2025-05-25 19:21:24.661987081,Entregado,True
5412,4624,1,2025-05-10 20:26:46.683692991,Entregado,True
5413,4625,1,2025-12-18 17:19:28.577309404,Entregado,True
5414,4626,1,2026-06-10 10:21:57.417580371,Entregado,True
5415,4627,1,2026-04-11 00:49:47.984239732,Entregado,True
5416,4628,1,2026-07-19 06:17:29.392252486,Reprogramado,False
5417,4628,2,2026-07-20 07:03:10.784504973,Entregado,True
5418,4629,1,2025-07-07 11:04:54.441104818,Entregado,True
5419,4630,1,2025-01-02 22:55:12.242041737,Entregado,True
5420,4631,1,2025-08-28 17:22:18.394979138,Reprogramado,False
5421,4631,2,2025-08-29 22:13:24.789958276,Entregado,True
5422,4632,1,2025-02-25 00:41:47.754235698,Reprogramado,False
5423,4632,2,2025-02-25 19:12:47.508471396,Entregado,True
5424,4633,1,2026-05-12 13:24:48.717854496,Entregado,True
5425,4634,1,2026-02-25 19:41:28.480577532,Entregado,True
5426,4635,1,2026-03-25 05:26:13.361660221,Entregado,True
5427,4636,1,2025-12-07 03:06:43.582035394,Entregado,True
5428,4637,1,2025-10-04 11:00:10.057198165,Entregado,True
5429,4638,1,2025-01-12 10:38:18.206335708,Cliente ausente,False
5430,4638,2,2025-01-13 22:16:36.412671421,Entregado,True
5431,4639,1,2025-04-15 10:36:39.683946790,Entregado,True
5432,4640,1,2025-12-12 19:09:05.063640872,Entregado,True
5433,4641,1,2026-01-08 13:14:25.635961168,Entregado,True
5434,4642,1,2025-07-19 15:10:20.551299927,Entregado,True
5435,4643,1,2025-01-15 12:14:12.518014102,Reprogramado,False
5436,4643,2,2025-01-16 19:26:37.036028205,Reprogramado,False
5437,4643,3,2025-01-18 02:39:01.554042308,Entregado,True
5438,4644,1,2026-06-28 23:19:14.179105110,Entregado,True
5439,4645,1,2026-04-04 11:07:02.186619420,Entregado,True
5440,4646,1,2026-06-11 16:58:56.254872054,Cliente ausente,False
5441,4646,2,2026-06-13 00:45:16.509744108,Entregado,True
5442,4647,1,2026-03-14 14:10:08.098456630,Entregado,True
5443,4648,1,2026-01-05 03:20:38.495244620,Entregado,True
5444,4649,1,2026-02-08 03:09:20.630643120,Entregado,True
5445,4650,1,2026-07-30 13:32:22.227243788,Entregado,True
5446,4651,1,2026-04-28 22:33:05.458022294,Cliente ausente,False
5447,4651,2,2026-04-30 09:37:58.916044592,Entregado,True
5448,4652,1,2025-04-21 14:27:46.828192647,Entregado,True
5449,4653,1,2026-02-13 15:15:31.410462326,Entregado,True
5450,4654,1,2025-11-06 16:17:27.096085147,Reprogramado,False
5451,4654,2,2025-11-07 22:10:18.192170294,Entregado,True
5452,4655,1,2025-06-09 18:53:24.000000000,Entregado,True
5453,4656,1,2025-02-26 14:38:00.480428278,Entregado,True
5454,4657,1,2025-09-17 17:04:50.029170668,Entregado,True
5455,4658,1,2026-06-19 18:54:31.968233568,Entregado,True
5456,4659,1,2026-02-27 18:10:43.235052200,Entregado,True
5457,4660,1,2025-09-24 02:17:30.694746807,Entregado,True
5458,4661,1,2025-08-23 23:37:35.759965098,Entregado,True
5459,4662,1,2025-08-21 14:05:24.000000000,Entregado,True
5460,4663,1,2026-06-04 04:13:15.376405220,Entregado,True
5461,4664,1,2026-07-15 00:17:36.398030582,Entregado,True
5462,4665,1,2026-03-15 06:14:31.554975843,Entregado,True
5463,4666,1,2025-12-04 00:54:49.240798495,Entregado,True
5464,4667,1,2026-02-10 23:38:09.560286207,Entregado,True
5465,4668,1,2025-06-16 17:48:44.496361119,Entregado,True
5466,4669,1,2025-09-13 17:15:00.000000000,Entregado,True
5467,4670,1,2025-04-01 00:21:43.877096607,Entregado,True
5468,4671,1,2025-08-31 01:45:57.548297232,Entregado,True
5469,4672,1,2025-11-09 14:31:41.551520109,Entregado,True
5470,4673,1,2026-07-26 21:16:34.302740980,Entregado,True
5471,4674,1,2025-09-18 11:16:32.890534921,Entregado,True
5472,4675,1,2026-07-14 08:37:48.190587178,Entregado,True
5473,4676,1,2026-06-01 02:04:17.852859112,Entregado,True
5474,4677,1,2026-03-12 23:24:38.354818849,Entregado,True
5475,4678,1,2025-05-10 01:31:12.694117054,Entregado,True
5476,4679,1,2025-11-24 19:40:44.022527076,Entregado,True
5477,4680,1,2025-01-19 02:42:01.857599737,Entregado,True
5478,4681,1,2025-12-10 19:56:30.641971102,Entregado,True
5479,4682,1,2025-09-08 06:47:13.322079016,Entregado,True
5480,4683,1,2025-06-28 22:20:34.026800928,Entregado,True
5481,4684,1,2026-05-14 09:43:25.601713561,Entregado,True
5482,4685,1,2025-02-05 03:38:01.416094749,Entregado,True
5483,4686,1,2026-02-12 05:58:27.278570416,Entregado,True
5484,4687,1,2025-01-11 17:27:05.698357002,Domicilio incorrecto,False
5485,4687,2,2025-01-13 05:20:35.396714004,Entregado,True
5486,4688,1,2026-06-17 15:14:05.139195709,Entregado,True
5487,4689,1,2026-06-20 10:57:07.692150092,Domicilio incorrecto,False
5488,4689,2,2026-06-21 17:50:03.384300181,Entregado,True
5489,4690,1,2025-04-09 00:39:44.906808780,Entregado,True
5490,4691,1,2026-08-03 07:43:35.873534456,Entregado,True
5491,4692,1,2026-03-26 16:12:40.316914609,Entregado,True
5492,4693,1,2025-08-09 13:04:40.574434368,Cliente ausente,False
5493,4693,2,2025-08-10 18:56:09.148868739,Entregado,True
5494,4694,1,2025-04-07 12:01:44.047372270,Domicilio incorrecto,False
5495,4694,2,2025-04-08 11:23:16.094744541,Entregado,True
5496,4695,1,2026-01-20 06:45:35.589648762,Entregado,True
5497,4696,1,2025-07-27 03:50:10.860560149,Entregado,True
5498,4697,1,2025-09-04 11:23:10.097440454,Entregado,True
5499,4698,1,2026-05-27 20:32:06.842930856,Entregado,True
5500,4699,1,2025-03-26 20:49:37.734604438,Entregado,True
5501,4700,1,2025-11-14 00:25:08.321800566,Reprogramado,False
5502,4700,2,2025-11-14 19:44:52.643601132,Reprogramado,False
5503,4700,3,2025-11-15 15:04:36.965401698,Entregado,True
5504,4701,1,2025-04-19 17:28:41.368793718,Entregado,True
5505,4702,1,2026-01-06 05:41:49.049592885,Cliente ausente,False
5506,4702,2,2026-01-07 05:39:50.099185774,Cliente ausente,False
5507,4702,3,2026-01-08 05:37:51.148778660,Entregado,True
5508,4703,1,2026-08-04 22:59:32.343854874,Entregado,True
5509,4704,1,2025-06-29 22:36:15.321740706,Cliente ausente,False
5510,4704,2,2025-06-30 07:00:30.643481412,Entregado,True
5511,4705,1,2026-08-27 06:50:05.620911532,Entregado,True
5512,4706,1,2026-08-23 18:24:34.374203164,Entregado,True
5513,4707,1,2025-03-27 09:37:51.302555691,Entregado,True
5514,4708,1,2026-06-17 23:49:45.513090062,Entregado,True
5515,4709,1,2025-12-18 22:01:04.120664638,Entregado,True
5516,4710,1,2025-10-02 02:07:21.768591468,Entregado,True
5517,4711,1,2025-11-29 07:55:03.495897440,Acceso restringido,False
5518,4711,2,2025-12-01 04:47:42.991794877,Entregado,True
5519,4712,1,2026-01-27 01:16:00.287539773,Cliente ausente,False
5520,4712,2,2026-01-29 10:18:12.575079550,Entregado,True
5521,4713,1,2025-05-20 10:03:13.052531026,Entregado,True
5522,4714,1,2025-12-30 04:19:13.004072421,Entregado,True
5523,4715,1,2025-10-11 11:16:38.487500230,Entregado,True
5524,4716,1,2025-07-25 07:39:52.435944561,Entregado,True
5525,4717,1,2026-06-16 06:03:44.104180791,Entregado,True
5526,4718,1,2025-01-18 09:16:48.673563045,Entregado,True
5527,4719,1,2025-04-24 13:13:48.000000000,Entregado,True
5528,4720,1,2025-03-10 04:13:37.302607426,Entregado,True
5529,4721,1,2026-08-14 04:17:59.015965203,Reprogramado,False
5530,4721,2,2026-08-14 20:02:22.031930403,Entregado,True
5531,4722,1,2026-06-05 17:30:08.968188898,Entregado,True
5532,4723,1,2025-01-24 13:36:52.255736236,Entregado,True
5533,4724,1,2026-03-11 08:06:42.811079896,Entregado,True
5534,4725,1,2025-01-31 15:01:04.165185723,Reprogramado,False
5535,4725,2,2025-02-01 19:17:08.330371447,Entregado,True
5536,4726,1,2026-02-16 13:53:43.754891798,Entregado,True
5537,4727,1,2025-02-20 18:18:16.888267929,Entregado,True
5538,4728,1,2025-11-25 01:20:40.255629961,Entregado,True
5539,4729,1,2025-05-07 07:09:05.598017067,Entregado,True
5540,4730,1,2026-04-02 15:34:13.507223937,Entregado,True
5541,4731,1,2025-09-24 15:40:24.031036070,Entregado,True
5542,4732,1,2025-01-30 03:08:17.902050107,Entregado,True
5543,4733,1,2025-09-16 21:03:07.308228456,Domicilio incorrecto,False
5544,4733,2,2025-09-17 10:58:26.616456912,Cliente ausente,False
5545,4733,3,2025-09-18 00:53:45.924685371,Entregado,True
5546,4734,1,2025-03-21 13:36:03.167834122,Entregado,True
5547,4735,1,2025-04-26 02:03:50.150567815,Entregado,True
5548,4736,1,2025-03-06 23:07:21.068946534,Entregado,True
5549,4737,1,2025-02-23 05:43:17.535565664,Entregado,True
5550,4738,1,2025-04-27 07:14:29.260228934,Entregado,True
5551,4739,1,2025-02-19 08:32:48.884378071,Entregado,True
5552,4740,1,2026-03-16 23:02:56.693938596,Entregado,True
5553,4741,1,2026-02-17 15:14:18.917913282,Entregado,True
5554,4742,1,2025-04-12 08:03:30.514748587,Cliente ausente,False
5555,4742,2,2025-04-13 11:07:37.029497178,Entregado,True
5556,4743,1,2025-10-06 22:47:19.497794989,Cliente ausente,False
5557,4743,2,2025-10-07 13:15:26.995589982,Cliente ausente,False
5558,4743,3,2025-10-08 03:43:34.493384971,Entregado,True
5559,4744,1,2025-04-18 01:48:38.726133465,Cliente ausente,False
5560,4744,2,2025-04-18 22:43:53.452266927,Entregado,True
5561,4745,1,2025-02-08 01:24:27.677345662,Entregado,True
5562,4746,1,2025-12-26 05:48:32.358352492,Entregado,True
5563,4747,1,2026-05-10 07:23:57.247182506,Entregado,True
5564,4748,1,2025-09-29 08:55:12.000000000,Cliente ausente,False
5565,4748,2,2025-09-29 11:55:12.000000000,Entregado,True
5566,4749,1,2025-05-28 02:48:05.078323962,Entregado,True
5567,4750,1,2026-03-14 07:03:10.613866849,Entregado,True
5568,4751,1,2026-03-29 05:17:25.767865500,Cliente ausente,False
5569,4751,2,2026-03-30 18:26:27.535731000,Entregado,True
5570,4752,1,2026-08-28 12:30:46.809391370,Entregado,True
5571,4753,1,2026-07-23 04:04:39.576449874,Acceso restringido,False
5572,4753,2,2026-07-24 21:05:07.152899748,Entregado,True
5573,4754,1,2025-08-18 05:44:43.490199476,Cliente ausente,False
5574,4754,2,2025-08-20 01:18:02.980398952,Entregado,True
5575,4755,1,2026-06-30 13:38:38.883187831,Cliente ausente,False
5576,4755,2,2026-07-01 18:35:17.766375666,Cliente ausente,False
5577,4755,3,2026-07-02 23:31:56.649563497,Entregado,True
5578,4756,1,2025-09-06 03:34:07.708446163,Cliente ausente,False
5579,4756,2,2025-09-07 01:44:51.416892330,Cliente ausente,False
5580,4756,3,2025-09-07 23:55:35.125338493,Entregado,True
5581,4757,1,2026-02-12 23:50:21.817422567,Cliente ausente,False
5582,4757,2,2026-02-13 15:46:07.634845138,Entregado,True
5583,4758,1,2025-02-26 16:29:55.068868100,Entregado,True
5584,4759,1,2026-08-02 03:11:39.679542203,Entregado,True
5585,4760,1,2025-11-14 02:07:55.334401834,Entregado,True
5586,4761,1,2026-01-10 12:45:20.699062012,Entregado,True
5587,4762,1,2025-02-08 11:35:53.678097970,Reprogramado,False
5588,4762,2,2025-02-10 10:29:47.356195941,Entregado,True
5589,4763,1,2026-06-09 18:47:09.986891895,Acceso restringido,False
5590,4763,2,2026-06-11 06:03:07.973783791,Entregado,True
5591,4764,1,2025-04-05 17:55:45.207317784,Entregado,True
5592,4765,1,2026-02-21 21:23:01.447334840,Entregado,True
5593,4766,1,2025-12-10 09:16:11.307473842,Entregado,True
5594,4767,1,2026-07-08 06:15:31.664073297,Entregado,True
5595,4768,1,2026-02-25 22:18:44.771433300,Entregado,True
5596,4769,1,2025-12-16 22:13:20.517281302,Entregado,True
5597,4770,1,2026-08-11 20:59:47.142052879,Cliente ausente,False
5598,4770,2,2026-08-13 14:15:10.284105754,Entregado,True
5599,4771,1,2025-06-02 04:27:10.275077689,Domicilio incorrecto,False
5600,4771,2,2025-06-03 04:54:56.550155382,Entregado,True
5601,4772,1,2026-06-09 20:04:02.576918136,Entregado,True
5602,4773,1,2025-02-08 12:36:02.978229538,Entregado,True
5603,4774,1,2026-03-07 05:03:47.635126412,Entregado,True
5604,4775,1,2025-06-16 09:22:20.304743196,Entregado,True
5605,4776,1,2026-06-29 00:54:25.065878619,Cliente ausente,False
5606,4776,2,2026-06-29 17:05:38.131757235,Entregado,True
5607,4777,1,2025-08-02 14:01:11.817739725,Entregado,True
5608,4778,1,2026-06-12 19:52:03.353182215,Entregado,True
5609,4779,1,2025-05-15 05:28:47.667040618,Entregado,True
5610,4780,1,2025-06-03 23:25:35.082682503,Entregado,True
5611,4781,1,2025-04-09 14:47:54.348896878,Entregado,True
5612,4782,1,2026-05-20 01:08:34.407385422,Entregado,True
5613,4783,1,2026-06-09 14:53:20.777485912,Entregado,True
5614,4784,1,2026-01-10 23:59:39.531280282,Entregado,True
5615,4785,1,2025-01-18 14:09:20.687705931,Entregado,True
5616,4786,1,2026-09-02 02:35:43.678203075,Entregado,True
5617,4787,1,2025-01-19 12:00:23.571932655,Entregado,True
5618,4788,1,2026-02-14 15:31:24.195109162,Cliente ausente,False
5619,4788,2,2026-02-15 18:01:36.390218329,Acceso restringido,False
5620,4788,3,2026-02-16 20:31:48.585327492,Entregado,True
5621,4789,1,2025-01-08 02:33:00.792767120,Entregado,True
5622,4790,1,2025-09-06 19:35:06.498119054,Entregado,True
5623,4791,1,2026-08-19 11:12:43.726805978,Domicilio incorrecto,False
5624,4791,2,2026-08-21 04:06:51.453611956,Entregado,True
5625,4792,1,2025-05-10 22:23:26.428910028,Domicilio incorrecto,False
5626,4792,2,2025-05-12 00:26:28.857820059,Entregado,True
5627,4793,1,2026-04-02 15:46:42.524339692,Entregado,True
5628,4794,1,2026-08-09 21:35:01.326027786,Cliente ausente,False
5629,4794,2,2026-08-10 06:53:50.652055572,Entregado,True
5630,4795,1,2026-07-26 10:00:07.045201893,Entregado,True
5631,4796,1,2025-03-15 23:55:07.641365253,Entregado,True
5632,4797,1,2025-06-12 07:15:36.676654916,Entregado,True
5633,4798,1,2025-03-31 04:25:25.883570928,Entregado,True
5634,4799,1,2026-02-05 17:33:12.274952677,Entregado,True
5635,4800,1,2026-04-10 05:37:47.785531800,Entregado,True
5636,4801,1,2026-06-15 04:19:59.082946111,Entregado,True
5637,4802,1,2025-04-02 20:35:56.841452638,Entregado,True
5638,4803,1,2025-01-09 10:15:26.739094057,Entregado,True
5639,4804,1,2025-03-25 18:56:24.000000000,Entregado,True
5640,4805,1,2026-02-25 03:07:41.618847241,Entregado,True
5641,4806,1,2025-03-13 12:13:31.195164136,Cliente ausente,False
5642,4806,2,2025-03-13 16:04:14.390328277,Entregado,True
5643,4807,1,2025-04-24 06:37:35.732925613,Entregado,True
5644,4808,1,2025-06-23 02:29:52.443996604,Entregado,True
5645,4809,1,2025-10-01 10:58:53.085213832,Entregado,True
5646,4810,1,2025-11-18 10:10:26.839813288,Entregado,True
5647,4811,1,2025-03-26 23:56:06.003245043,Entregado,True
5648,4812,1,2025-03-18 13:30:58.028314550,Entregado,True
5649,4813,1,2026-04-07 05:29:31.238959776,Entregado,True
5650,4814,1,2025-09-08 10:43:29.265897658,Entregado,True
5651,4815,1,2026-01-25 01:36:19.168102083,Entregado,True
5652,4816,1,2026-01-01 08:43:28.004293783,Entregado,True
5653,4817,1,2025-10-24 22:29:20.654253888,Entregado,True
5654,4818,1,2025-03-10 17:38:17.776527820,Entregado,True
5655,4819,1,2026-03-16 02:04:57.922832726,Entregado,True
5656,4820,1,2026-06-18 21:18:20.273113854,Entregado,True
5657,4821,1,2026-08-29 04:49:27.121236747,Entregado,True
5658,4822,1,2025-10-25 12:09:58.491729622,Entregado,True
5659,4823,1,2025-10-26 18:48:50.222217740,Entregado,True
5660,4824,1,2025-02-02 18:01:45.022384664,Entregado,True
5661,4825,1,2026-01-10 15:34:10.291067158,Entregado,True
5662,4826,1,2025-02-03 14:50:36.882602739,Entregado,True
5663,4827,1,2026-07-12 07:44:35.824477974,Entregado,True
5664,4828,1,2025-11-04 11:08:59.633004912,Entregado,True
5665,4829,1,2025-04-20 04:53:40.099273548,Entregado,True
5666,4830,1,2025-04-07 19:26:49.519315963,Reprogramado,False
5667,4830,2,2025-04-09 04:19:27.038631931,Entregado,True
5668,4831,1,2025-03-09 04:29:08.544210716,Entregado,True
5669,4832,1,2026-06-08 13:38:32.623577112,Cliente ausente,False
5670,4832,2,2026-06-11 06:42:17.247154225,Entregado,True
5671,4833,1,2025-08-20 16:35:05.701582309,Entregado,True
5672,4834,1,2025-12-27 02:27:30.623987160,Entregado,True
5673,4835,1,2026-02-08 01:50:24.118547582,Entregado,True
5674,4836,1,2025-04-11 07:08:07.300309578,Entregado,True
5675,4837,1,2025-09-29 13:10:23.137851907,Cliente ausente,False
5676,4837,2,2025-09-30 18:27:58.275703814,Entregado,True
5677,4838,1,2025-12-29 07:10:55.175058278,Entregado,True
5678,4839,1,2025-06-15 15:42:33.704256805,Entregado,True
5679,4840,1,2025-06-20 20:52:06.065658584,Entregado,True
5680,4841,1,2025-01-23 11:16:31.384780507,Cliente ausente,False
5681,4841,2,2025-01-24 21:19:14.769561010,Entregado,True
5682,4842,1,2026-06-27 06:14:59.051924012,Entregado,True
5683,4843,1,2026-08-21 11:08:52.990550145,Entregado,True
5684,4844,1,2026-02-03 11:11:14.288526232,Entregado,True
5685,4845,1,2025-02-07 12:44:20.330118344,Reprogramado,False
5686,4845,2,2025-02-08 19:25:04.660236685,Entregado,True
5687,4846,1,2026-05-12 02:29:01.897945328,Cliente ausente,False
5688,4846,2,2026-05-13 22:30:27.795890660,Entregado,True
5689,4847,1,2025-11-11 07:56:25.504473609,Cliente ausente,False
5690,4847,2,2025-11-12 08:48:03.008947215,Entregado,True
5691,4848,1,2026-05-07 06:39:35.530429950,Entregado,True
5692,4849,1,2025-10-06 09:24:22.728009524,Entregado,True
5693,4850,1,2025-08-21 21:31:42.584669126,Entregado,True
5694,4851,1,2026-03-15 16:53:18.808452164,Entregado,True
5695,4852,1,2025-01-07 08:17:38.893533856,Entregado,True
5696,4853,1,2026-06-21 23:19:20.656683760,Entregado,True
5697,4854,1,2025-09-03 22:34:40.431394632,Entregado,True
5698,4855,1,2025-08-30 09:54:48.958646083,Entregado,True
5699,4856,1,2026-07-16 06:14:04.454680894,Entregado,True
5700,4857,1,2025-10-01 18:53:17.217851708,Entregado,True
5701,4858,1,2025-10-12 01:06:06.803292643,Entregado,True
5702,4859,1,2025-04-01 05:45:19.758179415,Entregado,True
5703,4860,1,2025-05-31 19:05:32.013927855,Cliente ausente,False
5704,4860,2,2025-06-02 08:17:04.027855711,Entregado,True
5705,4861,1,2025-06-03 05:33:30.988484967,Entregado,True
5706,4862,1,2026-08-01 20:19:27.804029700,Entregado,True
5707,4863,1,2025-06-11 17:48:30.864990517,Entregado,True
5708,4864,1,2026-03-23 04:45:07.007933073,Acceso restringido,False
5709,4864,2,2026-03-24 03:44:38.015866143,Entregado,True
5710,4865,1,2025-03-27 22:38:35.332323647,Entregado,True
5711,4866,1,2025-01-08 07:56:24.000000000,Entregado,True
5712,4867,1,2025-07-03 13:33:46.004990698,Entregado,True
5713,4868,1,2026-06-11 11:08:54.206928650,Entregado,True
5714,4869,1,2026-04-26 10:08:12.801773295,Entregado,True
5715,4870,1,2025-07-04 01:25:02.757162230,Entregado,True
5716,4871,1,2025-11-10 18:42:00.000000000,Entregado,True
5717,4872,1,2026-07-13 17:04:18.839012311,Entregado,True
5718,4873,1,2025-06-26 19:46:04.782242571,Entregado,True
5719,4874,1,2025-01-16 22:01:35.691237663,Acceso restringido,False
5720,4874,2,2025-01-19 05:17:35.382475327,Entregado,True
5721,4875,1,2025-10-29 15:25:06.178838469,Entregado,True
5722,4876,1,2025-03-17 17:33:03.415731418,Entregado,True
5723,4877,1,2026-06-02 18:24:56.051417826,Entregado,True
5724,4878,1,2026-08-26 22:48:52.034853736,Entregado,True
5725,4879,1,2026-02-02 12:07:34.615687292,Entregado,True
5726,4880,1,2025-12-01 06:24:14.605057483,Entregado,True
5727,4881,1,2025-12-23 02:18:28.735666030,Entregado,True
5728,4882,1,2026-07-15 23:11:59.157296314,Entregado,True
5729,4883,1,2025-06-12 16:58:12.000000000,Entregado,True
5730,4884,1,2025-04-28 09:02:02.187775795,Entregado,True
5731,4885,1,2026-02-09 15:12:55.202910872,Entregado,True
5732,4886,1,2025-03-24 02:30:06.208567862,Entregado,True
5733,4887,1,2026-03-25 22:50:57.508066568,Entregado,True
5734,4888,1,2025-01-12 00:42:31.913802802,Entregado,True
5735,4889,1,2025-01-24 22:54:54.125635521,Entregado,True
5736,4890,1,2026-06-29 05:14:00.470154649,Entregado,True
5737,4891,1,2026-02-20 13:00:39.557276431,Entregado,True
5738,4892,1,2026-02-13 17:58:47.279970181,Entregado,True
5739,4893,1,2025-01-24 02:16:41.712912613,Cliente ausente,False
5740,4893,2,2025-01-25 03:08:47.425825222,Entregado,True
5741,4894,1,2026-02-10 09:10:13.336047332,Entregado,True
5742,4895,1,2025-06-09 00:57:07.605017863,Entregado,True
5743,4896,1,2025-11-28 23:08:56.921710664,Entregado,True
5744,4897,1,2025-01-23 23:57:31.237534306,Entregado,True
5745,4898,1,2026-04-20 04:45:25.452480139,Entregado,True
5746,4899,1,2025-09-25 02:01:33.371725249,Entregado,True
5747,4900,1,2025-11-02 10:31:40.560871522,Entregado,True
5748,4901,1,2026-04-12 04:49:16.483564581,Entregado,True
5749,4902,1,2025-05-18 05:07:02.365855381,Entregado,True
5750,4903,1,2025-09-10 10:55:03.774105746,Cliente ausente,False
5751,4903,2,2025-09-11 11:28:31.548211492,Cliente ausente,False
5752,4903,3,2025-09-12 12:01:59.322317239,Entregado,True
5753,4904,1,2025-07-25 22:41:25.115464510,Cliente ausente,False
5754,4904,2,2025-07-27 01:46:50.230929021,Entregado,True
5755,4905,1,2025-11-01 05:50:17.045514783,Cliente ausente,False
5756,4905,2,2025-11-04 05:50:46.091029563,Entregado,True
5757,4906,1,2025-09-03 16:16:03.735028387,Entregado,True
5758,4907,1,2025-03-05 11:14:48.163614928,Entregado,True
5759,4908,1,2026-04-14 18:08:33.490838598,Entregado,True
5760,4909,1,2025-11-02 02:23:07.021623530,Entregado,True
5761,4910,1,2026-04-19 10:08:27.959777602,Entregado,True
5762,4911,1,2026-09-02 00:36:36.870462666,Entregado,True
5763,4912,1,2025-09-17 17:35:52.473489655,Entregado,True
5764,4913,1,2026-06-27 18:23:31.434233906,Entregado,True
5765,4914,1,2025-07-08 09:36:31.311356824,Entregado,True
5766,4915,1,2025-08-02 23:39:42.826247784,Entregado,True
5767,4916,1,2025-02-06 08:15:03.004699723,Entregado,True
5768,4917,1,2026-07-04 10:41:32.726614135,Entregado,True
5769,4918,1,2026-08-13 17:38:25.363620373,Entregado,True
5770,4919,1,2026-08-10 10:13:32.375590726,Entregado,True
5771,4920,1,2025-09-07 22:43:03.487668283,Entregado,True
5772,4921,1,2025-02-28 03:32:36.538266980,Entregado,True
5773,4922,1,2026-06-09 22:18:44.363217966,Entregado,True
5774,4923,1,2026-01-01 04:09:29.087391546,Entregado,True
5775,4924,1,2025-08-27 23:09:03.732616155,Entregado,True
5776,4925,1,2025-08-24 06:12:41.840545467,Entregado,True
5777,4926,1,2025-08-14 11:17:20.150482578,Entregado,True
5778,4927,1,2025-08-17 17:54:26.582530492,Entregado,True
5779,4928,1,2026-05-05 16:41:07.741177015,Entregado,True
5780,4929,1,2026-04-23 18:45:00.000000000,Entregado,True
5781,4930,1,2025-12-03 15:05:00.638820340,Entregado,True
5782,4931,1,2026-05-29 22:59:07.688736384,Entregado,True
5783,4932,1,2026-03-01 05:16:38.984585278,Entregado,True
5784,4933,1,2025-12-15 20:12:50.064769353,Entregado,True
5785,4934,1,2025-06-03 22:50:45.766439343,Entregado,True
5786,4935,1,2026-04-01 01:25:44.891532454,Entregado,True
5787,4936,1,2025-10-19 04:09:20.270063174,Entregado,True
5788,4937,1,2025-05-01 10:44:42.705279834,Entregado,True
5789,4938,1,2025-08-03 04:44:47.961387009,Cliente ausente,False
5790,4938,2,2025-08-03 13:17:35.922774015,Cliente ausente,False
5791,4938,3,2025-08-03 21:50:23.884161025,Entregado,True
5792,4939,1,2026-07-22 10:45:53.371428526,Entregado,True
5793,4940,1,2026-03-18 12:34:55.090020795,Entregado,True
5794,4941,1,2026-07-21 06:12:48.367745128,Entregado,True
5795,4942,1,2026-03-25 05:00:11.297461701,Entregado,True
5796,4943,1,2025-02-12 20:53:11.772173212,Entregado,True
5797,4944,1,2026-02-01 06:14:20.224974011,Entregado,True
5798,4945,1,2025-09-06 09:11:12.385544207,Entregado,True
5799,4946,1,2025-09-07 02:16:24.182357199,Entregado,True
5800,4947,1,2026-08-25 09:19:52.375928898,Entregado,True
5801,4948,1,2026-03-26 16:20:52.847065996,Domicilio incorrecto,False
5802,4948,2,2026-03-28 02:03:21.694131997,Entregado,True
5803,4949,1,2025-03-26 09:20:56.852716797,Entregado,True
5804,4950,1,2025-08-11 19:06:10.295613831,Entregado,True
5805,4951,1,2025-02-23 04:28:22.029697830,Entregado,True
5806,4952,1,2026-07-06 21:54:29.227919031,Entregado,True
5807,4953,1,2026-06-13 06:55:19.395088467,Entregado,True
5808,4954,1,2025-08-14 13:04:28.685279805,Entregado,True
5809,4955,1,2026-04-12 20:12:44.627758293,Entregado,True
5810,4956,1,2026-02-26 17:59:39.177420590,Entregado,True
5811,4957,1,2025-03-28 13:40:48.000000000,Entregado,True
5812,4958,1,2025-09-20 10:15:43.503691557,Entregado,True
5813,4959,1,2025-07-03 02:05:36.657675494,Entregado,True
5814,4960,1,2025-06-24 18:01:10.530680977,Entregado,True
5815,4961,1,2025-11-19 02:38:20.790342585,Entregado,True
5816,4962,1,2025-12-08 01:01:05.573490589,Entregado,True
5817,4963,1,2026-05-12 16:53:38.362666124,Reprogramado,False
5818,4963,2,2026-05-13 22:35:52.725332245,Entregado,True
5819,4964,1,2025-09-03 23:05:47.778350607,Entregado,True
5820,4965,1,2026-05-21 22:44:44.925641422,Entregado,True
5821,4966,1,2025-11-27 19:53:52.458812764,Entregado,True
5822,4967,1,2025-07-17 15:22:01.608328765,Entregado,True
5823,4968,1,2025-03-04 09:13:42.068899797,Entregado,True
5824,4969,1,2025-01-29 02:19:39.580117032,Entregado,True
5825,4970,1,2026-07-21 18:45:36.847995019,Entregado,True
5826,4971,1,2026-07-18 16:22:16.694485597,Entregado,True
5827,4972,1,2026-01-14 20:25:17.085570225,Cliente ausente,False
5828,4972,2,2026-01-16 09:04:58.171140451,Entregado,True
5829,4973,1,2025-10-24 11:05:30.649520770,Entregado,True
5830,4974,1,2025-02-21 23:33:29.592503276,Domicilio incorrecto,False
5831,4974,2,2025-02-22 17:39:59.185006552,Entregado,True
5832,4975,1,2026-07-27 00:58:54.554729977,Reprogramado,False
5833,4975,2,2026-07-27 19:32:01.109459954,Entregado,True
5834,4976,1,2026-04-02 16:34:34.399583565,Entregado,True
5835,4977,1,2025-01-03 15:07:54.420773224,Domicilio incorrecto,False
5836,4977,2,2025-01-04 21:31:24.841546449,Entregado,True
5837,4978,1,2026-04-18 17:21:40.787725593,Entregado,True
5838,4979,1,2025-04-18 13:51:25.535018037,Entregado,True
5839,4980,1,2026-02-20 02:09:07.151714560,Entregado,True
5840,4981,1,2025-07-30 06:01:23.333494476,Entregado,True
5841,4982,1,2025-03-02 05:33:57.900797784,Entregado,True
5842,4983,1,2025-02-14 23:20:37.291786562,Entregado,True
5843,4984,1,2025-05-22 05:36:06.408314559,Entregado,True
5844,4985,1,2026-05-08 00:40:09.379842974,Entregado,True
5845,4986,1,2026-07-16 15:08:50.902189692,Entregado,True
5846,4987,1,2026-04-16 06:01:46.679490134,Entregado,True
5847,4988,1,2026-01-27 09:27:02.489105717,Entregado,True
5848,4989,1,2025-07-20 14:31:57.063731952,Entregado,True
5849,4990,1,2025-07-22 21:30:43.958872893,Cliente ausente,False
5850,4990,2,2025-07-24 12:29:03.917745787,Entregado,True
5851,4991,1,2025-07-12 19:00:11.390608278,Cliente ausente,False
5852,4991,2,2025-07-14 02:32:10.781216559,Entregado,True
5853,4992,1,2025-04-19 01:52:16.479720138,Entregado,True
5854,4993,1,2025-11-24 07:02:48.477552579,Domicilio incorrecto,False
5855,4993,2,2025-11-25 02:59:00.955105155,Entregado,True
5856,4994,1,2025-12-26 02:02:01.575335284,Entregado,True
5857,4995,1,2026-08-21 16:26:44.494827446,Entregado,True
5858,4996,1,2025-10-14 09:31:48.716539176,Entregado,True
5859,4997,1,2026-04-14 16:26:48.527849119,Entregado,True
5860,4998,1,2025-04-17 20:41:58.343374485,Entregado,True
5861,4999,1,2025-10-25 21:19:58.450496826,Entregado,True
5862,5000,1,2025-07-14 15:17:01.656794734,Cliente ausente,False
5863,5000,2,2025-07-14 21:38:51.313589469,Entregado,True
5864,5001,1,2025-07-09 09:35:25.318052124,Entregado,True
5865,5002,1,2025-02-21 02:45:26.127978429,Entregado,True
5866,5003,1,2025-12-31 10:13:48.295340598,Entregado,True
5867,5004,1,2026-06-26 01:18:59.166617529,Entregado,True
5868,5005,1,2026-08-05 09:45:48.501322182,Entregado,True
5869,5006,1,2026-05-03 03:52:00.896544674,Entregado,True
5870,5007,1,2026-08-03 10:26:23.201368274,Entregado,True
5871,5008,1,2025-09-04 18:39:26.067249277,Cliente ausente,False
5872,5008,2,2025-09-06 06:51:52.134498550,Entregado,True
5873,5009,1,2025-06-29 00:05:56.952467869,Cliente ausente,False
5874,5009,2,2025-06-30 17:56:17.904935738,Entregado,True
5875,5010,1,2025-04-28 06:14:00.921677866,Entregado,True
5876,5011,1,2025-08-09 13:41:59.965024404,Entregado,True
5877,5012,1,2025-07-17 07:17:22.056723628,Entregado,True
5878,5013,1,2026-02-08 14:17:42.151460210,Entregado,True
5879,5014,1,2025-03-18 21:50:36.423373289,Reprogramado,False
5880,5014,2,2025-03-20 00:06:24.846746575,Entregado,True
5881,5015,1,2026-03-04 14:13:53.856231286,Entregado,True
5882,5016,1,2025-10-18 18:21:59.447798136,Entregado,True
5883,5017,1,2026-07-03 14:16:57.928622390,Entregado,True
5884,5018,1,2025-10-27 19:53:15.248372438,Domicilio incorrecto,False
5885,5018,2,2025-10-29 10:50:06.496744873,Entregado,True
5886,5019,1,2025-10-24 04:30:26.038360746,Entregado,True
5887,5020,1,2026-03-27 15:17:11.942598530,Entregado,True
5888,5021,1,2026-03-11 07:56:10.623353514,Entregado,True
5889,5022,1,2025-04-09 17:53:14.540878147,Entregado,True
5890,5023,1,2026-03-19 03:02:40.301586769,Entregado,True
5891,5024,1,2025-06-22 18:16:11.481191472,Entregado,True
5892,5025,1,2025-11-16 04:24:10.189763658,Entregado,True
5893,5026,1,2026-06-30 22:52:14.339292214,Entregado,True
5894,5027,1,2026-05-09 16:23:44.268782668,Entregado,True
5895,5028,1,2026-01-26 04:10:20.559152798,Entregado,True
5896,5029,1,2026-07-15 15:58:04.411083107,Entregado,True
5897,5030,1,2025-03-15 05:41:36.219070734,Entregado,True
5898,5031,1,2025-08-29 23:40:05.533231004,Entregado,True
5899,5032,1,2026-08-01 20:48:14.107540989,Entregado,True
5900,5033,1,2025-04-03 09:26:09.777685353,Entregado,True
5901,5034,1,2026-06-23 16:38:11.090686559,Entregado,True
5902,5035,1,2025-06-07 03:32:49.070036407,Entregado,True
5903,5036,1,2025-07-12 19:51:03.798919825,Entregado,True
5904,5037,1,2026-02-20 22:37:54.789522934,Domicilio incorrecto,False
5905,5037,2,2026-02-22 14:14:01.579045873,Cliente ausente,False
5906,5037,3,2026-02-24 05:50:08.368568808,Entregado,True
5907,5038,1,2025-06-05 14:48:49.749682201,Entregado,True
5908,5039,1,2025-12-07 13:00:41.607366328,Entregado,True
5909,5040,1,2026-06-03 14:55:51.432792416,Entregado,True
5910,5041,1,2025-02-07 04:04:25.357669870,Entregado,True
5911,5042,1,2026-06-12 23:54:48.771372697,Entregado,True
5912,5043,1,2026-06-23 14:08:38.479886124,Entregado,True
5913,5044,1,2025-09-12 11:26:06.471412090,Cliente ausente,False
5914,5044,2,2025-09-13 06:28:12.942824181,Entregado,True
5915,5045,1,2025-07-23 15:43:23.538168314,Cliente ausente,False
5916,5045,2,2025-07-24 19:26:11.076336628,Entregado,True
5917,5046,1,2025-04-13 14:27:48.065302933,Entregado,True
5918,5047,1,2025-06-29 19:51:56.399229367,Entregado,True
5919,5048,1,2025-11-10 17:45:32.560729639,Entregado,True
5920,5049,1,2026-02-15 23:55:28.198697361,Entregado,True
5921,5050,1,2025-10-16 20:32:45.839263257,Entregado,True
5922,5051,1,2026-06-11 02:30:59.882148680,Entregado,True
5923,5052,1,2026-02-07 08:56:36.348036885,Entregado,True
5924,5053,1,2025-08-09 20:32:55.790811463,Entregado,True
5925,5054,1,2026-04-16 17:12:55.593733993,Cliente ausente,False
5926,5054,2,2026-04-17 20:09:03.187467990,Entregado,True
5927,5055,1,2025-01-31 13:59:17.053925409,Entregado,True
5928,5056,1,2026-03-02 16:58:09.492761535,Entregado,True
5929,5057,1,2025-01-16 07:14:47.243099446,Entregado,True
5930,5058,1,2026-05-18 14:00:59.828014036,Entregado,True
5931,5059,1,2025-11-22 14:02:02.146515503,Entregado,True
5932,5060,1,2025-11-22 07:05:55.110084486,Cliente ausente,False
5933,5060,2,2025-11-24 04:22:02.220168972,Entregado,True
5934,5061,1,2026-07-23 12:08:33.927377755,Entregado,True
5935,5062,1,2025-10-13 17:04:17.575380832,Cliente ausente,False
5936,5062,2,2025-10-14 20:25:23.150761665,Entregado,True
5937,5063,1,2025-03-31 15:26:12.318519248,Entregado,True
5938,5064,1,2025-02-16 01:26:35.119231900,Entregado,True
5939,5065,1,2026-05-16 09:36:16.214187016,Entregado,True
5940,5066,1,2026-05-16 12:04:41.018793618,Entregado,True
5941,5067,1,2026-08-04 16:41:42.415627632,Entregado,True
5942,5068,1,2025-05-30 13:24:23.910535152,Entregado,True
5943,5069,1,2025-03-25 10:01:40.973815340,Entregado,True
5944,5070,1,2025-06-18 16:05:53.080703793,Entregado,True
5945,5071,1,2025-04-19 07:16:55.289378809,Entregado,True
5946,5072,1,2026-05-06 09:48:25.857090140,Entregado,True
5947,5073,1,2025-03-25 12:11:39.875435026,Entregado,True
5948,5074,1,2025-04-06 17:46:37.206971443,Entregado,True
5949,5075,1,2025-11-19 00:27:12.926416816,Entregado,True
5950,5076,1,2025-12-30 12:31:43.553299044,Entregado,True
5951,5077,1,2025-03-08 16:33:02.406534864,Entregado,True
5952,5078,1,2026-03-06 04:31:38.488046995,Entregado,True
5953,5079,1,2026-02-07 21:20:07.936129914,Entregado,True
5954,5080,1,2025-06-24 21:59:02.748932548,Entregado,True
5955,5081,1,2026-08-04 05:37:39.400209516,Entregado,True
5956,5082,1,2025-03-13 04:55:43.652823081,Entregado,True
5957,5083,1,2025-02-06 08:24:04.056396573,Entregado,True
5958,5084,1,2025-01-04 11:43:42.707005874,Entregado,True
5959,5085,1,2025-06-02 11:02:00.422831803,Entregado,True
5960,5086,1,2025-09-16 11:39:51.507239234,Entregado,True
5961,5087,1,2026-08-13 23:25:18.545149371,Entregado,True
5962,5088,1,2025-01-20 20:52:38.803095832,Entregado,True
5963,5089,1,2025-02-09 11:21:50.116651930,Entregado,True
5964,5090,1,2026-01-08 11:51:42.315201730,Entregado,True
5965,5091,1,2026-05-07 21:57:26.003414160,Domicilio incorrecto,False
5966,5091,2,2026-05-09 01:59:40.006828320,Entregado,True
5967,5092,1,2025-09-01 14:35:33.895435617,Entregado,True
5968,5093,1,2025-01-07 19:12:13.132637348,Entregado,True
5969,5094,1,2026-07-05 22:05:38.464067025,Entregado,True
5970,5095,1,2026-01-07 12:35:44.154454426,Entregado,True
5971,5096,1,2025-09-10 03:16:45.906168734,Entregado,True
5972,5097,1,2025-04-28 01:38:56.858540661,Entregado,True
5973,5098,1,2025-12-08 00:22:34.768463314,Entregado,True
5974,5099,1,2026-07-29 23:15:07.701983524,Cliente ausente,False
5975,5099,2,2026-07-31 12:18:15.403967049,Entregado,True
5976,5100,1,2025-05-22 16:48:24.990423256,Reprogramado,False
5977,5100,2,2025-05-23 02:40:25.980846513,Reprogramado,False
5978,5100,3,2025-05-23 12:32:26.971269770,Entregado,True
5979,5101,1,2026-05-01 22:20:37.213428152,Entregado,True
5980,5102,1,2026-03-15 05:25:06.714731733,Entregado,True
5981,5103,1,2025-04-03 09:51:12.453518062,Entregado,True
5982,5104,1,2026-04-10 09:24:45.477163256,Entregado,True
5983,5105,1,2025-02-19 03:40:43.262532829,Entregado,True
5984,5106,1,2026-04-29 04:48:21.754880776,Entregado,True
5985,5107,1,2026-06-09 14:53:32.381187619,Entregado,True
5986,5108,1,2025-07-31 11:33:32.338766991,Entregado,True
5987,5109,1,2025-08-28 04:58:05.178692193,Entregado,True
5988,5110,1,2025-07-18 02:17:25.221675400,Entregado,True
5989,5111,1,2025-07-08 08:30:16.250165719,Entregado,True
5990,5112,1,2025-10-19 20:57:23.273189013,Entregado,True
5991,5113,1,2025-08-11 05:19:57.769197160,Entregado,True
5992,5114,1,2026-05-15 03:02:21.592880430,Entregado,True
5993,5115,1,2026-05-13 03:36:27.515479129,Entregado,True
5994,5116,1,2025-10-30 04:37:30.715622590,Entregado,True
5995,5117,1,2025-07-07 16:43:47.815684935,Entregado,True
5996,5118,1,2026-02-17 11:30:26.315529778,Entregado,True
5997,5119,1,2025-09-04 02:18:48.015164034,Entregado,True
5998,5120,1,2025-11-10 07:47:07.500470917,Entregado,True
5999,5121,1,2026-05-13 14:11:11.297087088,Cliente ausente,False
6000,5121,2,2026-05-15 09:34:58.594174176,Entregado,True
6001,5122,1,2025-01-24 16:15:29.883640932,Entregado,True
6002,5123,1,2025-03-12 05:48:29.508498190,Entregado,True
6003,5124,1,2026-01-28 09:54:41.833953079,Entregado,True
6004,5125,1,2025-11-16 16:54:38.526031396,Entregado,True
6005,5126,1,2025-03-10 11:29:02.947359058,Entregado,True
6006,5127,1,2026-06-27 02:03:34.135923085,Entregado,True
6007,5128,1,2026-07-24 17:42:39.686283043,Entregado,True
6008,5129,1,2025-08-01 20:42:16.827527610,Entregado,True
6009,5130,1,2025-07-20 21:17:43.316113693,Entregado,True
6010,5131,1,2026-03-02 15:35:43.400849967,Entregado,True
6011,5132,1,2026-04-09 07:47:26.506600933,Entregado,True
6012,5133,1,2025-02-16 04:41:32.381186344,Entregado,True
6013,5134,1,2026-03-09 06:52:01.508797858,Entregado,True
6014,5135,1,2025-06-19 16:20:12.466343576,Domicilio incorrecto,False
6015,5135,2,2025-06-21 17:19:24.932687156,Entregado,True
6016,5136,1,2025-10-16 03:50:28.287016360,Domicilio incorrecto,False
6017,5136,2,2025-10-18 02:39:44.574032718,Entregado,True
6018,5137,1,2025-12-05 10:16:27.285563064,Cliente ausente,False
6019,5137,2,2025-12-07 06:40:06.571126128,Entregado,True
6020,5138,1,2025-06-23 18:48:56.855258794,Entregado,True
6021,5139,1,2025-07-03 10:17:32.676629071,Acceso restringido,False
6022,5139,2,2025-07-04 07:16:29.353258146,Entregado,True
6023,5140,1,2025-01-19 07:02:29.509670364,Entregado,True
6024,5141,1,2026-05-15 06:31:29.967177849,Entregado,True
6025,5142,1,2026-08-04 06:20:00.079579316,Reprogramado,False
6026,5142,2,2026-08-05 08:30:24.159158632,Entregado,True
6027,5143,1,2026-07-08 22:12:56.519561898,Entregado,True
6028,5144,1,2025-04-23 07:01:56.041017193,Entregado,True
6029,5145,1,2026-07-11 11:27:18.222942632,Entregado,True
6030,5146,1,2025-11-03 17:53:25.883410052,Entregado,True
6031,5147,1,2025-01-08 18:22:59.418390770,Reprogramado,False
6032,5147,2,2025-01-10 17:18:58.836781540,Entregado,True
6033,5148,1,2025-10-02 19:52:09.844335681,Entregado,True
6034,5149,1,2025-12-29 07:38:17.374584501,Entregado,True
6035,5150,1,2025-07-05 05:16:37.234921069,Entregado,True
6036,5151,1,2025-04-14 18:30:47.534745639,Entregado,True
6037,5152,1,2025-04-02 02:29:41.825633348,Entregado,True
6038,5153,1,2025-09-06 10:15:33.576679130,Entregado,True
6039,5154,1,2025-08-28 18:21:00.922962812,Reprogramado,False
6040,5154,2,2025-08-29 10:30:37.845925628,Entregado,True
6041,5155,1,2025-03-24 02:58:03.162511192,Entregado,True
6042,5156,1,2025-04-27 13:09:25.134167912,Entregado,True
6043,5157,1,2025-10-07 14:54:07.330240076,Entregado,True
6044,5158,1,2025-03-24 03:19:35.893218874,Entregado,True
6045,5159,1,2026-07-26 00:04:10.466887982,Entregado,True
6046,5160,1,2025-06-30 10:43:51.384633960,Entregado,True
6047,5161,1,2025-11-07 13:46:57.694960689,Entregado,True
6048,5162,1,2026-07-19 03:13:07.265716881,Entregado,True
6049,5163,1,2026-05-27 06:11:22.505647146,Entregado,True
6050,5164,1,2025-09-19 21:32:27.307239435,Entregado,True
6051,5165,1,2025-10-20 20:20:50.047051675,Entregado,True
6052,5166,1,2025-10-23 08:33:23.869967058,Entregado,True
6053,5167,1,2026-06-26 14:54:35.109676990,Entregado,True
6054,5168,1,2025-03-07 21:09:24.214644792,Entregado,True
6055,5169,1,2026-08-21 12:16:12.912044397,Entregado,True
6056,5170,1,2026-02-10 23:30:10.455321402,Entregado,True
6057,5171,1,2026-04-28 02:32:48.038543926,Entregado,True
6058,5172,1,2026-01-21 01:37:54.240881833,Entregado,True
6059,5173,1,2025-11-08 02:11:30.611997898,Entregado,True
6060,5174,1,2025-12-12 02:08:52.349584023,Entregado,True
6061,5175,1,2026-04-21 12:55:03.251978140,Domicilio incorrecto,False
6062,5175,2,2026-04-22 14:27:18.503956278,Entregado,True
6063,5176,1,2025-02-25 16:44:24.000000000,Entregado,True
6064,5177,1,2025-05-24 12:23:44.981665242,Entregado,True
6065,5178,1,2026-01-15 09:33:28.736439660,Entregado,True
6066,5179,1,2026-04-22 08:30:03.904203805,Entregado,True
6067,5180,1,2026-05-27 14:01:29.668830690,Entregado,True
6068,5181,1,2026-07-23 11:08:54.582652957,Entregado,True
6069,5182,1,2026-08-06 12:26:29.928392433,Entregado,True
6070,5183,1,2025-06-28 01:43:59.817732610,Entregado,True
6071,5184,1,2026-02-14 18:49:02.258918461,Entregado,True
6072,5185,1,2026-05-08 12:22:39.524243998,Entregado,True
6073,5186,1,2026-04-08 06:47:47.398012875,Entregado,True
6074,5187,1,2026-02-18 15:41:24.000000000,Entregado,True
6075,5188,1,2025-12-08 10:54:43.115271400,Entregado,True
6076,5189,1,2025-11-27 23:14:21.971384213,Entregado,True
6077,5190,1,2025-08-03 17:13:59.257960834,Entregado,True
6078,5191,1,2025-12-15 18:28:19.069276195,Entregado,True
6079,5192,1,2026-07-04 06:32:49.605347036,Entregado,True
6080,5193,1,2026-06-08 19:01:48.271837119,Entregado,True
6081,5194,1,2025-12-14 07:40:54.265487214,Entregado,True
6082,5195,1,2025-09-06 02:50:13.827115604,Domicilio incorrecto,False
6083,5195,2,2025-09-06 21:08:03.654231212,Entregado,True
6084,5196,1,2025-11-23 16:43:53.202103827,Entregado,True
6085,5197,1,2026-04-13 16:55:55.010978382,Reprogramado,False
6086,5197,2,2026-04-14 21:04:26.021956764,Entregado,True
6087,5198,1,2025-04-05 09:01:20.541530444,Entregado,True
6088,5199,1,2025-10-23 06:44:46.249830866,Entregado,True
6089,5200,1,2026-06-27 19:47:52.330915982,Entregado,True
6090,5201,1,2026-06-09 04:01:39.530469702,Entregado,True
6091,5202,1,2025-09-19 14:23:06.353832667,Entregado,True
6092,5203,1,2025-03-31 18:12:32.213442283,Entregado,True
6093,5204,1,2025-06-12 08:03:04.607313069,Entregado,True
6094,5205,1,2026-05-14 12:36:23.634100555,Entregado,True
6095,5206,1,2025-07-09 11:36:12.975283335,Entregado,True
6096,5207,1,2025-12-13 10:10:54.622401657,Entregado,True
6097,5208,1,2026-06-04 20:16:54.437059038,Entregado,True
6098,5209,1,2026-07-23 16:22:01.462055203,Entregado,True
6099,5210,1,2026-05-27 14:05:49.130950934,Entregado,True
6100,5211,1,2026-06-27 19:34:18.160995244,Entregado,True
6101,5212,1,2025-01-18 05:09:24.837549152,Entregado,True
6102,5213,1,2026-06-11 04:42:36.797836770,Entregado,True
6103,5214,1,2025-07-21 21:02:03.388248114,Entregado,True
6104,5215,1,2025-11-08 02:37:12.015311754,Entregado,True
6105,5216,1,2026-05-25 14:02:06.708197414,Entregado,True
6106,5217,1,2025-10-10 03:01:13.463385934,Entregado,True
6107,5218,1,2025-06-09 07:35:08.720612070,Cliente ausente,False
6108,5218,2,2025-06-10 09:09:05.441224140,Entregado,True
6109,5219,1,2025-09-17 04:48:29.070415414,Entregado,True
6110,5220,1,2025-06-08 22:29:17.680035890,Entregado,True
6111,5221,1,2026-03-02 10:28:07.685283313,Reprogramado,False
6112,5221,2,2026-03-03 12:32:15.370566626,Entregado,True
6113,5222,1,2025-12-21 06:14:15.044797107,Entregado,True
6114,5223,1,2026-03-16 12:51:37.861948623,Entregado,True
6115,5224,1,2026-04-04 02:48:14.908627731,Entregado,True
6116,5225,1,2026-07-01 06:45:12.240074588,Entregado,True
6117,5226,1,2025-03-22 19:43:30.307845518,Entregado,True
6118,5227,1,2026-03-29 17:21:13.090548088,Entregado,True
6119,5228,1,2026-08-20 08:38:50.898231848,Entregado,True
6120,5229,1,2026-06-29 13:21:32.510815876,Entregado,True
6121,5230,1,2026-05-06 15:34:01.168723005,Entregado,True
6122,5231,1,2026-01-29 09:15:12.811392752,Reprogramado,False
6123,5231,2,2026-01-30 18:40:37.622785508,Entregado,True
6124,5232,1,2026-07-28 23:16:12.000000000,Entregado,True
6125,5233,1,2025-12-28 16:05:05.292548437,Entregado,True
6126,5234,1,2025-02-04 21:16:18.540815120,Entregado,True
6127,5235,1,2025-05-18 19:37:02.684680017,Entregado,True
6128,5236,1,2026-08-23 18:38:07.251765838,Entregado,True
6129,5237,1,2026-06-15 03:08:50.963255102,Domicilio incorrecto,False
6130,5237,2,2026-06-16 20:11:41.926510204,Entregado,True
6131,5238,1,2025-04-04 21:02:16.594572829,Entregado,True
6132,5239,1,2026-02-18 21:21:55.309410601,Entregado,True
6133,5240,1,2025-10-29 16:03:05.339161353,Entregado,True
6134,5241,1,2026-05-03 17:56:18.671193942,Entregado,True
6135,5242,1,2025-09-19 10:28:10.595138800,Entregado,True
6136,5243,1,2025-11-10 10:57:39.009818062,Entregado,True
6137,5244,1,2025-12-01 19:52:21.657094935,Entregado,True
6138,5245,1,2026-05-19 23:55:14.274678475,Domicilio incorrecto,False
6139,5245,2,2026-05-22 11:39:04.549356954,Entregado,True
6140,5246,1,2026-01-26 12:35:32.620500826,Entregado,True
6141,5247,1,2025-03-15 04:05:41.615528881,Entregado,True
6142,5248,1,2025-04-04 02:33:55.726307632,Entregado,True
6143,5249,1,2025-12-29 01:32:35.236126885,Entregado,True
6144,5250,1,2025-11-17 10:12:00.000000000,Entregado,True
6145,5251,1,2025-09-05 08:58:42.560660686,Entregado,True
6146,5252,1,2025-01-26 08:20:41.674448986,Entregado,True
6147,5253,1,2026-07-14 14:39:16.470322686,Entregado,True
6148,5254,1,2026-02-07 15:34:47.999999999,Entregado,True
6149,5255,1,2026-01-11 19:19:33.808265612,Entregado,True
6150,5256,1,2025-10-13 20:55:52.053600237,Entregado,True
6151,5257,1,2026-03-18 00:57:18.505595815,Cliente ausente,False
6152,5257,2,2026-03-18 20:08:25.011191626,Entregado,True
6153,5258,1,2026-08-20 01:58:26.104524564,Entregado,True
6154,5259,1,2025-12-22 21:04:30.761841608,Entregado,True
6155,5260,1,2025-08-11 13:46:56.418033039,Entregado,True
6156,5261,1,2026-05-02 08:20:25.916438320,Entregado,True
6157,5262,1,2026-03-22 03:53:22.043038275,Entregado,True
6158,5263,1,2025-08-09 13:43:19.386330204,Entregado,True
6159,5264,1,2025-03-10 20:13:24.379553161,Entregado,True
6160,5265,1,2025-02-02 13:19:48.007976102,Entregado,True
6161,5266,1,2025-11-19 22:28:50.404990699,Entregado,True
6162,5267,1,2025-01-13 14:11:26.278041098,Entregado,True
6163,5268,1,2025-10-14 14:40:00.114908660,Entregado,True
6164,5269,1,2025-06-06 11:31:01.007887443,Entregado,True
6165,5270,1,2026-07-01 14:19:41.303045478,Entregado,True
6166,5271,1,2026-06-17 06:34:07.730903622,Entregado,True
6167,5272,1,2026-01-08 10:25:34.133500214,Entregado,True
6168,5273,1,2025-11-01 05:05:51.094295970,Entregado,True
6169,5274,1,2025-05-27 17:45:53.376547266,Entregado,True
6170,5275,1,2026-08-14 05:18:25.415923334,Entregado,True
6171,5276,1,2026-02-11 00:34:32.528855150,Entregado,True
6172,5277,1,2025-05-24 20:20:14.670539880,Entregado,True
6173,5278,1,2025-03-31 02:01:11.555437368,Entregado,True
6174,5279,1,2026-03-04 07:47:29.775941466,Entregado,True
6175,5280,1,2025-03-25 23:02:47.927730469,Domicilio incorrecto,False
6176,5280,2,2025-03-26 13:18:47.855460938,Entregado,True
6177,5281,1,2025-04-19 02:52:54.907300166,Entregado,True
6178,5282,1,2026-08-28 12:44:40.547429714,Entregado,True
6179,5283,1,2025-12-23 15:19:50.481923347,Entregado,True
6180,5284,1,2025-01-25 06:28:18.303893842,Entregado,True
6181,5285,1,2025-01-08 10:00:54.232407863,Entregado,True
6182,5286,1,2025-03-31 07:13:05.340954691,Entregado,True
6183,5287,1,2026-04-02 04:44:43.618037329,Entregado,True
6184,5288,1,2025-12-11 12:48:13.108595900,Entregado,True
6185,5289,1,2026-01-30 07:38:30.379852075,Cliente ausente,False
6186,5289,2,2026-02-01 03:39:48.759704150,Entregado,True
6187,5290,1,2025-12-21 02:01:19.658398242,Entregado,True
6188,5291,1,2025-09-06 06:54:04.858952463,Entregado,True
6189,5292,1,2026-08-06 19:23:05.356946079,Entregado,True
6190,5293,1,2025-06-11 13:29:11.621386147,Entregado,True
6191,5294,1,2025-08-25 13:25:31.659144474,Reprogramado,False
6192,5294,2,2025-08-25 15:33:03.318288951,Cliente ausente,False
6193,5294,3,2025-08-25 17:40:34.977433425,Entregado,True
6194,5295,1,2025-06-18 11:29:29.751045129,Entregado,True
6195,5296,1,2025-02-06 14:17:11.217889914,Entregado,True
6196,5297,1,2025-09-14 06:59:04.455975944,Reprogramado,False
6197,5297,2,2025-09-15 13:29:56.911951888,Entregado,True
6198,5298,1,2025-11-03 03:45:18.153848887,Entregado,True
6199,5299,1,2025-02-03 19:12:54.023945443,Entregado,True
6200,5300,1,2026-05-28 09:37:14.232577634,Entregado,True
6201,5301,1,2025-08-25 07:17:08.055613190,Entregado,True
6202,5302,1,2025-08-06 21:00:34.036585725,Entregado,True
6203,5303,1,2025-08-31 11:33:31.248232300,Entregado,True
6204,5304,1,2025-01-23 17:19:20.315463553,Entregado,True
6205,5305,1,2025-08-02 22:40:09.723882428,Entregado,True
6206,5306,1,2026-03-04 14:47:53.498472741,Entregado,True
6207,5307,1,2025-03-14 20:30:00.595696021,Entregado,True
6208,5308,1,2025-06-30 10:04:45.320068462,Entregado,True
6209,5309,1,2026-06-11 16:53:56.130568969,Entregado,True
6210,5310,1,2025-10-28 16:16:16.817407536,Entregado,True
6211,5311,1,2026-06-05 11:06:56.158034562,Cliente ausente,False
6212,5311,2,2026-06-06 13:24:40.316069124,Entregado,True
6213,5312,1,2026-05-12 13:13:42.090473827,Entregado,True
6214,5313,1,2025-10-03 23:46:58.990908644,Entregado,True
6215,5314,1,2025-02-23 00:45:06.693446113,Entregado,True
6216,5315,1,2026-09-01 14:03:56.106784933,Cliente ausente,False
6217,5315,2,2026-09-02 19:28:16.213569866,Acceso restringido,False
6218,5315,3,2026-09-04 00:52:36.320354799,Entregado,True
6219,5316,1,2026-02-21 17:09:22.547767596,Entregado,True
6220,5317,1,2026-08-31 12:13:39.755895891,Entregado,True
6221,5318,1,2026-05-18 20:50:51.167459259,Entregado,True
6222,5319,1,2026-02-24 13:12:31.097198073,Entregado,True
6223,5320,1,2026-06-18 14:15:25.197687288,Entregado,True
6224,5321,1,2025-01-07 08:54:52.658851690,Entregado,True
6225,5322,1,2026-03-01 14:43:11.507761632,Entregado,True
6226,5323,1,2026-03-30 19:45:52.979920052,Entregado,True
6227,5324,1,2026-03-04 15:10:22.486666994,Entregado,True
6228,5325,1,2026-01-27 23:05:08.653984119,Entregado,True
6229,5326,1,2025-12-01 01:28:19.507422849,Entregado,True
6230,5327,1,2026-03-28 22:59:31.624438308,Entregado,True
6231,5328,1,2025-12-06 23:43:09.949846893,Entregado,True
6232,5329,1,2025-03-31 13:37:17.655659241,Entregado,True
6233,5330,1,2025-09-29 19:38:03.950233980,Entregado,True
6234,5331,1,2025-03-07 09:06:47.040209917,Entregado,True
6235,5332,1,2025-03-08 23:38:53.276852774,Entregado,True
6236,5333,1,2025-09-29 04:50:57.856382829,Entregado,True
6237,5334,1,2026-01-13 22:03:56.535136880,Entregado,True
6238,5335,1,2025-11-27 09:58:41.239284430,Entregado,True
6239,5336,1,2026-06-04 19:15:58.843066662,Entregado,True
6240,5337,1,2026-02-26 16:42:11.427943104,Domicilio incorrecto,False
6241,5337,2,2026-02-28 01:02:10.855886208,Entregado,True
6242,5338,1,2025-11-10 14:22:48.360565495,Entregado,True
6243,5339,1,2025-11-07 03:28:57.064779674,Entregado,True
6244,5340,1,2025-02-12 11:26:25.208030565,Domicilio incorrecto,False
6245,5340,2,2025-02-12 17:31:50.416061131,Cliente ausente,False
6246,5340,3,2025-02-12 23:37:15.624091696,Entregado,True
6247,5341,1,2026-08-17 10:26:00.059837776,Entregado,True
6248,5342,1,2025-11-18 21:43:40.227265797,Entregado,True
6249,5343,1,2026-03-22 08:13:59.597042106,Entregado,True
6250,5344,1,2026-01-10 19:47:42.996730084,Domicilio incorrecto,False
6251,5344,2,2026-01-12 03:24:37.993460166,Cliente ausente,False
6252,5344,3,2026-01-13 11:01:32.990190250,Entregado,True
6253,5345,1,2025-10-17 23:08:29.713930882,Entregado,True
6254,5346,1,2025-06-23 04:58:27.951813966,Entregado,True
6255,5347,1,2026-08-30 02:23:23.930110701,Entregado,True
6256,5348,1,2025-09-22 02:03:40.989102260,Cliente ausente,False
6257,5348,2,2025-09-22 23:36:45.978204520,Entregado,True
6258,5349,1,2026-06-20 08:31:16.383765432,Entregado,True
6259,5350,1,2025-05-26 04:29:02.138303209,Entregado,True
6260,5351,1,2026-03-18 09:32:43.298218737,Entregado,True
6261,5352,1,2026-08-18 01:02:10.399859952,Entregado,True
6262,5353,1,2026-02-22 09:50:41.516705468,Entregado,True
6263,5354,1,2025-01-29 15:17:14.249205286,Entregado,True
6264,5355,1,2025-04-06 20:39:22.862255414,Entregado,True
6265,5356,1,2025-11-03 02:30:08.589139581,Entregado,True
6266,5357,1,2025-07-05 02:08:56.233976989,Cliente ausente,False
6267,5357,2,2025-07-05 22:45:28.467953978,Entregado,True
6268,5358,1,2025-06-07 16:32:08.207791490,Entregado,True
6269,5359,1,2025-01-15 08:37:19.375921693,Cliente ausente,False
6270,5359,2,2025-01-15 18:48:14.751843382,Entregado,True
6271,5360,1,2025-12-08 07:26:58.142314989,Cliente ausente,False
6272,5360,2,2025-12-09 05:40:44.284629979,Entregado,True
6273,5361,1,2026-04-19 20:42:54.790439983,Cliente ausente,False
6274,5361,2,2026-04-20 13:42:37.580879970,Entregado,True
6275,5362,1,2025-04-19 17:54:56.956371447,Entregado,True
6276,5363,1,2025-11-29 08:52:52.764770816,Entregado,True
6277,5364,1,2026-03-18 19:43:27.220134360,Entregado,True
6278,5365,1,2026-01-22 16:53:14.687075436,Entregado,True
6279,5366,1,2026-08-07 08:34:34.611542241,Entregado,True
6280,5367,1,2025-06-11 01:02:21.964674958,Cliente ausente,False
6281,5367,2,2025-06-12 14:18:31.929349921,Entregado,True
6282,5368,1,2026-03-10 17:06:28.535906048,Entregado,True
6283,5369,1,2026-02-04 17:12:50.948375432,Entregado,True
6284,5370,1,2026-05-07 21:56:44.880148132,Entregado,True
6285,5371,1,2025-07-11 12:01:56.397454705,Entregado,True
6286,5372,1,2026-02-23 04:37:54.204109068,Entregado,True
6287,5373,1,2025-12-12 00:29:26.199834759,Entregado,True
6288,5374,1,2025-12-29 23:03:56.614427352,Entregado,True
6289,5375,1,2025-04-22 13:26:35.152585857,Entregado,True
6290,5376,1,2025-10-29 16:45:35.422504948,Entregado,True
6291,5377,1,2026-01-04 18:14:16.528870784,Entregado,True
6292,5378,1,2025-09-13 07:32:43.157663246,Cliente ausente,False
6293,5378,2,2025-09-14 03:40:14.315326492,Entregado,True
6294,5379,1,2025-11-15 06:12:31.479940936,Entregado,True
6295,5380,1,2025-03-15 03:03:46.211706226,Entregado,True
6296,5381,1,2025-09-28 18:30:18.836463376,Reprogramado,False
6297,5381,2,2025-09-30 17:53:25.672926753,Entregado,True
6298,5382,1,2026-05-18 05:31:45.751850518,Entregado,True
6299,5383,1,2026-04-26 13:18:50.273950075,Entregado,True
6300,5384,1,2025-06-26 09:16:34.763797074,Entregado,True
6301,5385,1,2026-03-20 02:55:53.762145423,Cliente ausente,False
6302,5385,2,2026-03-21 21:13:23.524290843,Entregado,True
6303,5386,1,2026-08-27 11:47:29.620851975,Entregado,True
6304,5387,1,2026-05-08 13:51:58.743584114,Entregado,True
6305,5388,1,2025-11-28 08:43:20.273989404,Entregado,True
6306,5389,1,2025-11-23 13:36:11.856121668,Entregado,True
6307,5390,1,2026-03-24 08:37:46.138318824,Entregado,True
6308,5391,1,2025-10-23 12:16:16.316103792,Cliente ausente,False
6309,5391,2,2025-10-24 15:52:20.632207587,Entregado,True
6310,5392,1,2025-02-02 17:29:45.154903293,Entregado,True
6311,5393,1,2025-05-12 10:37:52.346237862,Reprogramado,False
6312,5393,2,2025-05-13 07:34:20.692475727,Entregado,True
6313,5394,1,2026-06-16 10:36:14.677599661,Entregado,True
6314,5395,1,2025-11-24 05:38:28.951423720,Entregado,True
6315,5396,1,2025-09-27 21:02:57.604372314,Entregado,True
6316,5397,1,2025-10-14 23:29:03.550877556,Entregado,True
6317,5398,1,2025-10-20 00:00:20.915182638,Cliente ausente,False
6318,5398,2,2025-10-21 14:03:05.830365272,Entregado,True
6319,5399,1,2026-01-07 09:08:38.314681990,Entregado,True
6320,5400,1,2026-05-03 08:54:06.753983576,Entregado,True
6321,5401,1,2025-06-19 17:15:56.347436192,Entregado,True
6322,5402,1,2026-04-19 11:43:39.373112676,Entregado,True
6323,5403,1,2025-06-22 23:57:20.052538873,Entregado,True
6324,5404,1,2025-12-13 11:47:38.743037656,Cliente ausente,False
6325,5404,2,2025-12-14 17:31:05.486075310,Entregado,True
6326,5405,1,2025-03-20 07:56:08.228209358,Entregado,True
6327,5406,1,2025-03-28 13:57:15.231037701,Entregado,True
6328,5407,1,2025-07-22 15:28:51.757979685,Entregado,True
6329,5408,1,2026-08-16 17:22:39.004730076,Entregado,True
6330,5409,1,2025-12-30 08:08:52.863362847,Entregado,True
6331,5410,1,2026-07-20 15:40:00.645455460,Entregado,True
6332,5411,1,2025-10-29 18:06:00.000000000,Entregado,True
6333,5412,1,2025-10-22 12:29:52.541479194,Entregado,True
6334,5413,1,2025-04-20 00:10:20.424831751,Reprogramado,False
6335,5413,2,2025-04-20 15:09:52.849663506,Entregado,True
6336,5414,1,2026-01-03 06:19:24.168042174,Entregado,True
6337,5415,1,2026-08-26 22:14:02.645118679,Entregado,True
6338,5416,1,2026-05-13 02:24:38.144735636,Entregado,True
6339,5417,1,2025-09-26 00:11:09.050547397,Entregado,True
6340,5418,1,2025-04-06 04:05:59.103991172,Entregado,True
6341,5419,1,2025-03-09 13:49:56.072159223,Entregado,True
6342,5420,1,2026-03-04 18:45:32.638252662,Entregado,True
6343,5421,1,2026-01-07 04:41:15.208005580,Entregado,True
6344,5422,1,2025-04-15 20:51:25.531380212,Entregado,True
6345,5423,1,2026-07-29 15:16:33.613998488,Entregado,True
6346,5424,1,2026-04-23 08:44:23.942480532,Entregado,True
6347,5425,1,2025-03-02 15:15:36.000000000,Entregado,True
6348,5426,1,2025-01-13 18:25:13.585248606,Domicilio incorrecto,False
6349,5426,2,2025-01-15 02:01:15.170497215,Entregado,True
6350,5427,1,2026-04-13 02:35:54.391509092,Reprogramado,False
6351,5427,2,2026-04-14 21:23:48.783018181,Entregado,True
6352,5428,1,2025-07-16 18:57:39.782634775,Entregado,True
6353,5429,1,2025-03-18 18:45:08.722376578,Entregado,True
6354,5430,1,2026-01-24 09:55:09.457726429,Entregado,True
6355,5431,1,2025-05-17 07:29:14.440484662,Cliente ausente,False
6356,5431,2,2025-05-18 04:11:04.880969325,Entregado,True
6357,5432,1,2026-07-13 08:12:11.841771394,Entregado,True
6358,5433,1,2026-03-15 03:46:54.757654928,Entregado,True
6359,5434,1,2025-02-09 15:26:18.676639165,Entregado,True
6360,5435,1,2026-06-28 16:49:06.025824645,Entregado,True
6361,5436,1,2025-11-18 01:14:09.607415125,Entregado,True
6362,5437,1,2025-12-22 10:47:18.820700343,Entregado,True
6363,5438,1,2026-06-01 06:07:11.568121734,Entregado,True
6364,5439,1,2026-05-01 05:43:08.234042592,Entregado,True
6365,5440,1,2026-02-21 08:37:39.648642175,Entregado,True
6366,5441,1,2026-01-07 11:47:14.893911812,Cliente ausente,False
6367,5441,2,2026-01-09 03:21:53.787823624,Entregado,True
6368,5442,1,2025-12-13 09:58:53.893150680,Entregado,True
6369,5443,1,2025-11-21 18:43:48.000000000,Entregado,True
6370,5444,1,2025-12-04 19:14:33.914593827,Entregado,True
6371,5445,1,2025-10-27 23:43:24.571267122,Entregado,True
6372,5446,1,2025-01-24 13:07:48.000000000,Entregado,True
6373,5447,1,2026-03-22 07:31:27.825494059,Entregado,True
6374,5448,1,2025-04-16 18:31:13.432721451,Entregado,True
6375,5449,1,2026-02-20 14:20:37.749428044,Entregado,True
6376,5450,1,2026-07-29 15:48:45.852565957,Entregado,True
6377,5451,1,2025-09-03 17:51:39.855320200,Entregado,True
6378,5452,1,2025-12-11 04:34:46.454142968,Entregado,True
6379,5453,1,2025-06-23 16:24:28.765395662,Cliente ausente,False
6380,5453,2,2025-06-24 20:29:09.530791324,Reprogramado,False
6381,5453,3,2025-06-26 00:33:50.296186990,Entregado,True
6382,5454,1,2025-04-15 02:47:35.445865038,Entregado,True
6383,5455,1,2025-06-13 20:18:36.606228386,Entregado,True
6384,5456,1,2026-07-15 12:11:19.053455290,Entregado,True
6385,5457,1,2026-08-01 00:29:33.733762008,Entregado,True
6386,5458,1,2025-07-16 10:34:22.197716374,Cliente ausente,False
6387,5458,2,2025-07-17 14:02:44.395432749,Entregado,True
6388,5459,1,2025-09-06 12:51:10.319017262,Reprogramado,False
6389,5459,2,2025-09-08 21:41:44.638034524,Entregado,True
6390,5460,1,2025-11-28 13:38:45.392943354,Entregado,True
6391,5461,1,2025-06-08 19:01:25.109782680,Entregado,True
6392,5462,1,2026-08-10 07:55:22.166878687,Entregado,True
6393,5463,1,2025-02-27 06:32:35.434292199,Entregado,True
6394,5464,1,2026-05-04 01:47:12.518639523,Entregado,True
6395,5465,1,2025-09-02 01:24:38.271396412,Cliente ausente,False
6396,5465,2,2025-09-03 20:23:28.542792822,Entregado,True
6397,5466,1,2025-12-20 15:27:22.078425639,Entregado,True
6398,5467,1,2026-02-17 03:06:13.873541554,Entregado,True
6399,5468,1,2025-01-17 07:13:36.814201809,Entregado,True
6400,5469,1,2025-05-28 02:36:10.573389716,Entregado,True
6401,5470,1,2026-05-07 03:44:07.658983514,Entregado,True
6402,5471,1,2025-01-28 20:19:53.442385201,Entregado,True
6403,5472,1,2025-12-01 23:36:59.336664400,Entregado,True
6404,5473,1,2025-06-26 04:17:56.895620888,Entregado,True
6405,5474,1,2025-10-20 17:00:55.311020157,Entregado,True
6406,5475,1,2026-07-24 23:54:14.571303271,Entregado,True
6407,5476,1,2025-05-27 04:55:38.404166232,Entregado,True
6408,5477,1,2025-05-05 16:36:11.815815232,Entregado,True
6409,5478,1,2025-01-28 00:51:38.522627960,Cliente ausente,False
6410,5478,2,2025-01-28 18:19:53.045255920,Entregado,True
6411,5479,1,2025-03-07 21:57:01.469144246,Entregado,True
6412,5480,1,2025-04-16 11:30:52.547947523,Entregado,True
6413,5481,1,2026-01-27 07:33:19.521836982,Entregado,True
6414,5482,1,2025-04-08 12:41:00.245630875,Entregado,True
6415,5483,1,2025-03-12 17:58:54.755996725,Entregado,True
6416,5484,1,2025-09-11 07:22:35.921555986,Entregado,True
6417,5485,1,2025-05-25 05:54:42.847135506,Entregado,True
6418,5486,1,2025-09-27 04:25:05.691384447,Entregado,True
6419,5487,1,2026-05-07 03:10:53.432939506,Entregado,True
6420,5488,1,2026-05-14 09:54:09.444329078,Entregado,True
6421,5489,1,2026-04-27 22:44:11.805044542,Entregado,True
6422,5490,1,2026-05-05 11:35:24.000000000,Entregado,True
6423,5491,1,2025-01-02 16:46:00.000635685,Entregado,True
6424,5492,1,2025-01-10 12:00:51.017363528,Entregado,True
6425,5493,1,2026-01-20 05:54:51.304614134,Entregado,True
6426,5494,1,2025-11-01 06:11:13.485054037,Entregado,True
6427,5495,1,2026-02-22 16:24:53.796889389,Acceso restringido,False
6428,5495,2,2026-02-23 15:17:59.593778775,Entregado,True
6429,5496,1,2025-07-01 19:27:21.347710106,Entregado,True
6430,5497,1,2025-10-07 14:34:39.693599410,Entregado,True
6431,5498,1,2025-05-27 19:36:53.427983706,Entregado,True
6432,5499,1,2025-12-07 07:35:13.932260070,Entregado,True
6433,5500,1,2026-04-08 17:09:49.345111688,Entregado,True
6434,5501,1,2025-11-30 17:37:21.836033018,Entregado,True
6435,5502,1,2025-09-30 18:02:24.124329060,Entregado,True
6436,5503,1,2025-07-09 07:36:19.425814074,Entregado,True
6437,5504,1,2025-06-25 04:53:25.450878292,Entregado,True
6438,5505,1,2026-02-09 00:15:16.653975523,Entregado,True
6439,5506,1,2026-04-15 03:02:15.342868838,Cliente ausente,False
6440,5506,2,2026-04-17 00:11:42.685737676,Entregado,True
6441,5507,1,2025-09-09 16:13:09.549317874,Entregado,True
6442,5508,1,2026-06-07 19:12:09.756044132,Cliente ausente,False
6443,5508,2,2026-06-08 06:53:43.512088261,Entregado,True
6444,5509,1,2025-04-22 22:40:56.555512075,Cliente ausente,False
6445,5509,2,2025-04-24 03:59:41.111024150,Entregado,True
6446,5510,1,2025-11-02 08:08:56.817073233,Entregado,True
6447,5511,1,2026-04-19 07:30:14.420222510,Reprogramado,False
6448,5511,2,2026-04-20 08:31:40.840445024,Entregado,True
6449,5512,1,2025-10-22 19:26:58.946523594,Entregado,True
6450,5513,1,2026-08-14 18:24:18.810275508,Entregado,True
6451,5514,1,2025-06-28 15:27:54.907738326,Entregado,True
6452,5515,1,2025-12-08 17:33:48.796703215,Entregado,True
6453,5516,1,2025-01-18 05:47:59.636004064,Entregado,True
6454,5517,1,2025-11-19 16:32:11.726596374,Entregado,True
6455,5518,1,2025-02-12 17:52:36.293582931,Domicilio incorrecto,False
6456,5518,2,2025-02-13 05:01:24.587165863,Entregado,True
6457,5519,1,2026-04-09 23:33:59.927741737,Entregado,True
6458,5520,1,2025-04-16 10:02:32.554055553,Entregado,True
6459,5521,1,2025-01-12 10:08:03.385647693,Entregado,True
6460,5522,1,2025-12-05 08:45:12.749089575,Entregado,True
6461,5523,1,2025-04-22 05:48:49.241799424,Entregado,True
6462,5524,1,2025-12-21 19:17:33.719071577,Entregado,True
6463,5525,1,2025-03-26 16:25:15.582905788,Entregado,True
6464,5526,1,2026-07-09 17:04:48.000000000,Entregado,True
6465,5527,1,2026-01-24 00:49:30.936856501,Entregado,True
6466,5528,1,2025-03-28 22:41:20.373265482,Entregado,True
6467,5529,1,2025-03-28 01:47:02.292774331,Entregado,True
6468,5530,1,2025-08-17 19:02:08.289935440,Entregado,True
6469,5531,1,2025-01-23 22:34:03.419688075,Entregado,True
6470,5532,1,2025-02-05 10:21:28.044393372,Entregado,True
6471,5533,1,2026-03-20 20:37:18.507410364,Entregado,True
6472,5534,1,2025-09-30 07:03:48.593603142,Entregado,True
6473,5535,1,2026-02-13 23:47:53.460355563,Entregado,True
6474,5536,1,2026-05-25 22:58:53.046026889,Entregado,True
6475,5537,1,2025-11-03 07:27:24.888644622,Entregado,True
6476,5538,1,2025-10-15 19:39:34.132267580,Entregado,True
6477,5539,1,2026-07-06 13:42:39.200791813,Entregado,True
6478,5540,1,2025-01-29 11:04:48.000000000,Reprogramado,False
6479,5540,2,2025-01-29 14:04:48.000000000,Entregado,True
6480,5541,1,2026-01-28 11:15:30.315781216,Entregado,True
6481,5542,1,2026-02-22 00:34:45.896033877,Entregado,True
6482,5543,1,2025-05-23 05:58:08.989546332,Entregado,True
6483,5544,1,2025-09-07 00:08:40.297130012,Entregado,True
6484,5545,1,2025-01-06 10:28:28.108459840,Entregado,True
6485,5546,1,2026-03-26 00:50:24.000000000,Entregado,True
6486,5547,1,2025-09-25 01:49:27.242478811,Entregado,True
6487,5548,1,2025-09-10 06:14:07.087709839,Entregado,True
6488,5549,1,2026-06-28 23:10:32.973652153,Cliente ausente,False
6489,5549,2,2026-06-30 09:44:29.947304306,Entregado,True
6490,5550,1,2025-03-25 05:56:59.366338389,Entregado,True
6491,5551,1,2026-06-09 22:30:42.874225750,Entregado,True
6492,5552,1,2026-03-27 21:49:19.245478587,Entregado,True
6493,5553,1,2026-07-15 13:53:22.823198473,Entregado,True
6494,5554,1,2025-05-29 12:57:49.972170304,Entregado,True
6495,5555,1,2025-05-02 14:24:25.435662573,Entregado,True
6496,5556,1,2026-08-01 13:16:52.140837824,Cliente ausente,False
6497,5556,2,2026-08-02 15:18:08.281675652,Entregado,True
6498,5557,1,2025-03-13 14:42:28.769592902,Entregado,True
6499,5558,1,2025-07-25 01:33:30.792946932,Entregado,True
6500,5559,1,2025-07-01 07:56:49.950291400,Entregado,True
6501,5560,1,2026-08-18 18:11:42.347850475,Entregado,True
6502,5561,1,2026-07-25 06:40:50.195409402,Entregado,True
6503,5562,1,2025-04-21 09:21:26.401405186,Entregado,True
6504,5563,1,2026-03-03 08:58:54.800161842,Entregado,True
6505,5564,1,2026-05-20 13:01:37.352340368,Entregado,True
6506,5565,1,2026-02-11 15:02:02.369687485,Entregado,True
6507,5566,1,2025-04-02 11:01:40.647578318,Entregado,True
6508,5567,1,2025-10-22 19:07:58.663203988,Entregado,True
6509,5568,1,2026-01-29 02:28:03.620760002,Cliente ausente,False
6510,5568,2,2026-01-29 14:33:19.241520001,Entregado,True
6511,5569,1,2025-02-10 01:52:14.186721975,Entregado,True
6512,5570,1,2026-06-04 12:46:46.251997734,Entregado,True
6513,5571,1,2025-11-16 03:42:32.316010390,Entregado,True
6514,5572,1,2025-06-22 12:58:07.608734349,Cliente ausente,False
6515,5572,2,2025-06-23 21:30:27.217468699,Entregado,True
6516,5573,1,2026-02-12 06:39:53.676918525,Entregado,True
6517,5574,1,2025-09-22 12:14:28.133441199,Entregado,True
6518,5575,1,2026-05-03 02:38:43.230430392,Entregado,True
6519,5576,1,2025-01-28 13:58:10.858865548,Entregado,True
6520,5577,1,2026-05-10 23:12:36.000000000,Entregado,True
6521,5578,1,2025-02-24 19:33:36.010079686,Entregado,True
6522,5579,1,2025-09-09 09:37:52.330410386,Entregado,True
6523,5580,1,2025-10-02 10:52:57.679401633,Entregado,True
6524,5581,1,2025-09-18 10:57:17.110669178,Entregado,True
6525,5582,1,2025-07-11 12:07:25.224925666,Entregado,True
6526,5583,1,2026-07-31 11:58:01.441732040,Entregado,True
6527,5584,1,2026-03-25 04:45:50.985039142,Entregado,True
6528,5585,1,2026-05-19 23:27:15.952617035,Entregado,True
6529,5586,1,2026-01-29 01:02:17.397728070,Cliente ausente,False
6530,5586,2,2026-01-29 19:08:46.795456143,Entregado,True
6531,5587,1,2026-02-13 09:55:50.521770328,Entregado,True
6532,5588,1,2025-04-22 12:00:28.828573365,Entregado,True
6533,5589,1,2026-09-01 02:14:21.956090719,Entregado,True
6534,5590,1,2025-04-14 18:31:18.401023405,Reprogramado,False
6535,5590,2,2025-04-16 06:44:36.802046806,Acceso restringido,False
6536,5590,3,2025-04-17 18:57:55.203070212,Entregado,True
6537,5591,1,2025-08-15 20:13:55.763625230,Entregado,True
6538,5592,1,2025-12-23 06:37:16.455840448,Entregado,True
6539,5593,1,2025-06-10 14:06:39.991857739,Entregado,True
6540,5594,1,2026-02-11 10:52:23.463417712,Entregado,True
6541,5595,1,2025-11-22 20:08:28.123265450,Entregado,True
6542,5596,1,2026-04-14 02:34:57.989140251,Entregado,True
6543,5597,1,2025-04-05 14:32:52.231533856,Entregado,True
6544,5598,1,2025-10-01 05:02:55.486738374,Entregado,True
6545,5599,1,2026-06-19 17:47:55.946017536,Entregado,True
6546,5600,1,2025-07-15 16:36:44.598145550,Entregado,True
6547,5601,1,2025-06-21 02:13:51.928571751,Entregado,True
6548,5602,1,2026-04-07 06:55:00.706392397,Entregado,True
6549,5603,1,2025-01-14 06:00:33.030187560,Entregado,True
6550,5604,1,2025-07-01 14:42:14.637345336,Entregado,True
6551,5605,1,2025-08-24 06:51:09.520171282,Entregado,True
6552,5606,1,2025-02-01 09:26:57.573233617,Entregado,True
6553,5607,1,2026-06-17 15:59:52.834780104,Entregado,True
6554,5608,1,2025-01-07 08:34:39.167278419,Cliente ausente,False
6555,5608,2,2025-01-09 08:51:54.334556840,Entregado,True
6556,5609,1,2026-06-30 23:17:31.534146452,Acceso restringido,False
6557,5609,2,2026-07-01 15:19:27.068292904,Entregado,True
6558,5610,1,2025-05-22 03:51:22.011710972,Entregado,True
6559,5611,1,2025-04-09 18:18:28.469666984,Cliente ausente,False
6560,5611,2,2025-04-11 01:26:44.939333968,Entregado,True
6561,5612,1,2025-09-21 06:17:48.066622850,Entregado,True
6562,5613,1,2025-01-20 20:26:41.663152312,Entregado,True
6563,5614,1,2025-01-15 01:55:38.386221924,Entregado,True
6564,5615,1,2026-06-24 15:55:57.549891493,Entregado,True
6565,5616,1,2026-06-11 21:20:30.169168054,Entregado,True
6566,5617,1,2025-09-18 23:04:24.765027589,Entregado,True
6567,5618,1,2025-01-25 21:04:24.183673323,Domicilio incorrecto,False
6568,5618,2,2025-01-27 02:16:36.367346647,Entregado,True
6569,5619,1,2025-01-12 00:04:27.527723716,Entregado,True
6570,5620,1,2025-08-17 08:34:33.215446333,Cliente ausente,False
6571,5620,2,2025-08-18 01:13:54.430892666,Entregado,True
6572,5621,1,2026-01-12 01:59:46.257098996,Entregado,True
6573,5622,1,2025-05-06 10:09:56.125896364,Entregado,True
6574,5623,1,2026-04-05 03:44:14.316087040,Entregado,True
6575,5624,1,2025-08-13 05:49:36.417544222,Entregado,True
6576,5625,1,2025-09-17 04:48:15.624157726,Entregado,True
6577,5626,1,2026-01-25 02:55:00.567996088,Entregado,True
6578,5627,1,2026-03-18 13:33:19.473972440,Entregado,True
6579,5628,1,2025-02-09 19:21:54.828048283,Entregado,True
6580,5629,1,2025-08-22 18:02:42.339410955,Entregado,True
6581,5630,1,2025-05-29 07:20:30.243801706,Entregado,True
6582,5631,1,2025-06-11 10:19:58.200731180,Entregado,True
6583,5632,1,2025-10-12 00:21:11.298838050,Entregado,True
6584,5633,1,2025-10-06 12:50:44.277531187,Cliente ausente,False
6585,5633,2,2025-10-07 14:59:28.555062374,Entregado,True
6586,5634,1,2025-05-07 02:59:40.691342186,Entregado,True
6587,5635,1,2026-02-27 01:06:43.911082058,Entregado,True
6588,5636,1,2025-11-17 05:35:02.158429635,Entregado,True
6589,5637,1,2026-05-02 05:24:51.008536983,Entregado,True
6590,5638,1,2025-11-21 14:39:28.151129646,Cliente ausente,False
6591,5638,2,2025-11-22 19:52:32.302259292,Entregado,True
6592,5639,1,2026-02-01 05:56:59.835346414,Entregado,True
6593,5640,1,2025-07-08 17:13:23.975839207,Entregado,True
6594,5641,1,2026-04-13 02:15:32.762887603,Entregado,True
6595,5642,1,2025-02-28 05:52:22.624974209,Entregado,True
6596,5643,1,2026-04-04 07:32:46.768362324,Entregado,True
6597,5644,1,2025-07-30 18:55:57.370403031,Entregado,True
6598,5645,1,2025-03-16 11:44:01.303232924,Cliente ausente,False
6599,5645,2,2025-03-17 17:52:38.606465845,Entregado,True
6600,5646,1,2026-05-03 05:27:55.837308448,Entregado,True
6601,5647,1,2025-03-27 16:51:04.814282836,Entregado,True
6602,5648,1,2025-01-15 21:03:28.469354407,Entregado,True
6603,5649,1,2025-02-20 14:02:21.591591964,Entregado,True
6604,5650,1,2026-03-03 14:24:13.583986077,Entregado,True
6605,5651,1,2025-12-27 01:47:32.133115777,Entregado,True
6606,5652,1,2025-09-02 10:04:34.897215536,Entregado,True
6607,5653,1,2025-03-11 09:52:10.947481305,Entregado,True
6608,5654,1,2026-07-08 11:12:10.208660450,Entregado,True
6609,5655,1,2025-02-28 04:53:47.688801341,Entregado,True
6610,5656,1,2026-04-04 04:37:41.711967436,Entregado,True
6611,5657,1,2025-09-14 13:33:47.871411123,Entregado,True
6612,5658,1,2025-01-06 22:25:52.108524573,Cliente ausente,False
6613,5658,2,2025-01-07 15:09:08.217049150,Entregado,True
6614,5659,1,2026-08-09 14:59:25.547232408,Entregado,True
6615,5660,1,2025-11-26 09:58:16.885542230,Entregado,True
6616,5661,1,2025-04-10 09:33:25.164820450,Entregado,True
6617,5662,1,2025-06-11 20:10:33.588446995,Entregado,True
6618,5663,1,2026-02-13 08:57:24.744680251,Entregado,True
6619,5664,1,2026-08-02 20:59:20.325766923,Entregado,True
6620,5665,1,2025-11-26 09:00:54.163242302,Entregado,True
6621,5666,1,2025-09-01 05:43:13.611059097,Entregado,True
6622,5667,1,2026-05-22 03:00:51.519169638,Entregado,True
6623,5668,1,2026-01-05 00:16:40.297372950,Entregado,True
6624,5669,1,2026-03-20 12:20:33.594847026,Domicilio incorrecto,False
6625,5669,2,2026-03-22 14:03:19.189694055,Entregado,True
6626,5670,1,2025-06-04 16:44:17.140774020,Cliente ausente,False
6627,5670,2,2025-06-05 23:14:10.281548043,Entregado,True
6628,5671,1,2025-08-24 15:19:15.135716643,Entregado,True
6629,5672,1,2025-11-30 09:45:22.722118448,Cliente ausente,False
6630,5672,2,2025-12-01 04:40:21.444236896,Entregado,True
6631,5673,1,2026-05-13 10:23:39.369484644,Entregado,True
6632,5674,1,2025-12-01 09:01:50.194759281,Entregado,True
6633,5675,1,2025-05-13 17:17:46.378732797,Entregado,True
6634,5676,1,2025-06-27 20:57:19.859238244,Cliente ausente,False
6635,5676,2,2025-06-28 11:28:15.718476486,Entregado,True
6636,5677,1,2025-04-06 05:35:12.457482007,Cliente ausente,False
6637,5677,2,2025-04-06 21:46:24.914964018,Entregado,True
6638,5678,1,2025-11-17 21:12:38.769649246,Entregado,True
6639,5679,1,2025-04-15 02:01:01.407611380,Entregado,True
6640,5680,1,2025-07-17 03:12:14.194668560,Entregado,True
6641,5681,1,2025-07-31 07:23:55.630206258,Entregado,True
6642,5682,1,2026-08-31 00:40:12.000000000,Entregado,True
6643,5683,1,2026-04-20 17:56:12.252878354,Entregado,True
6644,5684,1,2025-01-08 20:29:24.000000000,Reprogramado,False
6645,5684,2,2025-01-08 23:29:24.000000000,Entregado,True
6646,5685,1,2025-05-17 14:45:13.129410369,Cliente ausente,False
6647,5685,2,2025-05-18 05:18:26.258820739,Entregado,True
6648,5686,1,2025-05-28 18:17:18.396927740,Cliente ausente,False
6649,5686,2,2025-05-30 03:10:36.793855477,Entregado,True
6650,5687,1,2026-04-06 04:50:16.912748234,Entregado,True
6651,5688,1,2026-03-17 05:54:03.304709827,Entregado,True
6652,5689,1,2026-02-22 06:23:27.196814658,Entregado,True
6653,5690,1,2026-05-17 23:47:03.944502556,Entregado,True
6654,5691,1,2025-08-22 13:29:48.493683114,Entregado,True
6655,5692,1,2025-04-14 07:56:36.558347092,Entregado,True
6656,5693,1,2026-05-23 13:39:49.621268484,Domicilio incorrecto,False
6657,5693,2,2026-05-24 11:07:39.242536964,Entregado,True
6658,5694,1,2025-04-16 10:00:10.904451750,Entregado,True
6659,5695,1,2025-12-04 07:48:27.944883676,Entregado,True
6660,5696,1,2026-03-25 23:59:06.245259435,Entregado,True
6661,5697,1,2026-03-21 14:44:34.494131266,Reprogramado,False
6662,5697,2,2026-03-22 18:53:44.988262533,Entregado,True
6663,5698,1,2025-04-30 15:16:06.007243422,Entregado,True
6664,5699,1,2026-06-03 16:38:07.485457239,Entregado,True
6665,5700,1,2026-07-23 19:46:44.640720951,Entregado,True
6666,5701,1,2026-06-16 19:32:11.782578897,Entregado,True
6667,5702,1,2025-04-03 11:48:24.218141400,Entregado,True
6668,5703,1,2026-04-24 06:48:39.017737551,Entregado,True
6669,5704,1,2026-05-03 07:08:01.619027840,Entregado,True
6670,5705,1,2026-01-19 15:07:43.678354104,Entregado,True
6671,5706,1,2025-10-11 04:03:20.587249944,Entregado,True
6672,5707,1,2025-06-06 09:13:00.000797710,Entregado,True
6673,5708,1,2025-07-02 06:07:11.003191770,Entregado,True
6674,5709,1,2025-03-31 12:06:19.315449882,Entregado,True
6675,5710,1,2026-02-11 04:33:25.018764224,Entregado,True
6676,5711,1,2026-05-13 12:13:59.501351906,Entregado,True
6677,5712,1,2025-09-24 20:04:35.546222798,Entregado,True
6678,5713,1,2026-08-19 10:34:55.302145248,Entregado,True
6679,5714,1,2025-03-07 12:13:17.367383798,Entregado,True
6680,5715,1,2025-05-01 01:57:42.291750934,Cliente ausente,False
6681,5715,2,2025-05-02 16:15:12.583501873,Entregado,True
6682,5716,1,2025-12-09 20:40:28.742792833,Entregado,True
6683,5717,1,2025-11-12 10:15:15.091396286,Entregado,True
6684,5718,1,2025-06-16 20:55:58.100139606,Entregado,True
6685,5719,1,2026-05-21 20:02:33.763235892,Entregado,True
6686,5720,1,2025-10-25 01:31:25.662437713,Entregado,True
6687,5721,1,2026-01-16 10:53:24.990867823,Entregado,True
6688,5722,1,2026-06-28 18:43:32.579628366,Entregado,True
6689,5723,1,2026-02-08 14:59:39.521271764,Entregado,True
6690,5724,1,2026-02-08 03:23:03.636251001,Entregado,True
6691,5725,1,2026-02-05 02:27:14.787397695,Reprogramado,False
6692,5725,2,2026-02-06 13:01:41.574795391,Entregado,True
6693,5726,1,2026-05-03 21:05:24.000000000,Entregado,True
6694,5727,1,2026-06-01 20:51:02.034312735,Entregado,True
6695,5728,1,2025-01-25 14:17:20.922736408,Entregado,True
6696,5729,1,2025-03-02 21:42:18.550372953,Entregado,True
6697,5730,1,2025-08-30 13:45:55.525989067,Entregado,True
6698,5731,1,2025-11-21 22:19:09.793919082,Entregado,True
6699,5732,1,2026-04-30 02:02:21.049822269,Entregado,True
6700,5733,1,2026-07-30 05:50:23.809434320,Entregado,True
6701,5734,1,2026-02-19 01:45:37.609869160,Entregado,True
6702,5735,1,2025-11-20 11:51:49.221884750,Entregado,True
6703,5736,1,2026-02-07 13:24:24.110536636,Entregado,True
6704,5737,1,2025-02-28 10:29:24.000000000,Entregado,True
6705,5738,1,2025-02-23 22:41:13.204590068,Reprogramado,False
6706,5738,2,2025-02-25 04:26:38.409180133,Domicilio incorrecto,False
6707,5738,3,2025-02-26 10:12:03.613770201,Entregado,True
6708,5739,1,2025-03-07 02:18:11.795813859,Entregado,True
6709,5740,1,2025-05-02 16:45:59.351060872,Entregado,True
6710,5741,1,2025-10-15 06:50:23.720666523,Entregado,True
6711,5742,1,2025-01-22 06:23:52.289863878,Entregado,True
6712,5743,1,2025-01-09 21:23:35.188613484,Entregado,True
6713,5744,1,2026-01-31 00:14:56.207547567,Entregado,True
6714,5745,1,2025-06-12 21:51:03.343206150,Entregado,True
6715,5746,1,2025-05-25 21:23:12.000611839,Entregado,True
6716,5747,1,2026-02-04 14:12:01.303442690,Entregado,True
6717,5748,1,2025-01-21 11:37:46.535793117,Entregado,True
6718,5749,1,2026-08-04 08:42:44.728456280,Reprogramado,False
6719,5749,2,2026-08-05 02:15:53.456912564,Acceso restringido,False
6720,5749,3,2026-08-05 19:49:02.185368844,Entregado,True
6721,5750,1,2025-04-27 18:39:02.647667160,Entregado,True
6722,5751,1,2026-04-09 16:16:50.230602519,Entregado,True
6723,5752,1,2025-10-16 03:14:09.348609192,Entregado,True
6724,5753,1,2025-01-07 02:42:00.858180175,Entregado,True
6725,5754,1,2025-05-12 11:06:23.840738596,Entregado,True
6726,5755,1,2025-03-26 01:42:29.681224930,Entregado,True
6727,5756,1,2025-04-29 14:06:21.051989978,Entregado,True
6728,5757,1,2025-01-31 11:34:50.047390477,Entregado,True
6729,5758,1,2025-12-27 03:07:24.391417915,Entregado,True
6730,5759,1,2025-06-08 07:56:20.027627775,Acceso restringido,False
6731,5759,2,2025-06-10 02:26:52.055255547,Entregado,True
6732,5760,1,2025-02-03 16:46:45.861214119,Entregado,True
6733,5761,1,2025-10-17 05:37:09.743759940,Entregado,True
6734,5762,1,2025-12-04 20:28:57.485753821,Entregado,True
6735,5763,1,2026-07-27 02:08:47.084466159,Entregado,True
6736,5764,1,2025-05-05 17:03:14.465227521,Cliente ausente,False
6737,5764,2,2025-05-06 23:11:16.930455039,Entregado,True
6738,5765,1,2026-01-07 02:01:46.816038159,Entregado,True
6739,5766,1,2025-11-11 14:47:52.797173809,Entregado,True
6740,5767,1,2025-01-30 10:46:09.875404491,Entregado,True
6741,5768,1,2025-06-07 22:31:13.083562328,Entregado,True
6742,5769,1,2025-08-20 07:59:07.734736345,Entregado,True
6743,5770,1,2026-07-07 06:07:51.298885639,Entregado,True
6744,5771,1,2026-04-22 01:25:18.601254044,Entregado,True
6745,5772,1,2025-11-16 13:51:29.630997781,Entregado,True
6746,5773,1,2025-08-16 01:58:30.618690494,Entregado,True
6747,5774,1,2025-02-05 01:55:58.796339008,Entregado,True
6748,5775,1,2025-04-02 04:09:37.509687144,Entregado,True
6749,5776,1,2025-12-02 10:50:10.867219040,Entregado,True
6750,5777,1,2025-02-09 12:19:48.000000000,Entregado,True
6751,5778,1,2026-01-11 22:36:08.550217508,Entregado,True
6752,5779,1,2025-10-27 16:03:30.960029458,Entregado,True
6753,5780,1,2025-01-19 13:40:57.881381358,Cliente ausente,False
6754,5780,2,2025-01-20 20:54:19.762762712,Entregado,True
6755,5781,1,2026-06-13 09:04:12.282535120,Entregado,True
6756,5782,1,2025-05-14 09:59:08.998665280,Domicilio incorrecto,False
6757,5782,2,2025-05-16 09:10:17.997330561,Entregado,True
6758,5783,1,2025-10-19 22:48:38.671392326,Cliente ausente,False
6759,5783,2,2025-10-22 09:44:29.342784652,Entregado,True
6760,5784,1,2025-08-01 07:44:44.931541034,Entregado,True
6761,5785,1,2025-11-24 13:03:56.848711161,Entregado,True
6762,5786,1,2026-05-19 21:26:40.857914367,Acceso restringido,False
6763,5786,2,2026-05-21 07:21:33.715828735,Reprogramado,False
6764,5786,3,2026-05-22 17:16:26.573743102,Entregado,True
6765,5787,1,2025-10-08 10:57:29.886923678,Cliente ausente,False
6766,5787,2,2025-10-10 01:39:23.773847353,Entregado,True
6767,5788,1,2026-01-20 18:47:49.567134973,Entregado,True
6768,5789,1,2025-11-08 12:50:26.826132033,Entregado,True
6769,5790,1,2025-10-07 21:09:16.139326035,Entregado,True
6770,5791,1,2025-03-18 22:05:20.820900433,Entregado,True
6771,5792,1,2025-10-27 11:20:20.085745693,Entregado,True
6772,5793,1,2026-01-14 03:49:32.223585194,Cliente ausente,False
6773,5793,2,2026-01-15 00:01:16.447170388,Domicilio incorrecto,False
6774,5793,3,2026-01-15 20:13:00.670755583,Entregado,True
6775,5794,1,2026-03-11 08:57:16.491281072,Entregado,True
6776,5795,1,2025-04-26 00:51:15.107794718,Entregado,True
6777,5796,1,2025-03-14 13:25:50.094452053,Entregado,True
6778,5797,1,2025-11-14 15:42:58.143932694,Domicilio incorrecto,False
6779,5797,2,2025-11-15 18:41:32.287865384,Entregado,True
6780,5798,1,2025-01-24 15:46:13.973161119,Entregado,True
6781,5799,1,2025-07-10 13:56:40.803791712,Entregado,True
6782,5800,1,2025-05-04 05:15:15.446965247,Entregado,True
6783,5801,1,2025-12-11 14:05:16.429477765,Entregado,True
6784,5802,1,2025-11-01 09:25:28.265329012,Entregado,True
6785,5803,1,2026-03-26 23:21:21.164702889,Entregado,True
6786,5804,1,2026-05-13 00:48:45.871886376,Entregado,True
6787,5805,1,2026-06-07 22:40:12.186601068,Entregado,True
6788,5806,1,2025-07-06 05:55:02.433460004,Entregado,True
6789,5807,1,2025-11-30 00:55:00.430834796,Cliente ausente,False
6790,5807,2,2025-12-01 13:50:36.861669589,Entregado,True
6791,5808,1,2026-08-03 02:35:06.468759160,Entregado,True
6792,5809,1,2025-12-20 09:32:34.059643486,Entregado,True
6793,5810,1,2025-11-20 08:03:21.513783027,Entregado,True
6794,5811,1,2026-06-23 20:16:21.394242760,Entregado,True
6795,5812,1,2026-02-20 22:30:06.937055899,Entregado,True
6796,5813,1,2025-06-08 08:45:31.051563022,Entregado,True
6797,5814,1,2026-06-17 15:14:24.000000000,Entregado,True
6798,5815,1,2026-05-21 02:46:53.955955722,Entregado,True
6799,5816,1,2026-05-02 00:50:18.626499427,Cliente ausente,False
6800,5816,2,2026-05-02 17:47:49.252998854,Entregado,True
6801,5817,1,2025-06-03 20:23:32.629741868,Cliente ausente,False
6802,5817,2,2025-06-04 09:34:29.259483733,Entregado,True
6803,5818,1,2025-03-13 05:06:29.635831573,Entregado,True
6804,5819,1,2026-05-08 10:23:59.134306275,Entregado,True
6805,5820,1,2025-02-13 08:17:06.563892548,Entregado,True
6806,5821,1,2026-06-12 20:38:41.920361754,Cliente ausente,False
6807,5821,2,2026-06-14 04:53:59.840723504,Entregado,True
6808,5822,1,2025-06-22 07:27:55.096212999,Entregado,True
6809,5823,1,2025-04-24 10:23:05.547359896,Cliente ausente,False
6810,5823,2,2025-04-26 05:28:11.094719790,Entregado,True
6811,5824,1,2026-04-10 09:48:11.857231436,Entregado,True
6812,5825,1,2025-09-16 21:47:09.607219792,Entregado,True
6813,5826,1,2025-06-08 06:23:22.596449233,Entregado,True
6814,5827,1,2025-10-29 12:31:59.576436458,Entregado,True
6815,5828,1,2026-03-05 17:34:27.148052589,Entregado,True
6816,5829,1,2025-05-04 15:25:57.284040252,Entregado,True
6817,5830,1,2026-08-27 20:19:33.334865464,Entregado,True
6818,5831,1,2025-02-02 16:14:04.274773641,Entregado,True
6819,5832,1,2025-08-20 01:59:39.496114122,Entregado,True
6820,5833,1,2025-09-13 17:56:13.332416287,Entregado,True
6821,5834,1,2026-02-13 03:51:50.687247325,Entregado,True
6822,5835,1,2025-06-13 14:58:14.258863898,Entregado,True
6823,5836,1,2026-03-09 09:53:08.881632664,Domicilio incorrecto,False
6824,5836,2,2026-03-10 13:20:29.763265333,Entregado,True
6825,5837,1,2025-06-06 18:18:24.463299067,Cliente ausente,False
6826,5837,2,2025-06-07 18:33:12.926598134,Entregado,True
6827,5838,1,2025-11-22 11:53:16.280429264,Entregado,True
6828,5839,1,2025-07-14 17:39:13.040535574,Entregado,True
6829,5840,1,2025-06-29 17:58:38.182551898,Entregado,True
6830,5841,1,2026-06-02 05:33:33.323606672,Reprogramado,False
6831,5841,2,2026-06-02 17:29:54.647213348,Entregado,True
6832,5842,1,2026-06-11 08:41:31.729268068,Entregado,True
6833,5843,1,2026-07-27 18:25:58.079618119,Entregado,True
6834,5844,1,2025-12-07 18:22:32.428722158,Entregado,True
6835,5845,1,2026-09-01 18:26:02.780855988,Entregado,True
6836,5846,1,2025-11-17 16:24:24.644576728,Entregado,True
6837,5847,1,2025-04-24 10:02:31.960698666,Entregado,True
6838,5848,1,2026-04-23 13:36:34.820919036,Entregado,True
6839,5849,1,2025-01-19 08:44:23.009636522,Entregado,True
6840,5850,1,2025-08-11 17:37:40.876803764,Entregado,True
6841,5851,1,2026-05-04 03:36:30.058836127,Entregado,True
6842,5852,1,2025-11-02 19:18:20.380769535,Entregado,True
6843,5853,1,2026-06-05 13:37:16.933532764,Entregado,True
6844,5854,1,2025-05-11 22:37:21.879255219,Entregado,True
6845,5855,1,2025-01-25 17:02:47.928985278,Entregado,True
6846,5856,1,2026-06-26 20:58:45.053917305,Reprogramado,False
6847,5856,2,2026-06-27 22:02:18.107834611,Entregado,True
6848,5857,1,2025-05-14 19:02:24.588393108,Entregado,True
6849,5858,1,2026-07-13 05:03:01.135358820,Entregado,True
6850,5859,1,2025-11-19 11:39:37.814531122,Entregado,True
6851,5860,1,2026-05-16 11:05:21.370743715,Entregado,True
6852,5861,1,2026-01-18 06:14:24.000000000,Entregado,True
6853,5862,1,2026-06-29 20:48:35.593854500,Entregado,True
6854,5863,1,2025-01-13 23:24:31.475367813,Entregado,True
6855,5864,1,2025-03-25 03:08:13.940271222,Entregado,True
6856,5865,1,2025-06-07 13:59:13.095354037,Entregado,True
6857,5866,1,2025-06-17 11:19:27.286785832,Entregado,True
6858,5867,1,2025-01-26 05:54:07.791855577,Entregado,True
6859,5868,1,2025-12-01 01:23:56.671202310,Entregado,True
6860,5869,1,2026-07-18 18:20:26.607782792,Entregado,True
6861,5870,1,2026-06-04 13:33:23.788607511,Entregado,True
6862,5871,1,2026-05-29 20:46:15.882879241,Entregado,True
6863,5872,1,2026-08-18 23:02:36.858417615,Entregado,True
6864,5873,1,2025-07-01 01:57:17.941591188,Cliente ausente,False
6865,5873,2,2025-07-01 17:54:35.883182372,Reprogramado,False
6866,5873,3,2025-07-02 09:51:53.824773560,Entregado,True
6867,5874,1,2025-10-22 08:41:14.308121378,Entregado,True
6868,5875,1,2025-03-26 12:39:43.445075166,Entregado,True
6869,5876,1,2025-04-03 16:51:36.498968748,Entregado,True
6870,5877,1,2026-03-19 13:56:48.263261647,Entregado,True
6871,5878,1,2025-07-13 17:59:42.704994390,Entregado,True
6872,5879,1,2026-05-07 05:52:34.606314112,Entregado,True
6873,5880,1,2025-12-16 05:49:14.839756215,Domicilio incorrecto,False
6874,5880,2,2025-12-16 22:21:41.679512427,Entregado,True
6875,5881,1,2025-03-31 22:53:24.196977247,Entregado,True
6876,5882,1,2026-01-11 12:52:35.786606275,Entregado,True
6877,5883,1,2026-03-11 02:33:50.605051010,Entregado,True
6878,5884,1,2025-05-30 03:57:51.631402539,Entregado,True
6879,5885,1,2025-01-07 17:43:06.791774764,Entregado,True
6880,5886,1,2026-06-16 00:05:18.384861278,Cliente ausente,False
6881,5886,2,2026-06-17 12:58:36.769722560,Entregado,True
6882,5887,1,2025-11-11 21:20:27.695923998,Entregado,True
6883,5888,1,2025-11-25 00:53:40.379623688,Cliente ausente,False
6884,5888,2,2025-11-26 21:26:56.759247376,Entregado,True
6885,5889,1,2025-03-23 20:08:37.658476993,Domicilio incorrecto,False
6886,5889,2,2025-03-24 15:20:15.316953986,Entregado,True
6887,5890,1,2025-06-05 20:54:45.071583886,Entregado,True
6888,5891,1,2026-02-07 17:23:38.852917969,Entregado,True
6889,5892,1,2026-05-03 20:30:21.363705338,Cliente ausente,False
6890,5892,2,2026-05-04 07:24:42.727410676,Entregado,True
6891,5893,1,2025-03-11 10:51:40.229225474,Entregado,True
6892,5894,1,2025-03-31 09:47:38.990193280,Entregado,True
6893,5895,1,2025-05-17 12:15:17.091175410,Entregado,True
6894,5896,1,2025-07-25 03:59:02.732389436,Entregado,True
6895,5897,1,2026-03-07 05:48:16.687215777,Entregado,True
6896,5898,1,2025-06-29 05:37:32.636844418,Entregado,True
6897,5899,1,2025-12-06 16:05:50.836588731,Entregado,True
6898,5900,1,2025-03-22 01:16:51.487748209,Entregado,True
6899,5901,1,2026-08-23 13:47:45.887591713,Entregado,True
6900,5902,1,2026-06-18 21:47:31.681419457,Entregado,True
6901,5903,1,2026-01-14 00:33:21.497064012,Entregado,True
6902,5904,1,2025-06-16 01:40:46.370416530,Entregado,True
6903,5905,1,2026-06-25 06:10:22.787908485,Cliente ausente,False
6904,5905,2,2026-06-26 06:08:45.575816971,Entregado,True
6905,5906,1,2025-06-07 12:34:16.091115304,Entregado,True
6906,5907,1,2025-05-06 01:23:06.476472992,Entregado,True
6907,5908,1,2026-08-24 09:02:55.920661591,Entregado,True
6908,5909,1,2025-07-22 23:42:24.751948438,Entregado,True
6909,5910,1,2025-06-18 17:59:24.000000000,Entregado,True
6910,5911,1,2025-03-12 22:26:49.558186489,Entregado,True
6911,5912,1,2025-11-28 05:28:36.920498545,Entregado,True
6912,5913,1,2026-03-21 20:09:00.519168764,Entregado,True
6913,5914,1,2026-05-12 02:51:06.196208201,Entregado,True
6914,5915,1,2025-11-25 12:32:39.012836002,Entregado,True
6915,5916,1,2026-05-15 13:21:46.902991086,Cliente ausente,False
6916,5916,2,2026-05-17 19:06:21.805982168,Entregado,True
6917,5917,1,2026-02-26 16:05:14.579145337,Entregado,True
6918,5918,1,2026-05-19 22:52:38.965827212,Entregado,True
6919,5919,1,2026-06-24 21:32:56.904523602,Domicilio incorrecto,False
6920,5919,2,2026-06-25 16:37:41.809047204,Entregado,True
6921,5920,1,2025-10-22 18:29:43.179091609,Entregado,True
6922,5921,1,2025-10-17 12:04:19.737482509,Entregado,True
6923,5922,1,2026-03-12 19:15:04.222959256,Entregado,True
6924,5923,1,2026-05-19 21:39:59.128751188,Entregado,True
6925,5924,1,2025-03-28 01:22:02.537551700,Reprogramado,False
6926,5924,2,2025-03-29 18:14:41.075103397,Entregado,True
6927,5925,1,2026-06-07 09:38:34.543689115,Entregado,True
6928,5926,1,2026-07-17 15:32:27.678474279,Entregado,True
6929,5927,1,2026-05-31 20:24:03.353377320,Entregado,True
6930,5928,1,2026-06-02 00:32:27.878423175,Cliente ausente,False
6931,5928,2,2026-06-03 10:49:19.756846351,Entregado,True
6932,5929,1,2026-05-14 05:39:20.559542403,Entregado,True
6933,5930,1,2026-08-29 04:12:23.527106305,Entregado,True
6934,5931,1,2026-06-14 16:40:35.812755696,Entregado,True
6935,5932,1,2025-12-31 18:22:14.250051069,Entregado,True
6936,5933,1,2026-06-30 08:10:45.562773414,Entregado,True
6937,5934,1,2026-03-02 22:53:35.538235000,Entregado,True
6938,5935,1,2026-07-29 12:00:36.000000000,Entregado,True
6939,5936,1,2026-01-03 07:40:02.196953374,Entregado,True
6940,5937,1,2025-04-19 15:15:36.002369898,Entregado,True
6941,5938,1,2025-11-19 15:58:27.100428139,Cliente ausente,False
6942,5938,2,2025-11-21 20:33:30.200856282,Entregado,True
6943,5939,1,2026-05-28 18:13:12.985070779,Entregado,True
6944,5940,1,2025-02-13 07:38:32.676139316,Entregado,True
6945,5941,1,2025-11-02 20:17:33.012122607,Entregado,True
6946,5942,1,2026-02-21 08:05:11.043578112,Entregado,True
6947,5943,1,2026-03-27 03:58:02.783901529,Entregado,True
6948,5944,1,2026-01-31 08:04:29.621185269,Entregado,True
6949,5945,1,2026-08-20 13:00:37.380128475,Entregado,True
6950,5946,1,2026-01-03 03:11:05.221904618,Entregado,True
6951,5947,1,2026-03-07 14:14:15.309390472,Entregado,True
6952,5948,1,2025-06-03 14:32:41.868971289,Entregado,True
6953,5949,1,2026-08-14 22:38:39.914605640,Entregado,True
6954,5950,1,2025-08-14 05:35:01.201715163,Entregado,True
6955,5951,1,2025-09-25 10:48:15.298589757,Entregado,True
6956,5952,1,2025-08-18 11:55:57.777697531,Entregado,True
6957,5953,1,2026-03-18 23:01:41.229895627,Entregado,True
6958,5954,1,2025-06-01 11:35:08.481996484,Entregado,True
6959,5955,1,2025-05-27 18:41:06.442741518,Entregado,True
6960,5956,1,2025-03-12 05:52:42.158738305,Entregado,True
6961,5957,1,2025-02-27 00:08:40.067522199,Entregado,True
6962,5958,1,2026-02-07 20:44:44.159269405,Entregado,True
6963,5959,1,2026-07-09 04:43:45.100096104,Entregado,True
6964,5960,1,2025-10-28 21:36:14.534626597,Entregado,True
6965,5961,1,2026-07-14 00:34:10.021186016,Entregado,True
6966,5962,1,2025-11-18 15:49:17.539998751,Entregado,True
6967,5963,1,2026-03-23 14:06:03.890260472,Entregado,True
6968,5964,1,2025-04-10 23:45:04.968596185,Entregado,True
6969,5965,1,2025-05-11 00:57:44.128409518,Entregado,True
6970,5966,1,2025-06-29 08:51:23.252639781,Entregado,True
6971,5967,1,2025-10-14 00:35:33.451194440,Entregado,True
6972,5968,1,2026-03-29 15:15:24.512974261,Entregado,True
6973,5969,1,2025-11-21 09:28:38.638080062,Entregado,True
6974,5970,1,2025-09-09 13:42:23.194877634,Entregado,True
6975,5971,1,2026-01-07 15:52:44.783244660,Entregado,True
6976,5972,1,2025-04-03 09:02:07.394072200,Entregado,True
6977,5973,1,2025-05-14 07:41:03.040040169,Entregado,True
6978,5974,1,2026-06-10 17:44:29.831932474,Cliente ausente,False
6979,5974,2,2026-06-11 10:04:23.663864949,Entregado,True
6980,5975,1,2025-02-01 22:34:45.700965615,Entregado,True
6981,5976,1,2026-06-28 22:33:02.374761297,Cliente ausente,False
6982,5976,2,2026-06-29 15:10:52.749522595,Entregado,True
6983,5977,1,2025-04-01 18:36:42.414188965,Entregado,True
6984,5978,1,2025-02-28 18:41:14.226382561,Entregado,True
6985,5979,1,2025-01-26 20:23:02.699491257,Entregado,True
6986,5980,1,2025-07-11 15:21:21.687440619,Reprogramado,False
6987,5980,2,2025-07-13 11:22:19.374881235,Entregado,True
6988,5981,1,2025-03-19 13:29:40.038546256,Entregado,True
6989,5982,1,2026-01-10 15:21:02.389014165,Entregado,True
6990,5983,1,2025-07-04 23:58:18.496265826,Entregado,True
6991,5984,1,2025-06-04 11:06:18.600478153,Entregado,True
6992,5985,1,2025-09-30 15:47:22.812917996,Entregado,True
6993,5986,1,2025-10-08 18:45:44.895797474,Entregado,True
6994,5987,1,2025-12-10 14:33:59.484307222,Entregado,True
6995,5988,1,2025-01-24 12:00:34.319199888,Entregado,True
6996,5989,1,2026-03-10 20:09:38.575786834,Entregado,True
6997,5990,1,2026-06-11 22:13:04.640561522,Cliente ausente,False
6998,5990,2,2026-06-13 09:38:09.281123044,Entregado,True
6999,5991,1,2026-08-30 02:05:56.984698280,Domicilio incorrecto,False
7000,5991,2,2026-08-30 14:36:29.969396564,Acceso restringido,False
7001,5991,3,2026-08-31 03:07:02.954094844,Entregado,True
7002,5992,1,2025-02-23 08:17:23.659621648,Entregado,True
7003,5993,1,2025-02-14 08:30:38.095431166,Entregado,True
7004,5994,1,2026-06-04 08:06:27.973999792,Entregado,True
7005,5995,1,2026-02-15 03:30:41.863953851,Entregado,True
7006,5996,1,2025-05-20 00:23:53.001662161,Cliente ausente,False
7007,5996,2,2025-05-20 22:05:46.003324322,Entregado,True
7008,5997,1,2025-04-12 05:23:18.347368560,Entregado,True
7009,5998,1,2025-12-09 13:08:14.402037260,Entregado,True
7010,5999,1,2025-11-15 17:40:08.643643993,Entregado,True
7011,6000,1,2025-08-15 16:37:53.062735861,Entregado,True
7012,6001,1,2025-09-07 12:23:10.590212011,Entregado,True
7013,6002,1,2025-03-21 09:11:29.282428647,Entregado,True
7014,6003,1,2026-04-20 00:13:54.383734657,Entregado,True
7015,6004,1,2025-03-21 09:09:04.084522027,Cliente ausente,False
7016,6004,2,2025-03-23 15:45:08.169044058,Entregado,True
7017,6005,1,2025-09-21 20:24:57.293749386,Entregado,True
7018,6006,1,2025-01-06 07:04:00.512006242,Entregado,True
7019,6007,1,2025-01-20 00:13:38.462167088,Entregado,True
7020,6008,1,2025-12-12 11:59:52.225002686,Cliente ausente,False
7021,6008,2,2025-12-14 01:36:56.450005369,Entregado,True
7022,6009,1,2025-01-12 18:57:10.077117274,Cliente ausente,False
7023,6009,2,2025-01-13 08:08:08.154234553,Cliente ausente,False
7024,6009,3,2025-01-13 21:19:06.231351827,Entregado,True
7025,6010,1,2025-09-04 22:45:48.088864598,Entregado,True
7026,6011,1,2025-06-25 09:01:41.979823651,Entregado,True
7027,6012,1,2026-05-05 01:12:44.990423535,Entregado,True
7028,6013,1,2025-10-09 02:56:24.000000000,Entregado,True
7029,6014,1,2025-11-07 19:07:35.983098566,Entregado,True
7030,6015,1,2025-06-10 20:08:51.879539032,Entregado,True
7031,6016,1,2025-09-11 21:47:39.689306527,Entregado,True
7032,6017,1,2025-12-06 04:42:02.882554966,Entregado,True
7033,6018,1,2025-08-13 22:40:09.159396589,Entregado,True
7034,6019,1,2025-08-03 23:09:18.329377924,Entregado,True
7035,6020,1,2025-05-15 16:55:37.363303884,Entregado,True
7036,6021,1,2026-05-13 12:08:50.961892228,Entregado,True
7037,6022,1,2026-07-02 16:11:07.565029072,Entregado,True
7038,6023,1,2025-07-02 23:26:23.533479106,Entregado,True
7039,6024,1,2025-06-11 22:20:46.806338745,Entregado,True
7040,6025,1,2026-08-31 10:15:55.268272479,Entregado,True
7041,6026,1,2026-01-24 16:18:16.338059287,Entregado,True
7042,6027,1,2025-07-17 06:46:16.669383999,Entregado,True
7043,6028,1,2026-04-30 10:44:00.692570151,Entregado,True
7044,6029,1,2026-05-20 22:19:18.477959638,Entregado,True
7045,6030,1,2026-05-05 22:10:41.899240055,Cliente ausente,False
7046,6030,2,2026-05-06 18:46:35.798480111,Cliente ausente,False
7047,6030,3,2026-05-07 15:22:29.697720167,Entregado,True
7048,6031,1,2025-12-19 05:42:21.160283688,Entregado,True
7049,6032,1,2026-06-15 22:32:52.038598549,Entregado,True
7050,6033,1,2025-08-25 16:49:49.674443566,Entregado,True
7051,6034,1,2026-08-04 12:32:10.922684424,Entregado,True
7052,6035,1,2026-02-16 00:48:01.899785869,Entregado,True
7053,6036,1,2025-10-06 23:15:51.082988101,Entregado,True
7054,6037,1,2026-04-05 17:34:06.988862283,Entregado,True
7055,6038,1,2026-03-30 21:13:09.491237734,Entregado,True
7056,6039,1,2026-02-18 22:12:04.353114762,Entregado,True
7057,6040,1,2025-01-19 09:33:28.006725019,Entregado,True
7058,6041,1,2025-03-16 07:02:09.343656668,Entregado,True
7059,6042,1,2026-01-15 15:00:20.793786397,Entregado,True
7060,6043,1,2025-12-23 18:24:33.909102615,Entregado,True
7061,6044,1,2025-06-02 15:48:51.148307552,Entregado,True
7062,6045,1,2025-09-21 08:21:41.320436688,Entregado,True
7063,6046,1,2025-03-24 05:20:26.286494550,Entregado,True
7064,6047,1,2025-04-19 02:51:22.735533646,Entregado,True
7065,6048,1,2026-06-10 09:42:08.165378199,Entregado,True
7066,6049,1,2026-02-09 17:28:38.987284018,Entregado,True
7067,6050,1,2025-05-14 00:33:44.481867012,Entregado,True
7068,6051,1,2025-06-24 13:20:02.489512527,Entregado,True
7069,6052,1,2026-02-13 04:39:09.161662075,Entregado,True
7070,6053,1,2025-02-06 00:32:19.685732959,Entregado,True
7071,6054,1,2026-06-22 01:56:06.329960192,Cliente ausente,False
7072,6054,2,2026-06-23 20:55:48.659920384,Entregado,True
7073,6055,1,2025-07-18 06:50:38.495887389,Entregado,True
7074,6056,1,2025-02-18 12:55:40.174044297,Entregado,True
7075,6057,1,2025-10-01 15:08:04.210040054,Entregado,True
7076,6058,1,2025-05-14 09:43:16.442315921,Cliente ausente,False
7077,6058,2,2025-05-15 09:15:44.884631844,Entregado,True
7078,6059,1,2025-09-23 15:32:41.014366404,Entregado,True
7079,6060,1,2026-08-21 16:44:48.408313873,Cliente ausente,False
7080,6060,2,2026-08-23 01:14:36.816627746,Entregado,True
7081,6061,1,2025-01-07 00:38:44.617566745,Reprogramado,False
7082,6061,2,2025-01-08 21:42:41.235133491,Entregado,True
7083,6062,1,2025-09-27 19:07:19.501741574,Entregado,True
7084,6063,1,2026-03-01 15:58:34.216526553,Entregado,True
7085,6064,1,2025-12-18 04:48:05.341280054,Entregado,True
7086,6065,1,2025-03-12 09:03:57.368606238,Cliente ausente,False
7087,6065,2,2025-03-14 08:15:42.737212476,Entregado,True
7088,6066,1,2025-12-25 19:00:04.004137569,Entregado,True
7089,6067,1,2026-01-22 16:27:52.908082560,Entregado,True
7090,6068,1,2026-04-28 23:56:42.789902024,Entregado,True
7091,6069,1,2025-06-29 07:03:39.238562707,Entregado,True
7092,6070,1,2025-09-15 21:25:34.731036696,Entregado,True
7093,6071,1,2026-02-23 18:21:36.553207705,Cliente ausente,False
7094,6071,2,2026-02-24 04:37:13.106415414,Domicilio incorrecto,False
7095,6071,3,2026-02-24 14:52:49.659623119,Entregado,True
7096,6072,1,2025-08-02 02:19:06.875942847,Entregado,True
7097,6073,1,2026-08-09 15:58:23.759605117,Entregado,True
7098,6074,1,2026-01-04 18:02:22.794515235,Acceso restringido,False
7099,6074,2,2026-01-06 11:38:21.589030471,Entregado,True
7100,6075,1,2026-08-01 02:41:32.892505476,Entregado,True
7101,6076,1,2025-06-18 20:14:52.015780071,Entregado,True
7102,6077,1,2025-08-05 10:52:26.793299560,Entregado,True
7103,6078,1,2025-06-23 01:09:19.346050706,Entregado,True
7104,6079,1,2025-05-13 00:03:51.563666509,Entregado,True
7105,6080,1,2025-01-04 02:24:24.575543366,Cliente ausente,False
7106,6080,2,2025-01-04 20:32:01.151086732,Entregado,True
7107,6081,1,2025-03-14 05:39:41.296179744,Entregado,True
7108,6082,1,2026-03-16 21:52:41.669872410,Entregado,True
7109,6083,1,2026-01-18 03:01:44.887244232,Entregado,True
7110,6084,1,2026-07-14 02:39:22.940339914,Entregado,True
7111,6085,1,2026-08-10 13:24:36.000000000,Entregado,True
7112,6086,1,2026-08-30 12:04:05.708392273,Entregado,True
7113,6087,1,2025-03-28 18:54:52.023183523,Entregado,True
7114,6088,1,2026-06-04 02:09:42.006928507,Entregado,True
7115,6089,1,2026-03-07 07:05:25.256900468,Cliente ausente,False
7116,6089,2,2026-03-08 08:35:26.513800936,Entregado,True
7117,6090,1,2025-02-16 08:39:55.899038642,Entregado,True
7118,6091,1,2026-01-07 04:30:33.357377188,Entregado,True
7119,6092,1,2026-02-09 03:31:12.000000000,Entregado,True
7120,6093,1,2025-11-01 05:17:02.746373640,Entregado,True
7121,6094,1,2025-07-05 16:40:59.103641834,Entregado,True
7122,6095,1,2025-06-21 13:44:32.012690470,Entregado,True
7123,6096,1,2025-07-26 10:40:13.588521819,Entregado,True
7124,6097,1,2026-06-30 14:52:50.043451198,Entregado,True
7125,6098,1,2025-04-15 01:07:25.376993245,Entregado,True
7126,6099,1,2026-07-30 14:03:00.000000000,Entregado,True
7127,6100,1,2025-12-13 12:02:27.586928054,Reprogramado,False
7128,6100,2,2025-12-14 19:37:19.173856105,Entregado,True
7129,6101,1,2026-03-20 05:15:13.386127294,Acceso restringido,False
7130,6101,2,2026-03-21 19:51:26.772254593,Entregado,True
7131,6102,1,2025-07-05 12:29:41.622106214,Entregado,True
7132,6103,1,2025-11-01 10:26:47.323938850,Entregado,True
7133,6104,1,2025-10-11 03:27:19.324851753,Entregado,True
7134,6105,1,2025-04-02 22:43:21.940445082,Entregado,True
7135,6106,1,2026-03-03 20:19:48.424835208,Entregado,True
7136,6107,1,2025-10-15 00:19:45.221213272,Entregado,True
7137,6108,1,2025-05-12 08:31:09.122691471,Entregado,True
7138,6109,1,2025-09-06 14:45:07.730032453,Reprogramado,False
7139,6109,2,2025-09-07 22:22:27.460064906,Entregado,True
7140,6110,1,2025-07-09 17:36:33.380437176,Entregado,True
7141,6111,1,2025-04-02 18:08:18.635400826,Entregado,True
7142,6112,1,2026-07-24 12:01:17.673719941,Entregado,True
7143,6113,1,2025-06-17 20:34:29.977584650,Entregado,True
7144,6114,1,2026-07-04 02:25:03.636818255,Entregado,True
7145,6115,1,2025-11-30 18:06:51.720234138,Entregado,True
7146,6116,1,2025-03-23 17:19:44.767091197,Entregado,True
7147,6117,1,2025-06-20 01:23:36.551609520,Entregado,True
7148,6118,1,2026-06-30 10:56:24.822544786,Entregado,True
7149,6119,1,2025-04-07 03:23:05.618665791,Entregado,True
7150,6120,1,2026-01-18 02:50:00.096910320,Entregado,True
7151,6121,1,2025-07-29 20:46:19.430306670,Entregado,True
7152,6122,1,2025-09-23 08:41:35.458024430,Entregado,True
7153,6123,1,2025-09-07 00:58:10.070150793,Entregado,True
7154,6124,1,2026-03-28 12:44:54.236372053,Entregado,True
7155,6125,1,2026-06-06 09:49:42.575466543,Entregado,True
7156,6126,1,2025-05-13 02:47:57.187359294,Entregado,True
7157,6127,1,2025-11-01 17:32:16.030547534,Entregado,True
7158,6128,1,2026-08-01 00:13:54.955234092,Entregado,True
7159,6129,1,2026-06-01 10:09:24.698470107,Entregado,True
7160,6130,1,2025-12-29 02:07:35.655386289,Entregado,True
7161,6131,1,2025-12-27 13:26:51.142528384,Entregado,True
7162,6132,1,2026-04-13 10:21:24.218919234,Entregado,True
7163,6133,1,2025-06-24 02:46:51.018371590,Entregado,True
7164,6134,1,2025-04-01 20:09:03.443089809,Entregado,True
7165,6135,1,2026-05-15 14:50:24.000000000,Entregado,True
7166,6136,1,2025-03-26 00:48:09.699182751,Cliente ausente,False
7167,6136,2,2025-03-27 13:31:31.398365503,Entregado,True
7168,6137,1,2026-06-04 04:41:05.803858536,Entregado,True
7169,6138,1,2026-07-07 07:34:04.611296372,Entregado,True
7170,6139,1,2025-11-21 19:45:30.927192465,Entregado,True
7171,6140,1,2026-04-12 21:33:56.977008634,Entregado,True
7172,6141,1,2026-08-12 21:41:30.238447545,Entregado,True
7173,6142,1,2025-05-22 05:46:32.780988361,Cliente ausente,False
7174,6142,2,2025-05-22 22:19:53.561976718,Entregado,True
7175,6143,1,2026-08-29 09:59:33.642971772,Cliente ausente,False
7176,6143,2,2026-08-30 15:10:31.285943544,Entregado,True
7177,6144,1,2026-07-10 21:00:32.235200654,Entregado,True
7178,6145,1,2025-05-21 11:37:04.106184308,Entregado,True
7179,6146,1,2025-11-27 09:44:16.546190163,Acceso restringido,False
7180,6146,2,2025-11-28 10:53:45.092380328,Reprogramado,False
7181,6146,3,2025-11-29 12:03:13.638570493,Entregado,True
7182,6147,1,2026-02-01 08:48:22.925376795,Entregado,True
7183,6148,1,2025-06-08 00:55:33.095367332,Entregado,True
7184,6149,1,2025-02-09 19:40:40.721056615,Cliente ausente,False
7185,6149,2,2025-02-10 20:29:45.442113230,Domicilio incorrecto,False
7186,6149,3,2025-02-11 21:18:50.163169845,Entregado,True
7187,6150,1,2025-10-10 04:43:07.084410092,Entregado,True
7188,6151,1,2026-06-23 22:56:04.093595372,Cliente ausente,False
7189,6151,2,2026-06-25 10:42:32.187190744,Entregado,True
7190,6152,1,2026-06-29 13:42:13.329841068,Domicilio incorrecto,False
7191,6152,2,2026-06-30 17:15:26.659682136,Entregado,True
7192,6153,1,2025-02-17 04:08:15.994075977,Entregado,True
7193,6154,1,2025-09-04 22:51:53.635330191,Entregado,True
7194,6155,1,2026-07-02 09:13:28.292680689,Entregado,True
7195,6156,1,2026-03-29 10:09:53.722737032,Entregado,True
7196,6157,1,2025-10-08 18:41:42.988615904,Entregado,True
7197,6158,1,2026-02-13 17:24:14.731996935,Entregado,True
7198,6159,1,2025-02-15 15:21:09.270596246,Domicilio incorrecto,False
7199,6159,2,2025-02-16 01:51:54.541192489,Entregado,True
7200,6160,1,2026-06-07 18:07:22.595132229,Entregado,True
7201,6161,1,2025-09-30 18:48:54.330673867,Entregado,True
7202,6162,1,2026-07-12 05:33:32.305897267,Entregado,True
7203,6163,1,2025-08-30 03:06:21.923786984,Entregado,True
7204,6164,1,2026-01-13 21:41:35.678680990,Entregado,True
7205,6165,1,2026-08-13 18:27:51.701683258,Entregado,True
7206,6166,1,2025-07-24 06:31:04.249577088,Entregado,True
7207,6167,1,2025-08-21 02:46:39.419672804,Entregado,True
7208,6168,1,2026-03-25 18:34:05.536193001,Entregado,True
7209,6169,1,2026-02-22 23:13:19.892778913,Entregado,True
7210,6170,1,2025-06-03 14:09:36.000000000,Entregado,True
7211,6171,1,2026-01-06 03:02:58.298955270,Entregado,True
7212,6172,1,2025-03-29 14:10:00.307479360,Entregado,True
7213,6173,1,2026-06-18 03:07:21.080746542,Entregado,True
7214,6174,1,2025-02-25 21:00:59.660069878,Entregado,True
7215,6175,1,2025-12-17 12:14:22.223462416,Entregado,True
7216,6176,1,2025-08-20 04:12:25.616818933,Domicilio incorrecto,False
7217,6176,2,2025-08-21 22:56:39.233637862,Entregado,True
7218,6177,1,2026-03-15 06:25:30.418396809,Entregado,True
7219,6178,1,2025-05-22 16:55:28.674126012,Entregado,True
7220,6179,1,2025-10-17 09:11:36.779220322,Entregado,True
7221,6180,1,2025-11-19 09:48:34.799328468,Reprogramado,False
7222,6180,2,2025-11-20 09:05:21.598656932,Entregado,True
7223,6181,1,2026-08-19 01:37:28.191161704,Entregado,True
7224,6182,1,2026-03-22 07:55:42.199958294,Entregado,True
7225,6183,1,2025-06-19 07:23:47.263549164,Entregado,True
7226,6184,1,2026-07-23 13:17:46.316600134,Entregado,True
7227,6185,1,2026-04-08 19:52:28.696918281,Cliente ausente,False
7228,6185,2,2026-04-09 10:13:45.393836563,Entregado,True
7229,6186,1,2026-04-03 15:42:36.160430864,Entregado,True
7230,6187,1,2025-03-14 15:03:20.042979976,Entregado,True
7231,6188,1,2025-09-30 18:35:58.352811486,Entregado,True
7232,6189,1,2025-08-09 09:19:10.305173002,Entregado,True
7233,6190,1,2026-07-04 12:44:39.119438294,Entregado,True
7234,6191,1,2025-07-05 08:15:40.444509553,Entregado,True
7235,6192,1,2025-03-21 05:49:19.905089037,Cliente ausente,False
7236,6192,2,2025-03-23 01:11:03.810178078,Entregado,True
7237,6193,1,2025-11-06 00:00:59.719199961,Entregado,True
7238,6194,1,2025-11-27 12:09:59.183907192,Entregado,True
7239,6195,1,2026-02-28 00:16:26.936013565,Entregado,True
7240,6196,1,2025-08-27 22:34:59.101395355,Entregado,True
7241,6197,1,2026-08-14 01:55:16.675726663,Entregado,True
7242,6198,1,2026-04-11 14:41:28.663805457,Entregado,True
7243,6199,1,2026-08-10 16:30:13.906915671,Cliente ausente,False
7244,6199,2,2026-08-12 10:36:27.813831343,Entregado,True
7245,6200,1,2026-06-24 21:51:26.682504004,Entregado,True
7246,6201,1,2025-02-09 15:57:24.988893879,Entregado,True
7247,6202,1,2026-03-05 05:55:25.858385972,Entregado,True
7248,6203,1,2026-08-23 12:45:08.718749168,Entregado,True
7249,6204,1,2026-03-12 04:43:44.169523863,Entregado,True
7250,6205,1,2025-12-28 13:51:43.968523672,Entregado,True
7251,6206,1,2025-02-05 04:31:16.043554182,Entregado,True
7252,6207,1,2025-07-25 13:36:55.631583007,Reprogramado,False
7253,6207,2,2025-07-26 21:34:51.263166010,Entregado,True
7254,6208,1,2025-07-02 08:26:10.764748741,Entregado,True
7255,6209,1,2025-02-11 19:22:27.301918573,Entregado,True
7256,6210,1,2025-06-10 00:53:33.496000638,Entregado,True
7257,6211,1,2025-06-19 13:47:32.283416547,Entregado,True
7258,6212,1,2025-03-26 15:31:21.756500115,Entregado,True
7259,6213,1,2026-08-25 16:36:55.362902738,Entregado,True
7260,6214,1,2025-04-14 17:32:23.464714563,Entregado,True
7261,6215,1,2025-12-15 17:14:14.539452302,Entregado,True
7262,6216,1,2025-11-08 04:48:45.981371484,Entregado,True
7263,6217,1,2026-09-04 06:14:16.245698776,Entregado,True
7264,6218,1,2026-03-18 02:47:56.302284289,Entregado,True
7265,6219,1,2025-06-12 06:56:01.181651251,Entregado,True
7266,6220,1,2025-04-26 22:46:52.231649934,Entregado,True
7267,6221,1,2026-06-24 03:09:31.469137822,Entregado,True
7268,6222,1,2025-06-13 23:18:59.736783992,Entregado,True
7269,6223,1,2025-10-17 18:51:47.719351209,Entregado,True
7270,6224,1,2025-02-27 05:08:34.955302506,Entregado,True
7271,6225,1,2026-08-01 16:46:58.549341370,Entregado,True
7272,6226,1,2025-02-05 03:16:15.726245256,Entregado,True
7273,6227,1,2026-07-15 14:22:34.903979363,Entregado,True
7274,6228,1,2025-07-19 00:23:27.960070891,Entregado,True
7275,6229,1,2026-03-28 22:32:10.983445108,Entregado,True
7276,6230,1,2026-08-18 08:32:01.236966144,Entregado,True
7277,6231,1,2026-09-02 05:28:02.806559079,Entregado,True
7278,6232,1,2025-08-20 02:17:06.446012830,Entregado,True
7279,6233,1,2025-10-15 16:58:04.527909674,Entregado,True
7280,6234,1,2025-08-23 16:21:00.000000000,Entregado,True
7281,6235,1,2025-04-14 17:29:42.384418558,Entregado,True
7282,6236,1,2025-05-23 05:52:22.280545027,Entregado,True
7283,6237,1,2025-09-24 23:16:55.747575937,Entregado,True
7284,6238,1,2025-12-11 09:54:00.451199728,Entregado,True
7285,6239,1,2026-07-30 10:08:55.636797436,Entregado,True
7286,6240,1,2026-06-21 22:10:54.519343636,Entregado,True
7287,6241,1,2026-06-08 01:17:25.213841710,Entregado,True
7288,6242,1,2025-01-18 04:50:56.454811306,Entregado,True
7289,6243,1,2025-12-04 00:32:12.206510098,Entregado,True
7290,6244,1,2026-01-28 00:59:23.648870702,Entregado,True
7291,6245,1,2025-06-20 20:35:09.627619822,Entregado,True
7292,6246,1,2025-05-02 05:46:19.086789698,Entregado,True
7293,6247,1,2025-01-13 12:56:15.701549571,Domicilio incorrecto,False
7294,6247,2,2025-01-16 06:00:55.403099143,Entregado,True
7295,6248,1,2026-03-07 20:15:15.654725168,Entregado,True
7296,6249,1,2026-04-16 19:54:47.161839384,Entregado,True
7297,6250,1,2025-02-20 08:49:01.125221833,Domicilio incorrecto,False
7298,6250,2,2025-02-21 18:55:26.250443666,Entregado,True
7299,6251,1,2025-07-30 01:51:50.271740967,Entregado,True
7300,6252,1,2026-08-06 17:44:17.067749589,Entregado,True
7301,6253,1,2025-07-31 01:20:09.037238290,Entregado,True
7302,6254,1,2025-05-21 03:49:34.736402359,Entregado,True
7303,6255,1,2025-08-08 01:04:30.658656259,Entregado,True
7304,6256,1,2026-04-05 13:54:34.298999668,Entregado,True
7305,6257,1,2026-05-29 16:02:44.670091898,Entregado,True
7306,6258,1,2025-10-07 15:45:26.640889657,Entregado,True
7307,6259,1,2025-07-02 20:44:20.383392890,Entregado,True
7308,6260,1,2026-06-03 02:03:23.101491585,Entregado,True
7309,6261,1,2025-05-11 18:15:09.459109915,Cliente ausente,False
7310,6261,2,2025-05-12 22:22:30.918219826,Acceso restringido,False
7311,6261,3,2025-05-14 02:29:52.377329742,Entregado,True
7312,6262,1,2025-01-08 10:53:52.821053347,Entregado,True
7313,6263,1,2026-07-15 14:56:49.329612768,Entregado,True
7314,6264,1,2025-03-28 01:26:36.808259514,Entregado,True
7315,6265,1,2025-06-05 15:33:13.577578498,Entregado,True
7316,6266,1,2026-05-22 13:10:27.417059266,Entregado,True
7317,6267,1,2026-05-26 07:18:15.529036802,Cliente ausente,False
7318,6267,2,2026-05-28 07:48:31.058073604,Entregado,True
7319,6268,1,2025-04-09 21:26:07.329295089,Reprogramado,False
7320,6268,2,2025-04-12 03:56:26.658590179,Entregado,True
7321,6269,1,2025-10-10 02:45:21.403438203,Domicilio incorrecto,False
7322,6269,2,2025-10-10 18:18:42.806876407,Entregado,True
7323,6270,1,2026-08-26 19:10:33.749573379,Entregado,True
7324,6271,1,2026-08-25 07:56:57.603765908,Entregado,True
7325,6272,1,2026-06-24 20:36:25.501048614,Entregado,True
7326,6273,1,2026-03-07 23:55:54.578812479,Entregado,True
7327,6274,1,2026-06-28 22:19:16.881134458,Entregado,True
7328,6275,1,2025-05-07 13:51:57.917729577,Entregado,True
7329,6276,1,2025-10-28 16:49:16.200945613,Domicilio incorrecto,False
7330,6276,2,2025-10-29 01:21:44.401891222,Entregado,True
7331,6277,1,2026-06-29 14:22:43.465421002,Entregado,True
7332,6278,1,2026-01-06 04:20:44.783022404,Entregado,True
7333,6279,1,2026-05-09 07:19:37.278260612,Reprogramado,False
7334,6279,2,2026-05-10 05:54:14.556521221,Entregado,True
7335,6280,1,2025-11-13 15:49:14.477242112,Entregado,True
7336,6281,1,2025-07-11 08:13:22.138685778,Entregado,True
7337,6282,1,2026-07-21 08:35:07.240270236,Entregado,True
7338,6283,1,2025-11-30 02:20:24.933601291,Cliente ausente,False
7339,6283,2,2025-12-01 16:39:01.867202586,Entregado,True
7340,6284,1,2026-05-15 22:45:25.055906166,Cliente ausente,False
7341,6284,2,2026-05-17 04:24:14.111812335,Reprogramado,False
7342,6284,3,2026-05-18 10:03:03.167718501,Entregado,True
7343,6285,1,2025-11-18 11:18:20.978659342,Entregado,True
7344,6286,1,2026-02-16 11:14:22.918713003,Domicilio incorrecto,False
7345,6286,2,2026-02-18 06:25:45.837426003,Entregado,True
7346,6287,1,2025-11-20 21:47:52.642464583,Entregado,True
7347,6288,1,2026-08-15 12:51:16.713961729,Domicilio incorrecto,False
7348,6288,2,2026-08-16 16:23:21.427923458,Entregado,True
7349,6289,1,2026-07-16 08:07:29.167509666,Entregado,True
7350,6290,1,2025-08-20 10:05:27.099009160,Cliente ausente,False
7351,6290,2,2025-08-22 11:13:54.198018325,Entregado,True
7352,6291,1,2025-12-13 05:11:32.737996636,Entregado,True
7353,6292,1,2026-01-08 09:56:35.317302522,Entregado,True
7354,6293,1,2026-07-11 22:46:24.693997584,Entregado,True
7355,6294,1,2025-10-22 22:17:40.056435229,Entregado,True
7356,6295,1,2026-03-15 06:21:25.794372866,Cliente ausente,False
7357,6295,2,2026-03-17 03:30:51.588745732,Entregado,True
7358,6296,1,2025-09-05 17:03:51.877983643,Entregado,True
7359,6297,1,2025-08-11 04:37:11.672151789,Entregado,True
7360,6298,1,2026-06-24 06:34:54.455099505,Entregado,True
7361,6299,1,2026-06-06 13:30:46.738730106,Entregado,True
7362,6300,1,2026-04-20 14:16:56.158193449,Entregado,True
7363,6301,1,2025-12-19 19:58:53.465227590,Entregado,True
7364,6302,1,2025-02-17 07:56:46.530202966,Entregado,True
7365,6303,1,2025-03-10 08:12:51.020724117,Entregado,True
7366,6304,1,2025-09-05 21:00:08.270674657,Entregado,True
7367,6305,1,2026-08-09 01:07:48.747177350,Entregado,True
7368,6306,1,2025-03-13 22:50:03.752040800,Entregado,True
7369,6307,1,2025-06-09 07:30:10.751977288,Entregado,True
7370,6308,1,2026-04-22 12:20:38.417420565,Entregado,True
7371,6309,1,2025-01-26 07:39:36.000000000,Entregado,True
7372,6310,1,2026-08-09 05:17:01.166647664,Entregado,True
7373,6311,1,2025-08-13 23:18:59.622462583,Entregado,True
7374,6312,1,2025-06-11 03:09:04.573197708,Entregado,True
7375,6313,1,2025-03-19 01:22:07.668582711,Entregado,True
7376,6314,1,2025-05-18 09:43:48.000000000,Domicilio incorrecto,False
7377,6314,2,2025-05-18 12:43:48.000000000,Entregado,True
7378,6315,1,2026-04-27 19:15:09.819727524,Entregado,True
7379,6316,1,2026-07-07 10:20:14.036018474,Reprogramado,False
7380,6316,2,2026-07-07 14:00:16.072036945,Cliente ausente,False
7381,6316,3,2026-07-07 17:40:18.108055419,Entregado,True
7382,6317,1,2025-11-01 08:35:21.827743508,Domicilio incorrecto,False
7383,6317,2,2025-11-03 03:01:43.655487016,Entregado,True
7384,6318,1,2026-04-19 08:58:48.318470353,Entregado,True
7385,6319,1,2025-12-03 00:42:58.951191236,Entregado,True
7386,6320,1,2026-06-13 22:42:01.003784922,Entregado,True
7387,6321,1,2026-06-26 13:57:23.773795469,Cliente ausente,False
7388,6321,2,2026-06-28 03:28:59.547590940,Entregado,True
7389,6322,1,2025-06-16 02:09:35.672086098,Entregado,True
7390,6323,1,2025-02-27 12:09:14.739569694,Entregado,True
7391,6324,1,2026-04-02 10:24:19.542868408,Entregado,True
7392,6325,1,2025-11-03 20:27:41.193650052,Entregado,True
7393,6326,1,2025-04-17 06:40:40.838564658,Entregado,True
7394,6327,1,2026-07-10 04:56:44.525507301,Entregado,True
7395,6328,1,2026-01-27 08:49:48.841941262,Entregado,True
7396,6329,1,2025-07-28 12:05:09.242974752,Entregado,True
7397,6330,1,2025-11-12 18:57:04.001398826,Domicilio incorrecto,False
7398,6330,2,2025-11-14 06:22:20.002797652,Entregado,True
7399,6331,1,2025-02-19 15:57:31.807083618,Entregado,True
7400,6332,1,2026-07-28 07:54:30.891461356,Entregado,True
7401,6333,1,2026-06-04 01:45:39.199047570,Entregado,True
7402,6334,1,2025-06-01 01:01:54.956733574,Entregado,True
7403,6335,1,2025-08-01 23:12:57.515394801,Entregado,True
7404,6336,1,2026-01-10 01:35:00.679139037,Entregado,True
7405,6337,1,2025-02-21 09:11:59.890413271,Entregado,True
7406,6338,1,2026-05-18 20:51:52.850617984,Entregado,True
7407,6339,1,2025-06-06 09:53:54.318415005,Entregado,True
7408,6340,1,2025-08-20 15:15:52.639100218,Entregado,True
7409,6341,1,2025-10-28 07:04:02.008063149,Entregado,True
7410,6342,1,2025-06-10 11:01:23.647116054,Entregado,True
7411,6343,1,2025-09-06 08:40:43.559562950,Cliente ausente,False
7412,6343,2,2025-09-08 04:59:51.119125900,Entregado,True
7413,6344,1,2026-07-24 13:53:43.930461026,Entregado,True
7414,6345,1,2025-06-03 19:51:38.158213518,Entregado,True
7415,6346,1,2025-10-27 13:54:18.032232056,Cliente ausente,False
7416,6346,2,2025-10-28 22:40:12.064464116,Entregado,True
7417,6347,1,2025-02-24 20:30:47.121090109,Entregado,True
7418,6348,1,2025-08-15 23:19:44.614340608,Entregado,True
7419,6349,1,2026-08-03 14:49:25.118730386,Cliente ausente,False
7420,6349,2,2026-08-03 23:37:02.237460772,Entregado,True
7421,6350,1,2026-07-21 20:49:34.567313412,Entregado,True
7422,6351,1,2026-05-04 01:30:28.224228060,Entregado,True
7423,6352,1,2026-07-09 18:12:29.564005507,Entregado,True
7424,6353,1,2026-03-23 18:47:24.192979446,Entregado,True
7425,6354,1,2025-05-20 07:14:55.630512888,Entregado,True
7426,6355,1,2025-10-20 16:10:44.455257861,Entregado,True
7427,6356,1,2025-08-02 19:54:27.492951985,Entregado,True
7428,6357,1,2025-07-30 10:28:22.913520513,Cliente ausente,False
7429,6357,2,2025-07-30 15:29:09.827041027,Entregado,True
7430,6358,1,2026-01-26 18:52:08.923695106,Entregado,True
7431,6359,1,2026-02-03 16:00:00.385913613,Entregado,True
7432,6360,1,2025-05-07 19:09:24.672174230,Entregado,True
7433,6361,1,2025-05-06 02:37:16.873325806,Cliente ausente,False
7434,6361,2,2025-05-07 01:20:33.746651613,Entregado,True
7435,6362,1,2025-03-12 14:25:38.299627045,Entregado,True
7436,6363,1,2026-04-25 02:08:23.543381392,Entregado,True
7437,6364,1,2025-12-28 03:13:37.319611090,Entregado,True
7438,6365,1,2026-04-04 05:24:06.171092928,Entregado,True
7439,6366,1,2025-12-13 05:21:54.287131132,Entregado,True
7440,6367,1,2026-06-06 03:46:14.586007695,Reprogramado,False
7441,6367,2,2026-06-06 23:17:29.172015387,Cliente ausente,False
7442,6367,3,2026-06-07 18:48:43.758023083,Entregado,True
7443,6368,1,2026-05-15 15:38:57.283809687,Entregado,True
7444,6369,1,2025-11-26 10:58:49.168109434,Entregado,True
7445,6370,1,2025-11-27 04:27:41.159079885,Cliente ausente,False
7446,6370,2,2025-11-27 21:09:10.318159767,Entregado,True
7447,6371,1,2026-07-22 03:43:08.890039329,Entregado,True
7448,6372,1,2026-03-04 07:03:07.783754896,Acceso restringido,False
7449,6372,2,2026-03-05 08:57:15.567509793,Entregado,True
7450,6373,1,2026-03-19 15:32:34.322634510,Reprogramado,False
7451,6373,2,2026-03-20 00:53:44.645269016,Cliente ausente,False
7452,6373,3,2026-03-20 10:14:54.967903526,Entregado,True
7453,6374,1,2026-08-24 19:36:36.000000000,Entregado,True
7454,6375,1,2026-03-29 14:02:22.734951709,Entregado,True
7455,6376,1,2025-11-16 08:38:50.363006042,Entregado,True
7456,6377,1,2026-05-02 19:43:29.235707997,Reprogramado,False
7457,6377,2,2026-05-03 02:34:46.471415995,Entregado,True
7458,6378,1,2026-08-03 22:06:17.896856641,Entregado,True
7459,6379,1,2025-01-05 23:39:07.235519061,Reprogramado,False
7460,6379,2,2025-01-06 17:44:38.471038119,Entregado,True
7461,6380,1,2026-01-07 02:10:35.891160243,Cliente ausente,False
7462,6380,2,2026-01-07 17:59:35.782320487,Domicilio incorrecto,False
7463,6380,3,2026-01-08 09:48:35.673480727,Entregado,True
7464,6381,1,2026-07-09 22:29:08.921651596,Entregado,True
7465,6382,1,2025-07-10 07:03:30.945433820,Entregado,True
7466,6383,1,2025-01-28 00:25:44.622906002,Entregado,True
7467,6384,1,2025-06-14 07:45:02.275322529,Entregado,True
7468,6385,1,2025-05-12 05:12:19.479156004,Entregado,True
7469,6386,1,2026-06-19 21:23:57.202648926,Entregado,True
7470,6387,1,2026-02-17 20:58:54.872852664,Entregado,True
7471,6388,1,2026-08-13 20:35:27.807646124,Entregado,True
7472,6389,1,2025-03-16 03:37:14.589098328,Entregado,True
7473,6390,1,2025-08-22 16:30:14.595843157,Reprogramado,False
7474,6390,2,2025-08-23 22:09:29.191686318,Entregado,True
7475,6391,1,2025-04-19 21:23:49.295384368,Entregado,True
7476,6392,1,2025-01-12 10:37:48.337801496,Entregado,True
7477,6393,1,2025-02-22 15:16:04.885136673,Entregado,True
7478,6394,1,2026-06-09 09:50:24.807322161,Entregado,True
7479,6395,1,2026-03-20 05:42:59.803752369,Entregado,True
7480,6396,1,2026-08-16 05:58:47.093885814,Entregado,True
7481,6397,1,2025-02-08 14:04:33.579968973,Entregado,True
7482,6398,1,2025-07-24 07:31:36.032801026,Entregado,True
7483,6399,1,2025-05-01 03:08:27.611201378,Entregado,True
7484,6400,1,2026-05-30 01:55:35.894094970,Entregado,True
7485,6401,1,2025-08-20 04:37:26.159136308,Entregado,True
7486,6402,1,2026-07-18 15:44:30.052477489,Entregado,True
7487,6403,1,2025-06-01 18:51:49.575841315,Entregado,True
7488,6404,1,2025-07-28 12:26:58.837792408,Entregado,True
7489,6405,1,2025-03-03 01:05:41.652643855,Reprogramado,False
7490,6405,2,2025-03-03 16:22:47.305287710,Domicilio incorrecto,False
7491,6405,3,2025-03-04 07:39:52.957931565,Entregado,True
7492,6406,1,2025-04-30 12:58:18.541537752,Entregado,True
7493,6407,1,2025-08-31 08:21:56.885350658,Entregado,True
7494,6408,1,2025-02-19 06:27:17.002228873,Entregado,True
7495,6409,1,2026-03-26 13:32:41.459045002,Entregado,True
7496,6410,1,2026-04-15 01:04:23.913922317,Entregado,True
7497,6411,1,2025-10-24 17:53:48.110282224,Entregado,True
7498,6412,1,2026-03-01 16:48:36.000000000,Entregado,True
7499,6413,1,2026-06-01 11:32:24.000000000,Entregado,True
7500,6414,1,2025-07-27 01:49:42.056954515,Entregado,True
7501,6415,1,2025-06-30 10:53:08.608192652,Entregado,True
7502,6416,1,2026-06-16 07:15:57.425111816,Entregado,True
7503,6417,1,2025-04-01 11:25:48.000000000,Entregado,True
7504,6418,1,2026-05-17 01:39:47.884324183,Entregado,True
7505,6419,1,2025-04-18 12:13:12.000000000,Entregado,True
7506,6420,1,2025-07-13 18:08:20.521661244,Entregado,True
7507,6421,1,2025-07-01 06:03:34.942476938,Entregado,True
7508,6422,1,2025-01-20 16:01:48.000000000,Entregado,True
7509,6423,1,2025-12-29 09:44:23.196660367,Entregado,True
7510,6424,1,2025-01-10 22:45:45.810504968,Entregado,True
7511,6425,1,2025-11-18 18:37:48.000000000,Entregado,True
7512,6426,1,2025-09-26 16:46:35.117061110,Entregado,True
7513,6427,1,2026-03-04 06:39:04.362901570,Entregado,True
7514,6428,1,2025-10-24 21:15:42.905321910,Entregado,True
7515,6429,1,2026-05-31 22:57:42.719969296,Entregado,True
7516,6430,1,2026-07-26 13:43:48.832689651,Entregado,True
7517,6431,1,2026-01-23 22:15:44.395386084,Entregado,True
7518,6432,1,2025-09-24 01:40:01.255187154,Entregado,True
7519,6433,1,2025-04-04 12:54:19.915567491,Entregado,True
7520,6434,1,2026-05-05 21:37:40.130982890,Entregado,True
7521,6435,1,2025-09-21 01:28:43.973637117,Entregado,True
7522,6436,1,2026-05-04 08:53:08.581849515,Entregado,True
7523,6437,1,2025-12-08 17:10:37.792272306,Reprogramado,False
7524,6437,2,2025-12-10 06:08:03.584544608,Entregado,True
7525,6438,1,2025-11-28 20:51:12.128005605,Entregado,True
7526,6439,1,2026-02-09 12:06:44.260736104,Entregado,True
7527,6440,1,2026-05-15 05:32:52.159441398,Entregado,True
7528,6441,1,2026-03-14 17:58:21.839657753,Entregado,True
7529,6442,1,2025-05-04 07:44:37.619093497,Entregado,True
7530,6443,1,2025-02-18 18:12:07.806119781,Entregado,True
7531,6444,1,2025-06-20 01:49:56.745264658,Entregado,True
7532,6445,1,2025-12-16 15:45:36.609413760,Entregado,True
7533,6446,1,2026-05-22 02:57:36.918322686,Entregado,True
7534,6447,1,2025-10-25 20:58:40.683118731,Entregado,True
7535,6448,1,2026-05-30 11:38:43.186559182,Reprogramado,False
7536,6448,2,2026-06-01 12:55:50.373118365,Entregado,True
7537,6449,1,2025-06-24 09:57:16.857830210,Entregado,True
7538,6450,1,2026-02-01 12:25:06.329196465,Entregado,True
7539,6451,1,2026-06-14 16:49:06.916022130,Cliente ausente,False
7540,6451,2,2026-06-14 23:31:01.832044260,Entregado,True
7541,6452,1,2026-08-27 03:55:04.667969528,Entregado,True
7542,6453,1,2025-11-01 05:27:07.453447102,Entregado,True
7543,6454,1,2025-07-25 11:54:38.662388794,Entregado,True
7544,6455,1,2026-06-19 04:06:42.674191099,Entregado,True
7545,6456,1,2025-06-08 22:42:34.118309937,Entregado,True
7546,6457,1,2025-01-18 20:50:18.590562819,Entregado,True
7547,6458,1,2025-06-23 10:45:47.987890794,Reprogramado,False
7548,6458,2,2025-06-24 11:40:35.975781588,Entregado,True
7549,6459,1,2026-03-25 00:52:34.443340878,Entregado,True
7550,6460,1,2025-05-05 06:59:01.878786484,Entregado,True
7551,6461,1,2026-05-16 11:10:53.665304066,Entregado,True
7552,6462,1,2025-02-21 10:12:35.368079202,Entregado,True
7553,6463,1,2025-07-04 07:01:08.373430293,Entregado,True
7554,6464,1,2026-01-31 07:51:53.014073652,Entregado,True
7555,6465,1,2026-01-31 10:52:55.831789084,Entregado,True
7556,6466,1,2025-12-16 09:07:16.965028322,Entregado,True
7557,6467,1,2026-04-23 02:43:34.560968383,Reprogramado,False
7558,6467,2,2026-04-24 22:28:21.121936766,Entregado,True
7559,6468,1,2025-05-23 00:16:08.979845250,Acceso restringido,False
7560,6468,2,2025-05-24 08:15:29.959690500,Domicilio incorrecto,False
7561,6468,3,2025-05-25 16:14:50.939535753,Entregado,True
7562,6469,1,2026-06-15 03:53:49.783168777,Cliente ausente,False
7563,6469,2,2026-06-15 20:56:03.566337550,Entregado,True
7564,6470,1,2026-08-09 00:48:44.372502007,Reprogramado,False
7565,6470,2,2026-08-10 16:36:52.745004018,Entregado,True
7566,6471,1,2025-09-23 11:21:17.288551947,Entregado,True
7567,6472,1,2026-06-25 13:24:20.299457955,Entregado,True
7568,6473,1,2026-05-26 00:52:33.804122440,Entregado,True
7569,6474,1,2026-02-28 16:08:38.471504503,Entregado,True
7570,6475,1,2026-07-26 22:06:48.596357649,Entregado,True
7571,6476,1,2026-07-19 19:17:05.262484524,Entregado,True
7572,6477,1,2026-02-21 20:59:48.642246034,Entregado,True
7573,6478,1,2025-04-20 05:40:42.868398949,Entregado,True
7574,6479,1,2025-11-15 00:23:43.506273544,Domicilio incorrecto,False
7575,6479,2,2025-11-15 20:19:51.012547089,Entregado,True
7576,6480,1,2025-03-01 04:54:59.634462250,Cliente ausente,False
7577,6480,2,2025-03-01 22:49:59.268924501,Entregado,True
7578,6481,1,2025-06-16 09:43:07.744644717,Entregado,True
7579,6482,1,2025-01-28 18:20:09.308481565,Entregado,True
7580,6483,1,2025-01-04 19:20:41.985803619,Cliente ausente,False
7581,6483,2,2025-01-05 08:11:23.971607235,Cliente ausente,False
7582,6483,3,2025-01-05 21:02:05.957410855,Entregado,True
7583,6484,1,2025-01-05 17:34:23.179108306,Entregado,True
7584,6485,1,2026-02-25 01:49:24.034462392,Entregado,True
7585,6486,1,2025-12-29 12:45:59.258002899,Cliente ausente,False
7586,6486,2,2025-12-30 11:43:22.516005802,Entregado,True
7587,6487,1,2026-06-25 16:49:33.459304688,Cliente ausente,False
7588,6487,2,2026-06-27 21:48:06.918609380,Entregado,True
7589,6488,1,2025-12-15 17:02:55.120158074,Entregado,True
7590,6489,1,2025-02-14 14:00:01.196189964,Reprogramado,False
7591,6489,2,2025-02-15 15:37:14.392379928,Entregado,True
7592,6490,1,2026-07-22 00:56:35.442623544,Entregado,True
7593,6491,1,2025-06-05 01:10:57.589740616,Entregado,True
7594,6492,1,2025-07-25 16:30:34.746411708,Entregado,True
7595,6493,1,2025-11-18 19:56:49.844175180,Entregado,True
7596,6494,1,2026-04-10 21:51:27.717297645,Entregado,True
7597,6495,1,2025-01-12 18:30:32.415070388,Cliente ausente,False
7598,6495,2,2025-01-13 16:01:04.830140773,Entregado,True
7599,6496,1,2026-08-04 20:31:45.782148712,Entregado,True
7600,6497,1,2025-08-17 22:46:47.007130980,Entregado,True
7601,6498,1,2025-12-01 23:43:52.691493849,Entregado,True
7602,6499,1,2026-04-17 16:49:50.173903063,Entregado,True
7603,6500,1,2025-01-16 19:02:24.888145790,Cliente ausente,False
7604,6500,2,2025-01-17 21:23:25.776291584,Entregado,True
7605,6501,1,2025-02-27 11:18:07.475290472,Entregado,True
7606,6502,1,2025-11-28 13:52:26.589858146,Entregado,True
7607,6503,1,2025-03-07 21:15:06.853879054,Entregado,True
7608,6504,1,2025-08-21 11:54:40.834905555,Entregado,True
7609,6505,1,2025-01-12 04:46:24.332601327,Reprogramado,False
7610,6505,2,2025-01-12 15:21:24.665202651,Entregado,True
7611,6506,1,2025-08-13 09:20:39.731352014,Entregado,True
7612,6507,1,2026-06-27 08:33:50.729941731,Entregado,True
7613,6508,1,2026-05-23 23:01:58.554614035,Entregado,True
7614,6509,1,2026-06-08 01:19:04.077639692,Entregado,True
7615,6510,1,2025-02-24 02:43:56.310956400,Domicilio incorrecto,False
7616,6510,2,2025-02-24 16:28:28.621912800,Entregado,True
7617,6511,1,2025-06-10 02:41:23.469396493,Entregado,True
7618,6512,1,2026-07-27 02:32:38.841990082,Entregado,True
7619,6513,1,2026-02-11 20:01:14.466291985,Reprogramado,False
7620,6513,2,2026-02-13 04:37:52.932583970,Entregado,True
7621,6514,1,2026-02-04 22:41:42.984612405,Entregado,True
7622,6515,1,2026-02-08 11:08:43.351599224,Entregado,True
7623,6516,1,2026-08-15 18:56:39.636824251,Entregado,True
7624,6517,1,2025-04-02 08:14:13.393993995,Entregado,True
7625,6518,1,2026-08-17 01:52:12.000000000,Domicilio incorrecto,False
7626,6518,2,2026-08-17 03:52:12.000000000,Reprogramado,False
7627,6518,3,2026-08-17 05:52:12.000000000,Entregado,True
7628,6519,1,2025-07-06 03:32:16.829082348,Entregado,True
7629,6520,1,2025-03-23 05:10:17.447059740,Entregado,True
7630,6521,1,2025-01-15 10:03:26.251785673,Entregado,True
7631,6522,1,2025-01-06 10:08:12.035518436,Entregado,True
7632,6523,1,2026-06-04 00:31:15.519920264,Entregado,True
7633,6524,1,2025-03-09 10:11:38.392305853,Entregado,True
7634,6525,1,2025-09-04 16:25:24.209267145,Cliente ausente,False
7635,6525,2,2025-09-05 21:44:48.418534287,Entregado,True
7636,6526,1,2026-08-28 06:48:28.531337781,Entregado,True
7637,6527,1,2025-08-23 20:57:33.697253923,Entregado,True
7638,6528,1,2026-03-14 16:08:10.050865494,Entregado,True
7639,6529,1,2025-12-20 11:10:31.310234266,Reprogramado,False
7640,6529,2,2025-12-21 18:19:14.620468537,Entregado,True
7641,6530,1,2026-01-19 12:29:49.688159038,Entregado,True
7642,6531,1,2025-03-01 23:13:31.824743116,Entregado,True
7643,6532,1,2026-04-17 00:24:33.344219764,Entregado,True
7644,6533,1,2026-02-18 17:23:29.694347718,Entregado,True
7645,6534,1,2025-03-25 08:16:19.693072074,Entregado,True
7646,6535,1,2025-03-18 08:46:33.264197644,Entregado,True
7647,6536,1,2025-11-10 01:23:41.481135783,Entregado,True
7648,6537,1,2026-03-31 17:41:10.610940620,Entregado,True
7649,6538,1,2025-01-27 05:51:09.644231127,Entregado,True
7650,6539,1,2026-03-04 17:07:55.251706904,Entregado,True
7651,6540,1,2025-08-31 12:05:24.000000000,Domicilio incorrecto,False
7652,6540,2,2025-08-31 14:05:24.000000000,Reprogramado,False
7653,6540,3,2025-08-31 16:05:24.000000000,Entregado,True
7654,6541,1,2025-11-22 22:19:41.562427890,Entregado,True
7655,6542,1,2025-06-30 23:04:06.493896048,Entregado,True
7656,6543,1,2026-07-07 09:51:46.148940799,Entregado,True
7657,6544,1,2026-01-18 21:02:07.116209743,Entregado,True
7658,6545,1,2025-03-19 10:15:14.685740521,Domicilio incorrecto,False
7659,6545,2,2025-03-20 15:05:17.371481042,Cliente ausente,False
7660,6545,3,2025-03-21 19:55:20.057221560,Entregado,True
7661,6546,1,2025-02-21 00:09:44.247808565,Entregado,True
7662,6547,1,2025-09-15 16:32:32.877177338,Entregado,True
7663,6548,1,2026-01-16 12:34:30.599677898,Entregado,True
7664,6549,1,2025-03-13 21:10:39.833421232,Entregado,True
7665,6550,1,2025-09-14 05:30:50.194494532,Entregado,True
7666,6551,1,2025-10-28 04:59:46.875303085,Acceso restringido,False
7667,6551,2,2025-10-30 04:27:45.750606174,Entregado,True
7668,6552,1,2025-03-03 00:42:35.902366477,Entregado,True
7669,6553,1,2025-06-07 19:31:48.215274272,Acceso restringido,False
7670,6553,2,2025-06-08 15:59:24.430548548,Entregado,True
7671,6554,1,2025-12-10 09:37:04.485559011,Entregado,True
7672,6555,1,2025-07-23 17:49:20.925361642,Entregado,True
7673,6556,1,2025-02-08 09:59:56.292490045,Entregado,True
7674,6557,1,2026-06-21 14:00:16.653776497,Cliente ausente,False
7675,6557,2,2026-06-23 02:07:09.307552998,Entregado,True
7676,6558,1,2026-04-03 13:00:51.495513289,Entregado,True
7677,6559,1,2025-06-16 23:15:07.549399958,Entregado,True
7678,6560,1,2026-01-09 15:37:34.899678519,Entregado,True
7679,6561,1,2025-11-14 03:11:36.439408028,Entregado,True
7680,6562,1,2026-07-22 05:12:46.442639815,Entregado,True
7681,6563,1,2025-10-13 19:08:59.012522674,Entregado,True
7682,6564,1,2025-10-27 04:13:46.538113997,Entregado,True
7683,6565,1,2026-04-23 06:05:08.481017407,Entregado,True
7684,6566,1,2026-08-21 02:40:35.867238808,Cliente ausente,False
7685,6566,2,2026-08-21 19:19:59.734477617,Cliente ausente,False
7686,6566,3,2026-08-22 11:59:23.601716426,Entregado,True
7687,6567,1,2025-12-16 21:41:06.933670591,Cliente ausente,False
7688,6567,2,2025-12-18 09:56:25.867341182,Entregado,True
7689,6568,1,2026-03-22 22:33:39.950196105,Entregado,True
7690,6569,1,2025-07-29 07:48:24.598144036,Entregado,True
7691,6570,1,2026-02-22 08:10:00.258630009,Reprogramado,False
7692,6570,2,2026-02-23 03:14:36.517260019,Domicilio incorrecto,False
7693,6570,3,2026-02-23 22:19:12.775890025,Entregado,True
7694,6571,1,2026-03-16 17:02:39.920664602,Entregado,True
7695,6572,1,2025-06-15 13:43:22.093704285,Entregado,True
7696,6573,1,2026-07-13 21:38:29.011634527,Entregado,True
7697,6574,1,2026-02-25 12:19:56.275794213,Entregado,True
7698,6575,1,2025-09-27 03:43:53.620667695,Entregado,True
7699,6576,1,2025-10-06 18:04:53.841956847,Cliente ausente,False
7700,6576,2,2025-10-07 03:04:23.683913698,Entregado,True
7701,6577,1,2026-04-30 16:08:55.624272208,Entregado,True
7702,6578,1,2026-06-02 09:10:18.619786898,Reprogramado,False
7703,6578,2,2026-06-03 09:00:13.239573793,Entregado,True
7704,6579,1,2025-03-26 18:58:29.948065273,Entregado,True
7705,6580,1,2025-05-02 22:41:51.192680092,Entregado,True
7706,6581,1,2025-11-01 04:02:41.302362195,Entregado,True
7707,6582,1,2025-08-05 10:46:33.180845001,Entregado,True
7708,6583,1,2025-02-01 02:49:12.625059342,Entregado,True
7709,6584,1,2026-06-22 02:53:12.130058241,Entregado,True
7710,6585,1,2026-06-04 05:27:19.380352320,Entregado,True
7711,6586,1,2025-07-17 21:53:21.487503292,Entregado,True
7712,6587,1,2026-08-18 12:15:00.787755798,Entregado,True
7713,6588,1,2026-03-19 08:40:08.355136530,Entregado,True
7714,6589,1,2025-02-08 01:40:51.234050082,Entregado,True
7715,6590,1,2025-09-17 10:21:23.515660879,Entregado,True
7716,6591,1,2025-04-26 00:57:31.170296149,Entregado,True
7717,6592,1,2025-10-23 23:04:25.854039123,Entregado,True
7718,6593,1,2025-01-18 02:44:26.215332619,Entregado,True
7719,6594,1,2026-08-21 18:50:21.066560106,Cliente ausente,False
7720,6594,2,2026-08-22 19:14:54.133120208,Entregado,True
7721,6595,1,2025-05-22 03:15:58.922640820,Entregado,True
7722,6596,1,2026-01-07 09:06:56.715872144,Cliente ausente,False
7723,6596,2,2026-01-08 15:48:41.431744285,Entregado,True
7724,6597,1,2026-03-04 20:29:39.808972053,Reprogramado,False
7725,6597,2,2026-03-06 05:30:31.617944110,Entregado,True
7726,6598,1,2025-04-07 21:20:04.896076891,Entregado,True
7727,6599,1,2026-05-05 00:57:53.940698678,Cliente ausente,False
7728,6599,2,2026-05-06 11:21:35.881397354,Entregado,True
7729,6600,1,2025-12-09 15:29:15.720763023,Entregado,True
7730,6601,1,2026-05-09 13:56:36.248783463,Entregado,True
7731,6602,1,2026-05-17 00:57:17.276695722,Entregado,True
7732,6603,1,2025-07-10 07:09:31.494500748,Entregado,True
7733,6604,1,2025-03-26 02:14:31.862822845,Entregado,True
7734,6605,1,2025-06-30 01:52:17.555552454,Cliente ausente,False
7735,6605,2,2025-06-30 18:30:11.111104904,Entregado,True
7736,6606,1,2026-02-20 16:29:49.813808816,Domicilio incorrecto,False
7737,6606,2,2026-02-21 13:44:39.627617629,Entregado,True
7738,6607,1,2025-04-19 21:57:43.653686842,Entregado,True
7739,6608,1,2026-01-17 02:21:45.614319177,Entregado,True
7740,6609,1,2025-11-28 13:57:16.989034658,Entregado,True
7741,6610,1,2025-09-08 13:38:48.805249894,Entregado,True
7742,6611,1,2025-03-14 18:38:38.841549010,Entregado,True
7743,6612,1,2025-05-15 03:36:21.514176342,Entregado,True
7744,6613,1,2025-08-31 21:19:07.720582413,Entregado,True
7745,6614,1,2025-03-23 12:25:55.216336375,Entregado,True
7746,6615,1,2026-07-27 02:00:38.171188573,Entregado,True
7747,6616,1,2026-04-08 02:02:06.404885196,Entregado,True
7748,6617,1,2025-05-06 01:58:31.279035118,Domicilio incorrecto,False
7749,6617,2,2025-05-06 15:35:26.558070241,Reprogramado,False
7750,6617,3,2025-05-07 05:12:21.837105360,Entregado,True
7751,6618,1,2025-01-13 08:49:01.594821669,Entregado,True
7752,6619,1,2026-02-15 12:00:11.181276608,Entregado,True
7753,6620,1,2025-01-29 21:11:21.155767180,Entregado,True
7754,6621,1,2025-07-30 10:46:47.741126073,Entregado,True
7755,6622,1,2025-08-15 03:49:32.499902668,Entregado,True
7756,6623,1,2026-01-19 04:17:45.528885531,Entregado,True
7757,6624,1,2025-11-13 01:47:52.458525938,Cliente ausente,False
7758,6624,2,2025-11-14 08:41:44.917051880,Entregado,True
7759,6625,1,2025-07-29 15:45:03.142459332,Entregado,True
7760,6626,1,2025-10-26 00:16:32.212588940,Entregado,True
7761,6627,1,2026-02-09 08:30:22.717802188,Entregado,True
7762,6628,1,2026-03-14 03:49:32.346040288,Entregado,True
7763,6629,1,2026-07-28 20:37:33.760983568,Domicilio incorrecto,False
7764,6629,2,2026-07-30 07:22:19.521967137,Entregado,True
7765,6630,1,2025-05-04 08:20:49.842842445,Entregado,True
7766,6631,1,2025-02-08 15:15:37.376654374,Entregado,True
7767,6632,1,2026-07-08 09:44:59.013846063,Entregado,True
7768,6633,1,2025-03-15 01:11:45.001847626,Entregado,True
7769,6634,1,2026-07-25 17:02:06.639418964,Entregado,True
7770,6635,1,2025-06-18 10:25:50.208013430,Domicilio incorrecto,False
7771,6635,2,2025-06-20 05:58:16.416026857,Entregado,True
7772,6636,1,2025-08-11 10:16:35.123478492,Cliente ausente,False
7773,6636,2,2025-08-13 13:34:22.246956987,Entregado,True
7774,6637,1,2025-03-20 13:44:44.095039483,Entregado,True
7775,6638,1,2025-08-01 07:44:41.918718512,Entregado,True
7776,6639,1,2025-08-17 07:18:18.008501094,Domicilio incorrecto,False
7777,6639,2,2025-08-18 09:25:48.017002184,Domicilio incorrecto,False
7778,6639,3,2025-08-19 11:33:18.025503278,Entregado,True
7779,6640,1,2026-03-31 17:48:13.250544638,Cliente ausente,False
7780,6640,2,2026-04-02 07:33:26.501089276,Entregado,True
7781,6641,1,2026-05-04 02:22:39.097127686,Cliente ausente,False
7782,6641,2,2026-05-05 22:20:06.194255373,Entregado,True
7783,6642,1,2026-04-21 13:56:47.424498334,Entregado,True
7784,6643,1,2026-05-08 01:07:17.513198324,Entregado,True
7785,6644,1,2026-01-12 18:14:05.559862329,Entregado,True
7786,6645,1,2025-08-22 12:43:27.077022559,Entregado,True
7787,6646,1,2025-08-14 14:21:50.379928574,Entregado,True
7788,6647,1,2026-04-22 09:53:07.052157549,Entregado,True
7789,6648,1,2026-08-01 18:03:38.891552130,Entregado,True
7790,6649,1,2025-03-23 14:35:08.751505696,Entregado,True
7791,6650,1,2026-08-01 08:36:30.968723498,Entregado,True
7792,6651,1,2025-07-31 03:51:02.044198990,Entregado,True
7793,6652,1,2025-10-24 21:30:34.860432171,Cliente ausente,False
7794,6652,2,2025-10-25 08:34:09.720864343,Cliente ausente,False
7795,6652,3,2025-10-25 19:37:44.581296511,Entregado,True
7796,6653,1,2025-06-22 13:10:21.640903089,Entregado,True
7797,6654,1,2025-04-02 08:38:42.177013544,Entregado,True
7798,6655,1,2025-08-19 08:34:59.894035777,Entregado,True
7799,6656,1,2025-05-25 17:40:18.675911938,Entregado,True
7800,6657,1,2025-02-26 02:45:30.019664840,Entregado,True
7801,6658,1,2025-07-19 17:26:14.090685424,Entregado,True
7802,6659,1,2026-05-09 00:06:11.679113440,Entregado,True
7803,6660,1,2025-10-30 00:52:09.795638575,Entregado,True
7804,6661,1,2026-06-23 09:23:53.379827970,Entregado,True
7805,6662,1,2026-08-08 11:41:14.468583602,Entregado,True
7806,6663,1,2026-05-17 01:51:53.795763284,Cliente ausente,False
7807,6663,2,2026-05-18 16:43:47.591526565,Entregado,True
7808,6664,1,2025-07-26 22:11:20.561717410,Entregado,True
7809,6665,1,2025-05-18 07:06:38.287833714,Acceso restringido,False
7810,6665,2,2025-05-18 21:36:40.575667424,Cliente ausente,False
7811,6665,3,2025-05-19 12:06:42.863501138,Entregado,True
7812,6666,1,2026-02-16 01:51:32.749690449,Entregado,True
7813,6667,1,2025-10-10 04:05:54.090940171,Entregado,True
7814,6668,1,2026-03-22 16:42:16.339777059,Cliente ausente,False
7815,6668,2,2026-03-23 17:56:56.679554122,Entregado,True
7816,6669,1,2025-10-01 01:41:22.860533673,Entregado,True
7817,6670,1,2026-03-18 15:31:48.188028615,Entregado,True
7818,6671,1,2025-08-17 20:03:27.540266651,Entregado,True
7819,6672,1,2025-09-30 01:28:27.113758304,Entregado,True
7820,6673,1,2026-05-04 20:53:13.700577069,Entregado,True
7821,6674,1,2026-07-03 15:02:43.038313468,Entregado,True
7822,6675,1,2025-06-05 20:12:07.152389927,Entregado,True
7823,6676,1,2025-01-21 00:28:26.123666710,Reprogramado,False
7824,6676,2,2025-01-22 19:25:04.247333418,Entregado,True
7825,6677,1,2026-03-05 02:45:00.156365402,Entregado,True
7826,6678,1,2025-03-02 16:45:47.084379778,Entregado,True
7827,6679,1,2026-02-28 23:54:05.921661085,Cliente ausente,False
7828,6679,2,2026-03-02 09:33:47.843322166,Entregado,True
7829,6680,1,2026-07-05 00:37:27.496607839,Entregado,True
7830,6681,1,2025-04-14 22:06:50.940616478,Entregado,True
7831,6682,1,2025-03-22 04:10:53.331495823,Entregado,True
7832,6683,1,2025-03-08 11:18:10.579311266,Cliente ausente,False
7833,6683,2,2025-03-09 09:12:21.158622532,Cliente ausente,False
7834,6683,3,2025-03-10 07:06:31.737933799,Entregado,True
7835,6684,1,2025-06-02 11:11:55.971974889,Entregado,True
7836,6685,1,2026-03-14 10:24:25.032456676,Entregado,True
7837,6686,1,2025-08-24 10:41:28.223490062,Entregado,True
7838,6687,1,2025-04-11 14:19:09.116157183,Entregado,True
7839,6688,1,2025-01-12 21:46:08.483796930,Entregado,True
7840,6689,1,2026-05-21 05:22:55.261222406,Entregado,True
7841,6690,1,2026-05-08 05:07:53.076299721,Entregado,True
7842,6691,1,2026-03-04 20:25:15.675751801,Entregado,True
7843,6692,1,2025-08-16 07:59:18.134754968,Domicilio incorrecto,False
7844,6692,2,2025-08-17 06:26:12.269509940,Entregado,True
7845,6693,1,2026-08-12 02:52:03.403425968,Entregado,True
7846,6694,1,2025-01-20 03:40:07.041574956,Entregado,True
7847,6695,1,2026-07-19 15:11:50.947841040,Entregado,True
7848,6696,1,2025-08-17 10:41:13.181195209,Entregado,True
7849,6697,1,2025-08-29 17:52:30.624809005,Entregado,True
7850,6698,1,2026-01-17 10:29:15.712372064,Entregado,True
7851,6699,1,2025-09-15 07:02:55.748499586,Entregado,True
7852,6700,1,2025-11-05 02:48:18.907936045,Cliente ausente,False
7853,6700,2,2025-11-06 01:37:13.815872086,Cliente ausente,False
7854,6700,3,2025-11-07 00:26:08.723808132,Entregado,True
7855,6701,1,2025-11-12 08:09:55.051828570,Entregado,True
7856,6702,1,2025-10-30 16:04:20.736136441,Entregado,True
7857,6703,1,2025-04-28 13:45:36.000000000,Entregado,True
7858,6704,1,2025-02-20 10:17:11.762604654,Entregado,True
7859,6705,1,2025-07-03 13:36:01.843660645,Entregado,True
7860,6706,1,2026-06-30 10:21:08.986284504,Entregado,True
7861,6707,1,2025-11-24 20:29:13.265574378,Entregado,True
7862,6708,1,2026-05-20 07:17:11.970537471,Entregado,True
7863,6709,1,2026-05-13 04:38:19.530151598,Cliente ausente,False
7864,6709,2,2026-05-14 20:48:27.060303196,Entregado,True
7865,6710,1,2025-09-05 07:46:32.250754963,Entregado,True
7866,6711,1,2026-06-29 14:09:20.293967674,Entregado,True
7867,6712,1,2025-04-15 00:48:56.073304544,Entregado,True
7868,6713,1,2025-08-21 12:47:35.482908382,Entregado,True
7869,6714,1,2026-01-28 12:33:18.079411852,Entregado,True
7870,6715,1,2026-08-03 19:00:25.523359002,Entregado,True
7871,6716,1,2026-03-09 06:57:34.258883097,Entregado,True
7872,6717,1,2025-12-08 01:33:00.483931724,Entregado,True
7873,6718,1,2025-07-04 02:58:06.811296603,Reprogramado,False
7874,6718,2,2025-07-04 23:49:37.622593207,Entregado,True
7875,6719,1,2025-02-28 17:57:43.607196867,Entregado,True
7876,6720,1,2025-10-10 19:53:39.819410862,Acceso restringido,False
7877,6720,2,2025-10-12 08:17:19.638821720,Entregado,True
7878,6721,1,2026-07-29 18:03:32.732804311,Entregado,True
7879,6722,1,2026-05-26 22:12:25.807087152,Entregado,True
7880,6723,1,2026-08-11 02:58:32.744592282,Entregado,True
7881,6724,1,2025-08-07 00:30:43.689173400,Entregado,True
7882,6725,1,2025-04-02 00:26:00.464672806,Cliente ausente,False
7883,6725,2,2025-04-03 13:04:00.929345617,Entregado,True
7884,6726,1,2025-11-11 12:02:13.007845122,Domicilio incorrecto,False
7885,6726,2,2025-11-12 17:41:38.015690240,Acceso restringido,False
7886,6726,3,2025-11-13 23:21:03.023535362,Entregado,True
7887,6727,1,2025-08-22 09:54:46.709373560,Entregado,True
7888,6728,1,2026-07-30 15:49:13.800241135,Entregado,True
7889,6729,1,2026-03-21 08:54:09.852076951,Entregado,True
7890,6730,1,2025-05-17 07:26:54.757741740,Entregado,True
7891,6731,1,2025-01-03 21:17:48.929863020,Entregado,True
7892,6732,1,2025-06-11 02:16:48.126291913,Entregado,True
7893,6733,1,2025-05-20 16:48:03.487991540,Reprogramado,False
7894,6733,2,2025-05-21 00:37:18.975983077,Entregado,True
7895,6734,1,2025-11-04 09:21:34.271793680,Entregado,True
7896,6735,1,2026-04-06 16:26:50.690331906,Cliente ausente,False
7897,6735,2,2026-04-07 15:31:29.380663808,Cliente ausente,False
7898,6735,3,2026-04-08 14:36:08.070995714,Entregado,True
7899,6736,1,2025-05-08 00:41:20.100685758,Entregado,True
7900,6737,1,2025-12-14 17:48:34.379094127,Cliente ausente,False
7901,6737,2,2025-12-15 11:19:44.758188252,Entregado,True
7902,6738,1,2026-08-18 16:52:33.968125750,Entregado,True
7903,6739,1,2025-11-20 20:40:16.701377577,Entregado,True
7904,6740,1,2026-02-13 06:43:29.585953167,Entregado,True
7905,6741,1,2026-04-16 22:17:50.944736004,Cliente ausente,False
7906,6741,2,2026-04-18 22:09:53.889472008,Entregado,True
7907,6742,1,2025-08-02 04:33:02.526767578,Cliente ausente,False
7908,6742,2,2025-08-02 18:47:29.053535154,Cliente ausente,False
7909,6742,3,2025-08-03 09:01:55.580302732,Entregado,True
7910,6743,1,2025-06-03 00:42:15.576063627,Entregado,True
7911,6744,1,2026-08-10 14:46:25.555075798,Entregado,True
7912,6745,1,2025-04-14 07:10:02.442652449,Cliente ausente,False
7913,6745,2,2025-04-15 06:06:52.885304899,Entregado,True
7914,6746,1,2025-07-03 00:43:12.476054049,Entregado,True
7915,6747,1,2026-05-22 07:07:46.398648871,Entregado,True
7916,6748,1,2026-06-10 16:21:25.120540501,Cliente ausente,False
7917,6748,2,2026-06-11 10:33:50.241081006,Cliente ausente,False
7918,6748,3,2026-06-12 04:46:15.361621507,Entregado,True
7919,6749,1,2026-01-18 19:59:57.112741453,Reprogramado,False
7920,6749,2,2026-01-20 23:55:06.225482906,Entregado,True
7921,6750,1,2025-01-26 03:40:59.327628081,Acceso restringido,False
7922,6750,2,2025-01-27 20:10:34.655256159,Entregado,True
7923,6751,1,2025-02-20 04:16:54.294815823,Acceso restringido,False
7924,6751,2,2025-02-20 22:47:00.589631647,Entregado,True
7925,6752,1,2025-01-28 15:19:50.917419062,Entregado,True
7926,6753,1,2025-01-14 18:56:07.302645877,Entregado,True
7927,6754,1,2025-04-13 11:02:32.946329468,Reprogramado,False
7928,6754,2,2025-04-14 09:39:53.892658940,Entregado,True
7929,6755,1,2025-01-13 04:10:11.486214008,Entregado,True
7930,6756,1,2025-04-26 12:44:30.009129439,Entregado,True
7931,6757,1,2026-08-30 15:57:39.289841269,Entregado,True
7932,6758,1,2025-06-18 16:54:23.053741596,Entregado,True
7933,6759,1,2026-02-14 19:51:57.997073599,Entregado,True
7934,6760,1,2025-02-16 08:12:30.535727274,Entregado,True
7935,6761,1,2025-12-27 01:11:50.035103674,Entregado,True
7936,6762,1,2025-10-13 19:27:00.152345066,Entregado,True
7937,6763,1,2026-03-29 12:37:18.314302821,Entregado,True
7938,6764,1,2026-03-23 14:22:07.288795808,Entregado,True
7939,6765,1,2026-03-02 00:24:50.907306942,Entregado,True
7940,6766,1,2026-07-09 17:41:02.121403520,Cliente ausente,False
7941,6766,2,2026-07-10 15:23:52.242807040,Entregado,True
7942,6767,1,2025-12-24 00:05:54.103328455,Reprogramado,False
7943,6767,2,2025-12-25 17:46:00.206656906,Entregado,True
7944,6768,1,2026-08-15 03:15:38.341913234,Entregado,True
7945,6769,1,2026-07-10 23:01:09.933471991,Entregado,True
7946,6770,1,2025-09-30 23:06:59.493884353,Entregado,True
7947,6771,1,2025-08-07 15:29:58.709564037,Entregado,True
7948,6772,1,2025-03-06 11:40:14.213155375,Entregado,True
7949,6773,1,2026-03-22 01:07:05.849672847,Entregado,True
7950,6774,1,2026-06-28 23:36:01.699329051,Entregado,True
7951,6775,1,2025-10-03 14:58:42.480756170,Entregado,True
7952,6776,1,2026-04-16 23:48:17.541452912,Entregado,True
7953,6777,1,2025-08-08 09:41:57.203442448,Entregado,True
7954,6778,1,2026-07-22 02:24:45.067679406,Entregado,True
7955,6779,1,2026-08-16 19:17:09.094841188,Reprogramado,False
7956,6779,2,2026-08-17 20:58:18.189682374,Entregado,True
7957,6780,1,2025-01-16 17:06:38.852391945,Entregado,True
7958,6781,1,2025-08-11 16:52:09.873140311,Entregado,True
7959,6782,1,2026-02-02 03:06:47.249525311,Entregado,True
7960,6783,1,2025-09-28 19:11:51.427487745,Acceso restringido,False
7961,6783,2,2025-09-30 04:31:30.854975487,Entregado,True
7962,6784,1,2025-10-27 04:06:46.427797476,Entregado,True
7963,6785,1,2026-03-10 21:00:28.378492513,Entregado,True
7964,6786,1,2026-02-14 01:15:16.428292394,Entregado,True
7965,6787,1,2025-03-08 04:30:12.437036553,Entregado,True
7966,6788,1,2025-02-09 20:37:43.936284421,Entregado,True
7967,6789,1,2025-01-30 16:24:51.036097795,Cliente ausente,False
7968,6789,2,2025-01-31 17:22:06.072195594,Domicilio incorrecto,False
7969,6789,3,2025-02-01 18:19:21.108293389,Entregado,True
7970,6790,1,2025-10-18 08:04:43.599553719,Entregado,True
7971,6791,1,2025-05-07 12:32:16.709852896,Cliente ausente,False
7972,6791,2,2025-05-08 17:02:09.419705797,Entregado,True
7973,6792,1,2026-01-20 11:00:39.672874220,Reprogramado,False
7974,6792,2,2026-01-21 12:17:31.345748440,Entregado,True
7975,6793,1,2025-11-23 22:07:23.176306322,Cliente ausente,False
7976,6793,2,2025-11-25 11:29:10.352612648,Entregado,True
7977,6794,1,2025-09-04 21:33:10.658118808,Entregado,True
7978,6795,1,2026-01-25 04:56:28.707434271,Cliente ausente,False
7979,6795,2,2026-01-26 20:09:45.414868543,Entregado,True
7980,6796,1,2025-09-25 15:00:22.572064908,Entregado,True
7981,6797,1,2025-07-25 03:24:10.260318322,Entregado,True
7982,6798,1,2025-08-19 17:12:39.195591865,Entregado,True
7983,6799,1,2025-08-29 20:53:31.752099970,Entregado,True
7984,6800,1,2025-03-15 06:49:37.319549793,Entregado,True
7985,6801,1,2026-01-26 21:55:36.219919321,Entregado,True
7986,6802,1,2025-07-31 17:21:36.000000000,Entregado,True
7987,6803,1,2025-06-20 20:46:48.009133840,Cliente ausente,False
7988,6803,2,2025-06-21 08:25:12.018267685,Cliente ausente,False
7989,6803,3,2025-06-21 20:03:36.027401526,Entregado,True
7990,6804,1,2025-06-03 06:41:10.392040838,Entregado,True
7991,6805,1,2025-04-19 02:29:06.840513240,Entregado,True
7992,6806,1,2025-08-11 05:34:00.340798440,Entregado,True
7993,6807,1,2025-10-11 22:34:25.104451342,Entregado,True
7994,6808,1,2026-01-26 02:07:05.705006671,Entregado,True
7995,6809,1,2026-01-09 23:55:45.829725718,Entregado,True
7996,6810,1,2025-05-10 20:20:24.591715047,Entregado,True
7997,6811,1,2025-06-26 10:14:56.559654373,Entregado,True
7998,6812,1,2026-04-21 16:19:49.036619373,Entregado,True
7999,6813,1,2026-09-04 09:54:59.476175181,Entregado,True
8000,6814,1,2026-05-20 11:26:06.239899032,Entregado,True
8001,6815,1,2025-02-24 05:11:39.554429870,Entregado,True
8002,6816,1,2025-04-06 07:45:19.987073546,Entregado,True
8003,6817,1,2026-08-02 00:58:15.990347373,Entregado,True
8004,6818,1,2025-01-21 15:48:43.567422343,Entregado,True
8005,6819,1,2025-04-18 23:04:37.521027512,Entregado,True
8006,6820,1,2025-07-20 17:53:37.622284867,Cliente ausente,False
8007,6820,2,2025-07-21 23:12:27.244569739,Cliente ausente,False
8008,6820,3,2025-07-23 04:31:16.866854607,Entregado,True
8009,6821,1,2025-12-19 03:35:37.713750795,Entregado,True
8010,6822,1,2025-10-13 00:30:50.405030686,Entregado,True
8011,6823,1,2025-10-12 15:08:35.949314889,Entregado,True
8012,6824,1,2026-06-23 19:04:32.937828384,Reprogramado,False
8013,6824,2,2026-06-23 22:00:41.875656764,Domicilio incorrecto,False
8014,6824,3,2026-06-24 00:56:50.813485148,Entregado,True
8015,6825,1,2025-09-04 16:10:33.494379002,Entregado,True
8016,6826,1,2026-03-07 16:29:10.885204042,Entregado,True
8017,6827,1,2025-02-09 05:23:48.072615788,Entregado,True
8018,6828,1,2026-02-24 21:46:45.757139343,Entregado,True
8019,6829,1,2025-11-01 17:05:19.212197046,Entregado,True
8020,6830,1,2025-03-15 21:50:01.346165631,Entregado,True
8021,6831,1,2026-06-10 20:22:09.600610422,Domicilio incorrecto,False
8022,6831,2,2026-06-11 12:08:19.201220844,Cliente ausente,False
8023,6831,3,2026-06-12 03:54:28.801831266,Entregado,True
8024,6832,1,2025-06-25 11:54:11.069079174,Entregado,True
8025,6833,1,2025-04-01 00:48:37.280790136,Entregado,True
8026,6834,1,2026-01-04 19:14:59.596098414,Entregado,True
8027,6835,1,2025-07-30 07:42:44.251057260,Entregado,True
8028,6836,1,2025-03-06 22:28:55.749959266,Entregado,True
8029,6837,1,2025-11-18 20:06:12.637163278,Entregado,True
8030,6838,1,2026-07-09 20:17:30.191517204,Entregado,True
8031,6839,1,2025-03-05 06:14:32.025736914,Entregado,True
8032,6840,1,2025-08-28 20:12:44.906537797,Entregado,True
8033,6841,1,2026-04-08 08:30:56.095581571,Cliente ausente,False
8034,6841,2,2026-04-09 07:30:40.191163142,Domicilio incorrecto,False
8035,6841,3,2026-04-10 06:30:24.286744713,Entregado,True
8036,6842,1,2025-05-08 12:32:18.503218122,Domicilio incorrecto,False
8037,6842,2,2025-05-09 06:05:13.006436247,Entregado,True
8038,6843,1,2025-03-28 02:32:22.064413387,Entregado,True
8039,6844,1,2025-08-08 21:57:29.981790604,Entregado,True
8040,6845,1,2026-02-13 22:19:53.853451824,Cliente ausente,False
8041,6845,2,2026-02-15 16:14:35.706903648,Entregado,True
8042,6846,1,2026-03-09 04:39:18.839643840,Entregado,True
8043,6847,1,2026-05-31 05:00:18.729502408,Entregado,True
8044,6848,1,2025-03-09 08:31:02.301218493,Entregado,True
8045,6849,1,2025-07-04 16:17:09.860922232,Entregado,True
8046,6850,1,2025-03-09 02:56:36.663870976,Entregado,True
8047,6851,1,2025-07-30 04:54:26.492660136,Entregado,True
8048,6852,1,2025-02-26 05:06:38.502706978,Entregado,True
8049,6853,1,2025-08-13 02:08:26.513213542,Entregado,True
8050,6854,1,2025-08-25 21:21:50.035653997,Reprogramado,False
8051,6854,2,2025-08-26 23:46:40.071307990,Entregado,True
8052,6855,1,2026-03-14 22:14:15.410655679,Entregado,True
8053,6856,1,2025-04-15 01:09:47.731881128,Entregado,True
8054,6857,1,2026-03-16 17:20:19.692510421,Entregado,True
8055,6858,1,2026-02-28 17:38:10.791976861,Entregado,True
8056,6859,1,2025-04-22 08:38:08.149493518,Entregado,True
8057,6860,1,2026-06-11 17:17:44.098754917,Entregado,True
8058,6861,1,2026-05-23 18:12:41.224177918,Entregado,True
8059,6862,1,2026-02-11 20:57:16.849441573,Entregado,True
8060,6863,1,2025-12-12 00:22:30.331262859,Entregado,True
8061,6864,1,2026-08-24 12:44:36.054775496,Entregado,True
8062,6865,1,2025-11-26 05:35:44.595135074,Entregado,True
8063,6866,1,2025-08-03 11:56:03.632069695,Cliente ausente,False
8064,6866,2,2025-08-04 16:39:31.264139390,Entregado,True
8065,6867,1,2026-07-11 19:57:10.837193803,Entregado,True
8066,6868,1,2025-11-22 22:52:12.443505027,Entregado,True
8067,6869,1,2025-03-24 05:53:28.785208945,Entregado,True
8068,6870,1,2025-02-26 12:38:40.121689336,Entregado,True
8069,6871,1,2025-03-13 05:19:02.650108594,Entregado,True
8070,6872,1,2025-03-10 21:56:57.832010077,Entregado,True
8071,6873,1,2025-06-30 05:53:58.604142264,Cliente ausente,False
8072,6873,2,2025-07-01 04:59:57.208284528,Entregado,True
8073,6874,1,2026-01-17 07:02:39.088973860,Acceso restringido,False
8074,6874,2,2026-01-18 18:28:06.177947721,Reprogramado,False
8075,6874,3,2026-01-20 05:53:33.266921582,Entregado,True
8076,6875,1,2026-03-29 21:42:45.519894338,Entregado,True
8077,6876,1,2025-09-20 06:12:38.307491409,Entregado,True
8078,6877,1,2026-03-24 16:16:47.509310053,Acceso restringido,False
8079,6877,2,2026-03-25 10:18:35.018620106,Entregado,True
8080,6878,1,2025-05-12 11:52:59.665610236,Entregado,True
8081,6879,1,2025-08-25 11:37:11.191208764,Entregado,True
8082,6880,1,2025-06-07 04:14:44.517547276,Entregado,True
8083,6881,1,2025-11-29 01:25:40.776320542,Entregado,True
8084,6882,1,2025-02-24 10:28:25.439908580,Entregado,True
8085,6883,1,2026-04-15 02:49:30.577958410,Entregado,True
8086,6884,1,2026-02-19 23:52:33.486616423,Entregado,True
8087,6885,1,2025-01-16 04:14:45.884066110,Entregado,True
8088,6886,1,2026-05-12 03:39:04.099673253,Entregado,True
8089,6887,1,2026-06-03 18:43:35.223582975,Entregado,True
8090,6888,1,2026-01-05 19:27:25.416047601,Entregado,True
8091,6889,1,2026-06-26 22:49:24.241871287,Entregado,True
8092,6890,1,2026-03-31 22:06:08.298446043,Entregado,True
8093,6891,1,2026-06-25 23:33:38.338895890,Reprogramado,False
8094,6891,2,2026-06-26 09:21:40.677791781,Entregado,True
8095,6892,1,2026-04-27 17:53:26.801128838,Entregado,True
8096,6893,1,2026-02-19 03:50:20.400053456,Cliente ausente,False
8097,6893,2,2026-02-19 16:04:04.800106909,Entregado,True
8098,6894,1,2025-08-20 19:06:45.658351940,Entregado,True
8099,6895,1,2025-05-18 20:00:31.801768160,Domicilio incorrecto,False
8100,6895,2,2025-05-20 02:53:15.603536320,Entregado,True
8101,6896,1,2025-08-28 23:40:35.455099530,Cliente ausente,False
8102,6896,2,2025-08-29 03:39:10.910199060,Entregado,True
8103,6897,1,2026-04-20 04:43:01.943065660,Entregado,True
8104,6898,1,2026-04-06 16:50:23.019212734,Entregado,True
8105,6899,1,2025-11-03 00:36:48.069947419,Entregado,True
8106,6900,1,2025-07-02 13:05:09.644258241,Entregado,True
8107,6901,1,2025-02-02 05:11:46.496216090,Entregado,True
8108,6902,1,2025-02-11 15:10:56.322186636,Entregado,True
8109,6903,1,2025-07-08 06:44:55.751615188,Entregado,True
8110,6904,1,2025-11-16 13:47:20.096805386,Entregado,True
8111,6905,1,2025-08-19 07:13:03.012340004,Entregado,True
8112,6906,1,2025-11-21 21:05:49.039232550,Entregado,True
8113,6907,1,2025-11-16 15:06:07.170271138,Entregado,True
8114,6908,1,2025-06-25 08:18:19.754906806,Entregado,True
8115,6909,1,2025-02-11 12:59:15.023449424,Entregado,True
8116,6910,1,2026-02-15 05:29:16.858399037,Reprogramado,False
8117,6910,2,2026-02-16 22:45:57.716798075,Entregado,True
8118,6911,1,2026-07-20 01:35:17.158328552,Entregado,True
8119,6912,1,2025-11-21 06:08:32.665373988,Cliente ausente,False
8120,6912,2,2025-11-23 06:09:17.330747972,Entregado,True
8121,6913,1,2025-06-12 04:36:41.253690070,Entregado,True
8122,6914,1,2025-02-07 08:44:09.327930226,Entregado,True
8123,6915,1,2026-02-12 00:46:44.819843638,Entregado,True
8124,6916,1,2026-06-25 00:04:40.912389066,Entregado,True
8125,6917,1,2026-01-13 23:35:47.189015206,Entregado,True
8126,6918,1,2025-09-15 16:04:40.673758134,Entregado,True
8127,6919,1,2025-10-06 15:54:07.082929789,Entregado,True
8128,6920,1,2025-09-06 23:46:18.343207614,Entregado,True
8129,6921,1,2025-01-19 03:39:33.435288558,Entregado,True
8130,6922,1,2026-01-04 19:14:39.697311483,Entregado,True
8131,6923,1,2025-11-08 16:12:36.000000000,Entregado,True
8132,6924,1,2025-08-02 19:21:50.363006522,Entregado,True
8133,6925,1,2026-04-18 13:13:43.911674090,Entregado,True
8134,6926,1,2026-02-23 05:36:52.266622633,Entregado,True
8135,6927,1,2026-05-20 01:36:24.426375102,Entregado,True
8136,6928,1,2025-07-04 13:12:22.913384425,Entregado,True
8137,6929,1,2026-01-26 00:56:15.218994433,Entregado,True
8138,6930,1,2025-07-07 05:32:19.178963905,Entregado,True
8139,6931,1,2026-04-14 03:51:34.940661256,Entregado,True
8140,6932,1,2026-04-04 02:37:54.034520563,Cliente ausente,False
8141,6932,2,2026-04-05 16:18:48.069041130,Entregado,True
8142,6933,1,2025-05-15 07:02:16.333187834,Cliente ausente,False
8143,6933,2,2025-05-15 12:41:44.666375665,Cliente ausente,False
8144,6933,3,2025-05-15 18:21:12.999563499,Entregado,True
8145,6934,1,2025-06-28 22:23:56.413713930,Entregado,True
8146,6935,1,2025-11-15 03:34:50.119886391,Entregado,True
8147,6936,1,2025-09-29 08:54:19.369344344,Entregado,True
8148,6937,1,2025-08-16 06:59:31.056759538,Entregado,True
8149,6938,1,2025-09-11 16:43:52.301280396,Entregado,True
8150,6939,1,2025-03-06 21:28:28.612599693,Entregado,True
8151,6940,1,2026-04-13 14:05:40.659326502,Entregado,True
8152,6941,1,2025-05-06 23:28:44.754555341,Entregado,True
8153,6942,1,2026-08-06 05:51:36.000000000,Cliente ausente,False
8154,6942,2,2026-08-06 08:51:36.000000000,Entregado,True
8155,6943,1,2025-03-16 13:45:36.000000000,Cliente ausente,False
8156,6943,2,2025-03-16 16:45:36.000000000,Entregado,True
8157,6944,1,2026-03-21 00:25:06.526144747,Entregado,True
8158,6945,1,2026-05-18 00:00:22.084045092,Entregado,True
8159,6946,1,2026-08-24 06:57:33.160304232,Cliente ausente,False
8160,6946,2,2026-08-25 03:14:18.320608460,Entregado,True
8161,6947,1,2025-02-22 15:38:07.304298018,Entregado,True
8162,6948,1,2025-03-02 12:57:05.036415037,Entregado,True
8163,6949,1,2026-04-02 17:38:23.366612763,Entregado,True
8164,6950,1,2025-03-16 11:54:20.450760656,Entregado,True
8165,6951,1,2025-07-10 13:40:58.618190344,Domicilio incorrecto,False
8166,6951,2,2025-07-11 22:11:09.236380686,Entregado,True
8167,6952,1,2026-07-18 17:55:38.672410936,Entregado,True
8168,6953,1,2025-06-08 00:59:47.711778273,Entregado,True
8169,6954,1,2026-07-19 20:47:19.419759996,Entregado,True
8170,6955,1,2025-03-27 13:15:42.190894674,Cliente ausente,False
8171,6955,2,2025-03-28 19:12:12.381789344,Entregado,True
8172,6956,1,2025-03-12 01:02:54.820578267,Entregado,True
8173,6957,1,2026-01-23 10:32:43.254556245,Entregado,True
8174,6958,1,2026-01-12 04:52:30.747881452,Entregado,True
8175,6959,1,2026-08-16 15:15:22.935158953,Entregado,True
8176,6960,1,2025-11-15 11:47:56.229170110,Entregado,True
8177,6961,1,2025-06-14 19:49:12.192133317,Entregado,True
8178,6962,1,2025-09-13 04:58:37.709750784,Entregado,True
8179,6963,1,2025-06-05 12:42:18.904153460,Entregado,True
8180,6964,1,2025-12-04 09:08:27.901930832,Entregado,True
8181,6965,1,2026-01-05 21:30:29.203048807,Entregado,True
8182,6966,1,2026-08-25 03:25:14.512229140,Entregado,True
8183,6967,1,2025-04-12 04:26:00.921114528,Entregado,True
8184,6968,1,2025-04-30 13:57:36.000000000,Entregado,True
8185,6969,1,2026-01-21 17:49:03.931092642,Entregado,True
8186,6970,1,2025-10-30 22:37:39.212439124,Entregado,True
8187,6971,1,2025-06-01 13:47:04.330041680,Entregado,True
8188,6972,1,2025-07-20 15:34:21.352057428,Reprogramado,False
8189,6972,2,2025-07-21 02:02:42.704114856,Entregado,True
8190,6973,1,2025-01-04 21:03:19.746047988,Cliente ausente,False
8191,6973,2,2025-01-06 08:31:15.492095976,Entregado,True
8192,6974,1,2026-02-05 04:23:10.452626725,Entregado,True
8193,6975,1,2025-03-11 01:50:15.486819961,Entregado,True
8194,6976,1,2025-06-05 10:52:18.801425859,Entregado,True
8195,6977,1,2026-05-12 02:01:39.871444278,Entregado,True
8196,6978,1,2025-07-06 05:03:02.012793685,Entregado,True
8197,6979,1,2026-06-10 05:38:17.465654472,Entregado,True
8198,6980,1,2025-07-11 04:09:13.090402828,Entregado,True
8199,6981,1,2025-10-12 19:53:58.885222714,Entregado,True
8200,6982,1,2025-01-12 10:11:24.923501016,Entregado,True
8201,6983,1,2026-06-17 00:06:35.947795118,Entregado,True
8202,6984,1,2025-08-31 12:44:29.187805070,Entregado,True
8203,6985,1,2025-06-02 11:16:44.498609292,Reprogramado,False
8204,6985,2,2025-06-03 07:40:40.997218580,Reprogramado,False
8205,6985,3,2025-06-04 04:04:37.495827872,Entregado,True
8206,6986,1,2025-12-06 06:15:41.525194874,Entregado,True
8207,6987,1,2025-07-10 00:11:03.958595055,Entregado,True
8208,6988,1,2026-04-10 05:17:27.987346640,Entregado,True
8209,6989,1,2025-06-29 09:39:51.847122189,Entregado,True
8210,6990,1,2025-06-29 03:14:33.477941166,Entregado,True
8211,6991,1,2026-02-20 00:04:27.722019370,Cliente ausente,False
8212,6991,2,2026-02-20 15:45:31.444038738,Entregado,True
8213,6992,1,2026-08-02 10:21:50.148826812,Entregado,True
8214,6993,1,2025-11-07 02:43:48.000000000,Entregado,True
8215,6994,1,2025-01-04 16:44:59.570142547,Entregado,True
8216,6995,1,2025-11-16 15:58:30.577269187,Entregado,True
8217,6996,1,2026-05-26 02:31:20.331480597,Entregado,True
8218,6997,1,2026-07-27 04:56:12.880114663,Entregado,True
8219,6998,1,2026-01-07 10:56:58.743556360,Entregado,True
8220,6999,1,2026-07-11 18:16:34.334606906,Entregado,True
8221,7000,1,2026-08-31 09:25:18.926646891,Entregado,True
8222,7001,1,2025-08-17 11:43:17.043354552,Entregado,True
8223,7002,1,2026-04-26 23:39:47.713880358,Entregado,True
8224,7003,1,2025-10-08 22:02:23.647160896,Entregado,True
8225,7004,1,2025-01-16 17:27:29.556255099,Entregado,True
8226,7005,1,2025-05-24 17:33:59.483481786,Entregado,True
8227,7006,1,2026-08-15 18:05:53.448446331,Entregado,True
8228,7007,1,2026-04-19 14:17:17.212357363,Entregado,True
8229,7008,1,2026-06-10 20:27:17.334830059,Entregado,True
8230,7009,1,2025-07-08 11:18:11.874866266,Entregado,True
8231,7010,1,2025-11-16 11:19:30.744663214,Entregado,True
8232,7011,1,2025-12-27 18:36:20.766837812,Reprogramado,False
8233,7011,2,2025-12-28 09:45:05.533675624,Entregado,True
8234,7012,1,2026-03-23 12:46:54.401267553,Entregado,True
8235,7013,1,2025-10-24 02:25:41.647689199,Reprogramado,False
8236,7013,2,2025-10-24 12:20:11.295378398,Acceso restringido,False
8237,7013,3,2025-10-24 22:14:40.943067597,Entregado,True
8238,7014,1,2026-02-09 13:46:44.899569102,Cliente ausente,False
8239,7014,2,2026-02-10 14:48:29.799138204,Entregado,True
8240,7015,1,2025-09-21 17:57:43.666279941,Domicilio incorrecto,False
8241,7015,2,2025-09-22 20:56:03.332559883,Entregado,True
8242,7016,1,2026-01-14 18:57:09.578195571,Entregado,True
8243,7017,1,2026-08-09 23:37:08.936632167,Entregado,True
8244,7018,1,2025-03-12 11:34:50.816978047,Entregado,True
8245,7019,1,2026-04-21 08:56:05.096929905,Entregado,True
8246,7020,1,2025-02-18 04:19:15.030335319,Acceso restringido,False
8247,7020,2,2025-02-19 04:12:06.060670635,Cliente ausente,False
8248,7020,3,2025-02-20 04:04:57.091005955,Entregado,True
8249,7021,1,2025-03-01 06:09:34.195356360,Entregado,True
8250,7022,1,2025-01-25 18:57:39.521414574,Entregado,True
8251,7023,1,2025-10-19 12:44:34.442373210,Cliente ausente,False
8252,7023,2,2025-10-20 19:09:56.884746423,Entregado,True
8253,7024,1,2026-03-21 18:26:41.248725039,Entregado,True
8254,7025,1,2026-02-10 13:57:49.237230308,Entregado,True
8255,7026,1,2025-03-07 08:39:36.697710996,Entregado,True
8256,7027,1,2025-08-29 14:49:29.507946650,Entregado,True
8257,7028,1,2025-10-10 20:59:20.924439932,Entregado,True
8258,7029,1,2025-10-29 08:16:14.182658454,Entregado,True
8259,7030,1,2025-04-04 19:47:30.555100528,Entregado,True
8260,7031,1,2026-08-04 02:27:26.917318155,Entregado,True
8261,7032,1,2026-01-12 11:49:39.914853859,Entregado,True
8262,7033,1,2025-11-10 09:37:45.964227435,Entregado,True
8263,7034,1,2025-06-19 07:53:35.163107242,Entregado,True
8264,7035,1,2025-01-08 16:27:55.141135956,Entregado,True
8265,7036,1,2025-02-15 17:53:59.205856365,Entregado,True
8266,7037,1,2025-12-07 03:50:11.076483368,Entregado,True
8267,7038,1,2025-06-04 08:24:47.632646570,Cliente ausente,False
8268,7038,2,2025-06-06 01:42:59.265293137,Entregado,True
8269,7039,1,2025-02-14 12:19:18.028132140,Entregado,True
8270,7040,1,2025-07-20 23:23:06.675322581,Entregado,True
8271,7041,1,2026-07-04 15:03:18.418693867,Entregado,True
8272,7042,1,2025-08-17 14:31:28.977035584,Entregado,True
8273,7043,1,2026-06-07 18:39:47.960316604,Entregado,True
8274,7044,1,2025-12-05 09:19:36.051820412,Entregado,True
8275,7045,1,2025-07-02 15:17:28.368286731,Entregado,True
8276,7046,1,2026-06-18 20:26:57.454953824,Entregado,True
8277,7047,1,2025-09-29 15:57:26.314738663,Reprogramado,False
8278,7047,2,2025-09-30 01:20:04.629477327,Entregado,True
8279,7048,1,2025-07-16 04:33:07.688559488,Entregado,True
8280,7049,1,2026-06-24 06:24:45.078710396,Entregado,True
8281,7050,1,2026-04-29 08:47:48.101607632,Entregado,True
8282,7051,1,2025-04-10 23:42:14.312539454,Domicilio incorrecto,False
8283,7051,2,2025-04-13 07:49:04.625078905,Entregado,True
8284,7052,1,2026-03-06 15:49:12.000000000,Entregado,True
8285,7053,1,2026-05-29 11:22:53.264911450,Entregado,True
8286,7054,1,2025-11-25 22:47:24.578778523,Entregado,True
8287,7055,1,2026-08-04 10:06:03.010616712,Entregado,True
8288,7056,1,2026-02-22 14:03:13.493832980,Entregado,True
8289,7057,1,2025-04-22 23:55:22.884534224,Entregado,True
8290,7058,1,2025-08-04 23:06:18.758184865,Entregado,True
8291,7059,1,2026-07-27 12:43:14.594614726,Entregado,True
8292,7060,1,2025-01-31 11:18:15.797786605,Cliente ausente,False
8293,7060,2,2025-02-01 13:24:31.595573206,Entregado,True
8294,7061,1,2025-09-25 22:22:09.170420865,Entregado,True
8295,7062,1,2025-12-16 19:41:24.000000000,Entregado,True
8296,7063,1,2026-06-03 10:35:33.524072412,Entregado,True
8297,7064,1,2025-08-04 07:40:49.604531343,Entregado,True
8298,7065,1,2025-09-11 15:51:58.836589999,Entregado,True
8299,7066,1,2026-06-28 16:46:13.278949341,Entregado,True
8300,7067,1,2025-11-16 07:23:20.212763082,Reprogramado,False
8301,7067,2,2025-11-17 09:18:28.425526164,Entregado,True
8302,7068,1,2025-07-03 14:40:57.691798970,Entregado,True
8303,7069,1,2025-05-09 23:46:03.431833381,Entregado,True
8304,7070,1,2025-10-26 13:00:18.833569063,Entregado,True
8305,7071,1,2025-01-28 02:15:20.402724675,Entregado,True
8306,7072,1,2026-06-18 02:30:36.956871287,Entregado,True
8307,7073,1,2025-03-22 00:13:45.298574803,Entregado,True
8308,7074,1,2026-07-01 09:54:33.086702430,Entregado,True
8309,7075,1,2026-04-19 18:49:25.081717605,Entregado,True
8310,7076,1,2025-11-06 18:41:57.388450621,Entregado,True
8311,7077,1,2026-03-25 15:18:02.949462136,Cliente ausente,False
8312,7077,2,2026-03-26 13:03:05.898924273,Entregado,True
8313,7078,1,2025-07-20 22:28:14.279285063,Entregado,True
8314,7079,1,2025-07-12 23:19:54.915755602,Entregado,True
8315,7080,1,2025-08-22 09:32:28.378279521,Entregado,True
8316,7081,1,2026-07-31 07:02:47.446347019,Entregado,True
8317,7082,1,2026-07-09 16:27:06.937618856,Entregado,True
8318,7083,1,2025-01-25 20:20:24.523798822,Cliente ausente,False
8319,7083,2,2025-01-27 01:39:01.047597645,Entregado,True
8320,7084,1,2026-04-09 15:56:39.929651473,Entregado,True
8321,7085,1,2025-07-04 16:08:26.590203427,Entregado,True
8322,7086,1,2026-03-12 11:40:26.545903165,Entregado,True
8323,7087,1,2026-08-31 02:02:55.380355562,Entregado,True
8324,7088,1,2025-03-25 17:47:27.898922918,Entregado,True
8325,7089,1,2025-04-05 12:26:10.730293861,Entregado,True
8326,7090,1,2025-03-30 02:13:50.297449188,Entregado,True
8327,7091,1,2026-07-30 23:57:15.635046650,Entregado,True
8328,7092,1,2025-07-30 01:40:14.977100582,Entregado,True
8329,7093,1,2026-08-06 12:55:39.312983629,Entregado,True
8330,7094,1,2026-03-24 05:12:21.695283392,Entregado,True
8331,7095,1,2026-01-05 19:02:43.327963024,Reprogramado,False
8332,7095,2,2026-01-06 04:36:38.655926049,Entregado,True
8333,7096,1,2026-04-24 08:38:55.256021656,Entregado,True
8334,7097,1,2026-05-23 03:10:59.753108006,Entregado,True
8335,7098,1,2025-08-21 09:07:23.424492511,Domicilio incorrecto,False
8336,7098,2,2025-08-23 08:12:22.848985026,Entregado,True
8337,7099,1,2025-12-27 22:06:49.218188252,Entregado,True
8338,7100,1,2026-07-18 13:03:50.675945500,Entregado,True
8339,7101,1,2025-01-20 12:30:09.538912465,Entregado,True
8340,7102,1,2025-07-30 12:21:11.510545474,Entregado,True
8341,7103,1,2025-05-14 03:26:39.372228204,Entregado,True
8342,7104,1,2026-01-20 10:50:21.757662423,Entregado,True
8343,7105,1,2025-04-04 14:04:49.566076507,Cliente ausente,False
8344,7105,2,2025-04-06 02:16:51.132153018,Entregado,True
8345,7106,1,2026-07-01 23:11:35.014298125,Entregado,True
8346,7107,1,2025-12-31 14:10:31.879358155,Entregado,True
8347,7108,1,2025-05-06 17:09:46.478079147,Cliente ausente,False
8348,7108,2,2025-05-08 17:56:08.956158298,Entregado,True
8349,7109,1,2025-10-02 22:05:14.627127040,Entregado,True
8350,7110,1,2025-12-23 10:10:48.611289525,Entregado,True
8351,7111,1,2025-07-24 09:14:15.902138464,Entregado,True
8352,7112,1,2025-07-19 19:26:37.650242666,Entregado,True
8353,7113,1,2025-04-26 04:54:15.061049654,Entregado,True
8354,7114,1,2026-01-17 02:03:36.803134731,Entregado,True
8355,7115,1,2025-07-05 14:28:26.543916937,Entregado,True
8356,7116,1,2025-12-04 22:42:33.187814910,Cliente ausente,False
8357,7116,2,2025-12-06 10:55:06.375629820,Entregado,True
8358,7117,1,2025-12-07 11:39:42.191030480,Entregado,True
8359,7118,1,2025-10-29 18:04:14.676870770,Entregado,True
8360,7119,1,2025-08-12 19:02:15.521472484,Entregado,True
8361,7120,1,2026-02-15 17:10:46.812877971,Entregado,True
8362,7121,1,2025-04-29 23:16:22.209486196,Reprogramado,False
8363,7121,2,2025-05-01 15:13:32.418972393,Entregado,True
8364,7122,1,2025-06-25 14:27:07.408159995,Entregado,True
8365,7123,1,2025-08-10 10:25:26.047172319,Entregado,True
8366,7124,1,2026-01-12 21:17:48.624094370,Entregado,True
8367,7125,1,2025-11-17 13:59:47.366377440,Entregado,True
8368,7126,1,2026-08-14 05:16:38.185092710,Entregado,True
8369,7127,1,2025-03-30 07:22:17.797472360,Entregado,True
8370,7128,1,2025-03-20 19:35:53.967669500,Cliente ausente,False
8371,7128,2,2025-03-22 09:02:11.935339000,Entregado,True
8372,7129,1,2025-07-22 14:36:31.369107430,Entregado,True
8373,7130,1,2026-07-31 00:00:53.447540101,Entregado,True
8374,7131,1,2026-02-21 06:39:02.018015809,Entregado,True
8375,7132,1,2025-01-07 03:48:59.387225490,Entregado,True
8376,7133,1,2025-03-26 21:21:15.605585791,Entregado,True
8377,7134,1,2026-05-11 04:03:35.225838626,Entregado,True
8378,7135,1,2025-01-07 07:17:25.848436246,Domicilio incorrecto,False
8379,7135,2,2025-01-08 05:35:27.696872493,Entregado,True
8380,7136,1,2025-12-16 17:09:08.425568671,Entregado,True
8381,7137,1,2026-06-22 19:50:54.435073729,Entregado,True
8382,7138,1,2026-03-30 18:19:01.640643445,Entregado,True
8383,7139,1,2025-05-28 03:46:58.058332730,Entregado,True
8384,7140,1,2025-10-19 07:29:26.425038390,Entregado,True
8385,7141,1,2025-08-17 14:12:06.738653736,Entregado,True
8386,7142,1,2026-03-16 17:47:43.794418207,Entregado,True
8387,7143,1,2025-06-17 23:21:56.944435338,Entregado,True
8388,7144,1,2026-01-09 15:10:13.072975021,Entregado,True
8389,7145,1,2026-05-24 02:49:22.430969727,Cliente ausente,False
8390,7145,2,2026-05-25 20:36:56.861939455,Entregado,True
8391,7146,1,2026-07-31 14:02:18.358513375,Cliente ausente,False
8392,7146,2,2026-08-01 12:22:36.717026750,Entregado,True
8393,7147,1,2025-11-30 02:20:30.302127240,Entregado,True
8394,7148,1,2025-07-31 15:46:48.000000000,Entregado,True
8395,7149,1,2025-10-18 05:57:47.320075634,Entregado,True
8396,7150,1,2025-06-16 16:14:53.212581700,Entregado,True
8397,7151,1,2025-05-09 00:30:29.548131022,Entregado,True
8398,7152,1,2025-06-08 22:38:49.860519111,Entregado,True
8399,7153,1,2026-07-29 03:49:08.946148062,Entregado,True
8400,7154,1,2025-02-05 02:47:57.575542040,Entregado,True
8401,7155,1,2025-10-03 20:21:40.339013148,Entregado,True
8402,7156,1,2025-10-29 22:54:32.705389548,Entregado,True
8403,7157,1,2025-01-22 12:02:08.241475380,Entregado,True
8404,7158,1,2026-06-10 13:26:23.011896670,Entregado,True
8405,7159,1,2025-10-06 06:30:35.555120442,Entregado,True
8406,7160,1,2025-01-08 05:16:40.142191641,Entregado,True
8407,7161,1,2026-04-03 04:37:33.970805313,Entregado,True
8408,7162,1,2025-10-28 20:40:50.076218481,Entregado,True
8409,7163,1,2025-10-16 06:27:42.978404210,Entregado,True
8410,7164,1,2025-06-23 14:39:17.904492081,Cliente ausente,False
8411,7164,2,2025-06-24 14:01:11.808984164,Entregado,True
8412,7165,1,2025-11-29 16:24:23.024048979,Cliente ausente,False
8413,7165,2,2025-12-01 01:53:34.048097962,Entregado,True
8414,7166,1,2025-07-26 05:00:33.655923054,Entregado,True
8415,7167,1,2025-12-28 20:22:27.768349279,Entregado,True
8416,7168,1,2025-05-13 16:45:31.340836609,Entregado,True
8417,7169,1,2025-02-11 08:16:15.488151438,Entregado,True
8418,7170,1,2025-11-06 00:58:20.977741984,Entregado,True
8419,7171,1,2026-06-05 22:27:40.591891818,Entregado,True
8420,7172,1,2025-02-18 21:37:22.800969804,Entregado,True
8421,7173,1,2025-07-17 06:12:51.666301281,Entregado,True
8422,7174,1,2026-06-04 05:12:18.766314468,Cliente ausente,False
8423,7174,2,2026-06-05 20:26:25.532628936,Entregado,True
8424,7175,1,2026-07-25 22:14:40.881582121,Entregado,True
8425,7176,1,2025-09-07 18:01:08.157231696,Entregado,True
8426,7177,1,2025-07-27 09:41:09.726441784,Entregado,True
8427,7178,1,2025-04-28 10:02:14.297694763,Entregado,True
8428,7179,1,2025-08-30 11:47:27.541199684,Entregado,True
8429,7180,1,2026-07-21 05:30:24.858381798,Entregado,True
8430,7181,1,2025-03-18 05:57:57.912829120,Acceso restringido,False
8431,7181,2,2025-03-19 04:28:55.825658241,Entregado,True
8432,7182,1,2025-02-20 19:14:53.393674261,Entregado,True
8433,7183,1,2025-03-14 10:53:51.487789527,Entregado,True
8434,7184,1,2026-05-25 18:01:30.718471576,Entregado,True
8435,7185,1,2025-06-06 10:14:40.387332480,Cliente ausente,False
8436,7185,2,2025-06-07 18:33:32.774664960,Entregado,True
8437,7186,1,2026-07-15 21:01:14.114312385,Acceso restringido,False
8438,7186,2,2026-07-18 10:58:16.228624771,Entregado,True
8439,7187,1,2026-01-09 04:50:46.812953068,Entregado,True
8440,7188,1,2025-07-22 01:21:39.579681682,Entregado,True
8441,7189,1,2026-03-29 17:36:39.364685496,Entregado,True
8442,7190,1,2026-08-01 20:31:11.575432902,Cliente ausente,False
8443,7190,2,2026-08-03 12:46:11.150865800,Entregado,True
8444,7191,1,2025-04-06 17:30:48.843661572,Entregado,True
8445,7192,1,2026-05-13 07:49:54.605706715,Cliente ausente,False
8446,7192,2,2026-05-14 23:31:25.211413434,Entregado,True
8447,7193,1,2025-12-31 06:03:10.178265031,Entregado,True
8448,7194,1,2026-04-04 15:22:32.415736820,Entregado,True
8449,7195,1,2025-06-29 23:12:26.281655197,Entregado,True
8450,7196,1,2025-05-13 11:47:27.419172057,Entregado,True
8451,7197,1,2026-05-09 05:39:26.192834150,Entregado,True
8452,7198,1,2025-02-09 17:41:10.076325734,Entregado,True
8453,7199,1,2026-04-04 17:14:23.688343849,Entregado,True
8454,7200,1,2025-12-19 17:42:40.304203005,Entregado,True
8455,7201,1,2026-03-31 08:14:45.686894300,Domicilio incorrecto,False
8456,7201,2,2026-04-03 04:12:07.373788598,Entregado,True
8457,7202,1,2026-01-19 00:58:16.940133847,Entregado,True
8458,7203,1,2025-04-23 05:52:44.077910646,Entregado,True
8459,7204,1,2026-08-08 21:15:09.452270221,Entregado,True
8460,7205,1,2025-07-29 03:58:21.460036349,Entregado,True
8461,7206,1,2026-08-04 23:09:46.466442954,Entregado,True
8462,7207,1,2025-09-01 07:41:00.298962884,Entregado,True
8463,7208,1,2026-08-18 05:00:13.307655528,Entregado,True
8464,7209,1,2025-03-31 20:00:01.292538348,Entregado,True
8465,7210,1,2026-02-05 20:56:28.581014097,Entregado,True
8466,7211,1,2025-09-22 04:07:14.512958497,Entregado,True
8467,7212,1,2026-08-03 02:32:53.933436402,Cliente ausente,False
8468,7212,2,2026-08-04 22:24:59.866872804,Entregado,True
8469,7213,1,2025-11-25 06:33:02.308602603,Entregado,True
8470,7214,1,2026-01-07 17:12:10.385132979,Cliente ausente,False
8471,7214,2,2026-01-08 21:36:20.770265962,Entregado,True
8472,7215,1,2025-04-16 16:26:16.063882652,Cliente ausente,False
8473,7215,2,2025-04-17 16:48:56.127765308,Entregado,True
8474,7216,1,2026-05-03 19:16:06.853969149,Cliente ausente,False
8475,7216,2,2026-05-04 15:03:25.707938299,Entregado,True
8476,7217,1,2025-04-09 20:10:18.873040501,Entregado,True
8477,7218,1,2026-04-17 17:29:24.000000000,Entregado,True
8478,7219,1,2025-02-19 10:20:19.077867758,Entregado,True
8479,7220,1,2025-02-01 01:13:16.599549910,Entregado,True
8480,7221,1,2026-02-13 07:55:00.644024773,Entregado,True
8481,7222,1,2026-01-13 12:07:06.858153818,Entregado,True
8482,7223,1,2026-01-19 19:20:59.127702093,Entregado,True
8483,7224,1,2026-05-09 02:34:40.486227412,Entregado,True
8484,7225,1,2025-11-06 21:20:56.701968392,Cliente ausente,False
8485,7225,2,2025-11-08 12:20:17.403936788,Entregado,True
8486,7226,1,2026-08-23 07:16:00.814380203,Reprogramado,False
8487,7226,2,2026-08-24 05:47:37.628760411,Entregado,True
8488,7227,1,2025-05-16 21:40:35.073119971,Entregado,True
8489,7228,1,2025-11-27 06:50:18.890441368,Entregado,True
8490,7229,1,2025-07-22 19:09:07.100094553,Entregado,True
8491,7230,1,2026-08-08 06:11:54.970445418,Acceso restringido,False
8492,7230,2,2026-08-10 07:16:37.940890836,Entregado,True
8493,7231,1,2026-01-19 12:01:33.508622262,Entregado,True
8494,7232,1,2026-05-24 17:27:36.092489054,Entregado,True
8495,7233,1,2026-07-28 18:50:14.512970299,Entregado,True
8496,7234,1,2025-04-20 14:59:04.426684890,Entregado,True
8497,7235,1,2025-02-11 16:38:14.401868614,Entregado,True
8498,7236,1,2026-03-22 11:41:17.627268944,Entregado,True
8499,7237,1,2025-05-28 11:02:52.647183553,Entregado,True
8500,7238,1,2025-06-28 07:05:30.714368150,Entregado,True
8501,7239,1,2025-10-08 01:36:36.446254063,Entregado,True
8502,7240,1,2026-01-16 11:33:31.728816788,Reprogramado,False
8503,7240,2,2026-01-17 01:25:39.457633573,Entregado,True
8504,7241,1,2025-06-18 08:24:57.328266088,Entregado,True
8505,7242,1,2026-05-05 13:31:43.925482195,Entregado,True
8506,7243,1,2026-07-20 23:59:42.254905473,Entregado,True
8507,7244,1,2025-12-31 15:24:00.846718693,Entregado,True
8508,7245,1,2025-06-24 10:07:45.623808562,Entregado,True
8509,7246,1,2025-06-29 17:18:53.793859708,Entregado,True
8510,7247,1,2025-02-21 00:45:40.197865712,Entregado,True
8511,7248,1,2025-04-23 10:47:32.949359383,Entregado,True
8512,7249,1,2025-08-02 09:49:07.772429136,Entregado,True
8513,7250,1,2025-06-07 07:00:04.601433088,Entregado,True
8514,7251,1,2025-10-01 08:00:23.896995793,Entregado,True
8515,7252,1,2026-07-11 12:18:05.500471291,Entregado,True
8516,7253,1,2026-08-09 02:58:12.393100811,Entregado,True
8517,7254,1,2026-04-02 13:19:58.149356275,Entregado,True
8518,7255,1,2025-11-15 14:44:11.170042774,Entregado,True
8519,7256,1,2025-08-06 14:30:09.911840724,Entregado,True
8520,7257,1,2025-11-28 03:48:39.158420133,Entregado,True
8521,7258,1,2025-05-24 20:47:59.183812592,Entregado,True
8522,7259,1,2025-12-23 15:57:21.118996828,Entregado,True
8523,7260,1,2025-10-10 03:07:37.650500706,Entregado,True
8524,7261,1,2025-11-20 18:33:45.806281891,Entregado,True
8525,7262,1,2025-11-04 15:06:51.389264865,Entregado,True
8526,7263,1,2026-04-27 03:31:35.893195867,Entregado,True
8527,7264,1,2026-01-25 12:19:48.000000000,Entregado,True
8528,7265,1,2025-03-08 10:20:30.086567440,Entregado,True
8529,7266,1,2025-09-26 14:36:17.114685555,Entregado,True
8530,7267,1,2025-01-10 11:07:09.422882853,Entregado,True
8531,7268,1,2025-06-21 04:02:49.122318516,Entregado,True
8532,7269,1,2025-12-22 07:46:35.370370239,Entregado,True
8533,7270,1,2025-06-24 18:22:54.840653425,Entregado,True
8534,7271,1,2025-05-01 06:42:33.370113546,Entregado,True
8535,7272,1,2025-08-17 01:37:25.676157032,Entregado,True
8536,7273,1,2025-06-27 01:33:44.352908496,Entregado,True
8537,7274,1,2025-07-08 05:20:11.176121410,Entregado,True
8538,7275,1,2025-03-08 01:02:05.905442133,Entregado,True
8539,7276,1,2026-08-24 12:44:22.207058858,Entregado,True
8540,7277,1,2025-07-29 23:08:35.131677493,Reprogramado,False
8541,7277,2,2025-07-30 09:56:46.263354990,Entregado,True
8542,7278,1,2025-07-14 16:50:19.323719908,Entregado,True
8543,7279,1,2026-06-17 04:57:57.909547342,Domicilio incorrecto,False
8544,7279,2,2026-06-18 04:28:19.819094685,Entregado,True
8545,7280,1,2025-07-01 17:19:36.802476321,Entregado,True
8546,7281,1,2025-08-16 21:20:37.019317268,Entregado,True
8547,7282,1,2026-07-21 23:53:11.495249376,Entregado,True
8548,7283,1,2025-04-01 06:51:06.468543180,Entregado,True
8549,7284,1,2025-05-25 23:32:25.874461449,Entregado,True
8550,7285,1,2025-09-10 15:09:32.747040385,Entregado,True
8551,7286,1,2025-08-14 12:21:48.423911133,Entregado,True
8552,7287,1,2025-06-21 11:46:00.207279289,Entregado,True
8553,7288,1,2025-04-23 15:19:53.112129549,Entregado,True
8554,7289,1,2025-06-26 14:07:45.434824899,Entregado,True
8555,7290,1,2026-05-27 03:59:20.907725114,Entregado,True
8556,7291,1,2025-09-01 09:19:52.177231336,Entregado,True
8557,7292,1,2025-07-31 05:13:34.943065604,Entregado,True
8558,7293,1,2025-09-14 23:40:25.598680039,Entregado,True
8559,7294,1,2025-03-24 21:12:37.394648564,Entregado,True
8560,7295,1,2026-03-13 14:39:59.243794315,Entregado,True
8561,7296,1,2025-01-08 15:04:01.921584522,Entregado,True
8562,7297,1,2025-02-28 16:05:24.176028444,Entregado,True
8563,7298,1,2026-08-18 05:50:59.341196918,Entregado,True
8564,7299,1,2026-07-22 11:38:54.230081820,Entregado,True
8565,7300,1,2026-01-18 10:22:40.917435952,Entregado,True
8566,7301,1,2026-05-06 00:04:57.297334112,Entregado,True
8567,7302,1,2025-04-09 18:26:56.757770289,Entregado,True
8568,7303,1,2025-12-03 17:51:26.517344554,Entregado,True
8569,7304,1,2025-11-25 21:43:36.311958091,Entregado,True
8570,7305,1,2026-06-07 21:52:28.113880724,Entregado,True
8571,7306,1,2025-05-07 23:10:17.438020402,Entregado,True
8572,7307,1,2025-09-18 03:31:15.442731428,Cliente ausente,False
8573,7307,2,2025-09-18 20:27:42.885462854,Entregado,True
8574,7308,1,2026-08-08 12:27:47.251429426,Entregado,True
8575,7309,1,2026-07-05 15:08:48.590188033,Cliente ausente,False
8576,7309,2,2026-07-06 23:13:25.180376066,Entregado,True
8577,7310,1,2025-01-10 16:11:42.846820083,Entregado,True
8578,7311,1,2026-07-20 23:11:10.416853500,Entregado,True
8579,7312,1,2026-01-08 16:43:39.243271792,Entregado,True
8580,7313,1,2025-08-13 15:23:39.821573612,Entregado,True
8581,7314,1,2026-06-18 20:51:14.525872585,Entregado,True
8582,7315,1,2025-02-01 10:40:47.473214196,Entregado,True
8583,7316,1,2026-08-17 02:59:50.182465297,Entregado,True
8584,7317,1,2025-12-27 15:11:11.511416274,Entregado,True
8585,7318,1,2025-01-24 00:17:57.049771650,Domicilio incorrecto,False
8586,7318,2,2025-01-25 06:13:06.099543303,Entregado,True
8587,7319,1,2025-10-19 05:12:38.243131646,Entregado,True
8588,7320,1,2025-08-07 05:35:32.667918086,Entregado,True
8589,7321,1,2025-06-19 10:34:58.509636171,Entregado,True
8590,7322,1,2025-05-23 20:10:23.215507874,Entregado,True
8591,7323,1,2026-01-06 13:02:35.591549740,Entregado,True
8592,7324,1,2025-11-17 17:30:21.241027771,Entregado,True
8593,7325,1,2026-02-15 16:50:48.816800494,Entregado,True
8594,7326,1,2026-03-17 12:58:00.425584506,Entregado,True
8595,7327,1,2025-01-16 03:18:32.051243880,Entregado,True
8596,7328,1,2025-01-28 11:00:01.217656065,Entregado,True
8597,7329,1,2026-06-22 12:49:44.472202445,Entregado,True
8598,7330,1,2025-03-20 01:28:44.559005826,Entregado,True
8599,7331,1,2026-01-04 22:23:13.778552558,Entregado,True
8600,7332,1,2026-05-07 19:21:52.516431910,Entregado,True
8601,7333,1,2025-04-04 04:07:00.791509893,Entregado,True
8602,7334,1,2025-09-26 13:40:25.017068917,Entregado,True
8603,7335,1,2026-07-16 17:17:22.128188388,Entregado,True
8604,7336,1,2026-05-16 10:39:43.755894781,Entregado,True
8605,7337,1,2025-06-20 11:49:08.515750573,Entregado,True
8606,7338,1,2025-12-15 17:57:47.330167287,Entregado,True
8607,7339,1,2025-08-16 13:53:24.000000000,Entregado,True
8608,7340,1,2025-07-25 05:50:15.952698657,Entregado,True
8609,7341,1,2026-03-27 10:26:41.640645696,Entregado,True
8610,7342,1,2025-05-14 18:36:41.581877324,Entregado,True
8611,7343,1,2025-09-04 05:25:36.370308475,Entregado,True
8612,7344,1,2025-04-04 14:07:14.649160144,Entregado,True
8613,7345,1,2025-05-08 00:20:20.011663888,Cliente ausente,False
8614,7345,2,2025-05-09 08:32:16.023327774,Entregado,True
8615,7346,1,2026-04-20 12:22:38.548089843,Entregado,True
8616,7347,1,2025-09-02 08:41:43.943293406,Entregado,True
8617,7348,1,2026-05-19 20:12:26.895327541,Cliente ausente,False
8618,7348,2,2026-05-21 21:29:41.790655086,Entregado,True
8619,7349,1,2026-01-24 22:33:04.936137390,Entregado,True
8620,7350,1,2025-01-09 16:05:02.742857365,Entregado,True
8621,7351,1,2025-03-29 20:23:58.223017467,Entregado,True
8622,7352,1,2026-08-22 17:44:45.491612510,Entregado,True
8623,7353,1,2025-05-28 14:27:04.993143177,Entregado,True
8624,7354,1,2026-03-30 14:57:05.011440667,Entregado,True
8625,7355,1,2025-11-30 18:24:45.949208107,Entregado,True
8626,7356,1,2025-06-15 06:16:34.506592982,Entregado,True
8627,7357,1,2025-12-11 07:42:00.493203697,Entregado,True
8628,7358,1,2025-01-03 04:17:07.859923022,Entregado,True
8629,7359,1,2025-05-04 01:59:58.991868113,Entregado,True
8630,7360,1,2026-08-05 06:37:28.239013563,Entregado,True
8631,7361,1,2026-04-09 22:19:30.491971064,Entregado,True
8632,7362,1,2026-04-10 01:57:45.227239322,Entregado,True
8633,7363,1,2025-02-22 18:52:29.501301151,Entregado,True
8634,7364,1,2025-11-24 11:30:39.076372238,Cliente ausente,False
8635,7364,2,2025-11-25 12:14:30.152744473,Entregado,True
8636,7365,1,2026-04-20 02:18:19.995665508,Cliente ausente,False
8637,7365,2,2026-04-20 21:28:15.991331016,Entregado,True
8638,7366,1,2026-01-05 13:30:18.206987367,Domicilio incorrecto,False
8639,7366,2,2026-01-07 03:39:00.413974731,Entregado,True
8640,7367,1,2025-10-16 02:14:07.499821351,Reprogramado,False
8641,7367,2,2025-10-17 11:35:26.999642702,Entregado,True
8642,7368,1,2025-01-29 18:27:41.022267357,Entregado,True
8643,7369,1,2025-10-22 09:13:06.691571068,Entregado,True
8644,7370,1,2026-03-29 08:46:27.354311500,Entregado,True
8645,7371,1,2025-03-07 17:13:14.975661187,Entregado,True
8646,7372,1,2026-07-24 18:23:34.155705624,Entregado,True
8647,7373,1,2026-04-07 02:50:10.289268614,Entregado,True
8648,7374,1,2026-06-15 21:35:28.923362224,Entregado,True
8649,7375,1,2026-02-20 01:45:04.081067326,Entregado,True
8650,7376,1,2025-09-18 16:07:59.258830576,Entregado,True
8651,7377,1,2025-07-04 11:04:59.563644693,Domicilio incorrecto,False
8652,7377,2,2025-07-05 16:57:59.127289387,Entregado,True
8653,7378,1,2025-02-19 04:57:33.516940410,Entregado,True
8654,7379,1,2026-08-16 13:38:50.439196654,Entregado,True
8655,7380,1,2026-02-15 18:59:16.331726472,Entregado,True
8656,7381,1,2026-03-18 01:44:48.617056841,Entregado,True
8657,7382,1,2026-04-07 02:05:33.111540754,Entregado,True
8658,7383,1,2025-08-18 06:03:28.229770620,Cliente ausente,False
8659,7383,2,2025-08-18 11:41:08.459541240,Entregado,True
8660,7384,1,2025-10-12 19:24:22.400359873,Acceso restringido,False
8661,7384,2,2025-10-14 05:09:44.800719742,Entregado,True
8662,7385,1,2026-07-28 00:47:55.780974866,Reprogramado,False
8663,7385,2,2026-07-28 21:41:15.561949732,Entregado,True
8664,7386,1,2025-12-13 01:20:19.809860074,Entregado,True
8665,7387,1,2026-08-26 21:13:50.743534468,Entregado,True
8666,7388,1,2025-09-21 17:21:59.536787821,Entregado,True
8667,7389,1,2026-01-15 19:58:23.687219557,Entregado,True
8668,7390,1,2025-04-17 04:00:58.118705946,Entregado,True
8669,7391,1,2026-08-26 01:29:34.257622077,Entregado,True
8670,7392,1,2025-01-26 02:25:16.602724678,Entregado,True
8671,7393,1,2025-10-24 02:03:52.360831936,Entregado,True
8672,7394,1,2025-09-26 14:30:34.094703171,Entregado,True
8673,7395,1,2026-06-17 18:03:15.050593306,Entregado,True
8674,7396,1,2026-04-22 09:35:31.925690095,Entregado,True
8675,7397,1,2026-03-29 10:31:12.480294360,Entregado,True
8676,7398,1,2025-10-16 01:24:00.546663106,Entregado,True
8677,7399,1,2026-08-16 20:01:56.560722186,Entregado,True
8678,7400,1,2025-05-02 16:41:33.193099395,Entregado,True
8679,7401,1,2026-04-29 23:02:28.244256921,Entregado,True
8680,7402,1,2025-04-25 08:13:06.598564550,Entregado,True
8681,7403,1,2025-08-29 19:49:51.281217721,Entregado,True
8682,7404,1,2025-07-31 16:02:59.621277426,Entregado,True
8683,7405,1,2025-12-16 13:45:45.172608516,Entregado,True
8684,7406,1,2026-05-29 06:22:29.352563612,Entregado,True
8685,7407,1,2025-01-04 17:31:07.510223787,Entregado,True
8686,7408,1,2026-04-07 19:47:33.237474867,Entregado,True
8687,7409,1,2025-08-30 11:00:59.547499617,Entregado,True
8688,7410,1,2025-02-26 06:52:10.741373245,Entregado,True
8689,7411,1,2026-04-12 14:00:00.000000000,Entregado,True
8690,7412,1,2025-04-22 09:10:35.729711810,Entregado,True
8691,7413,1,2025-10-11 02:05:17.771535016,Entregado,True
8692,7414,1,2025-02-28 18:18:17.287609460,Entregado,True
8693,7415,1,2025-08-05 17:00:10.714487112,Entregado,True
8694,7416,1,2026-05-27 08:33:27.058697658,Entregado,True
8695,7417,1,2025-01-29 07:57:06.087991388,Entregado,True
8696,7418,1,2025-07-24 23:45:37.076073303,Domicilio incorrecto,False
8697,7418,2,2025-07-26 18:15:38.152146603,Entregado,True
8698,7419,1,2026-07-01 04:10:34.820320836,Entregado,True
8699,7420,1,2025-11-05 17:21:38.812524328,Entregado,True
8700,7421,1,2026-06-13 11:18:17.436582136,Entregado,True
8701,7422,1,2025-12-10 15:56:36.137454446,Entregado,True
8702,7423,1,2025-08-08 18:49:24.768687518,Entregado,True
8703,7424,1,2026-08-12 15:08:51.033718734,Entregado,True
8704,7425,1,2025-03-30 12:47:04.001381282,Entregado,True
8705,7426,1,2025-02-01 18:33:31.133196111,Entregado,True
8706,7427,1,2025-11-13 04:14:39.619327740,Entregado,True
8707,7428,1,2026-05-12 00:12:50.107634600,Entregado,True
8708,7429,1,2026-04-19 04:02:46.758985771,Entregado,True
8709,7430,1,2026-06-01 23:04:45.302336094,Entregado,True
8710,7431,1,2025-11-27 23:28:32.171730862,Entregado,True
8711,7432,1,2025-07-14 23:03:03.655947067,Entregado,True
8712,7433,1,2025-07-14 08:45:04.648373701,Entregado,True
8713,7434,1,2025-09-10 12:13:53.512067683,Cliente ausente,False
8714,7434,2,2025-09-11 13:40:23.024135366,Entregado,True
8715,7435,1,2025-01-02 11:00:28.415403975,Entregado,True
8716,7436,1,2026-04-07 16:23:50.589506672,Entregado,True
8717,7437,1,2025-04-05 04:03:23.122144216,Entregado,True
8718,7438,1,2026-06-06 12:35:59.419326598,Entregado,True
8719,7439,1,2026-04-28 22:59:16.623305761,Entregado,True
8720,7440,1,2025-03-16 21:38:24.700695848,Entregado,True
8721,7441,1,2025-06-09 21:41:36.854336773,Entregado,True
8722,7442,1,2026-04-18 10:16:55.845471442,Entregado,True
8723,7443,1,2026-05-09 21:42:47.626674897,Cliente ausente,False
8724,7443,2,2026-05-12 05:25:35.253349791,Entregado,True
8725,7444,1,2025-05-27 02:48:49.318918264,Entregado,True
8726,7445,1,2025-07-26 03:56:17.038421361,Entregado,True
8727,7446,1,2026-02-13 16:47:26.875173195,Entregado,True
8728,7447,1,2026-08-06 07:38:28.477619005,Entregado,True
8729,7448,1,2025-10-26 06:13:15.042921459,Entregado,True
8730,7449,1,2026-06-17 16:34:28.773776071,Entregado,True
8731,7450,1,2025-05-21 00:33:53.529799129,Entregado,True
8732,7451,1,2025-08-09 16:45:40.282366658,Entregado,True
8733,7452,1,2026-06-05 06:06:21.893028818,Entregado,True
8734,7453,1,2026-03-25 20:57:01.335623349,Entregado,True
8735,7454,1,2025-05-15 14:26:20.012642512,Entregado,True
8736,7455,1,2026-01-02 04:00:56.192713621,Entregado,True
8737,7456,1,2025-01-19 03:34:47.999999999,Cliente ausente,False
8738,7456,2,2025-01-19 06:34:47.999999999,Entregado,True
8739,7457,1,2026-02-22 08:09:05.626510221,Entregado,True
8740,7458,1,2026-07-15 19:41:27.916198641,Entregado,True
8741,7459,1,2026-06-27 23:08:38.170987216,Entregado,True
8742,7460,1,2025-11-19 08:26:30.920862699,Entregado,True
8743,7461,1,2025-07-22 20:47:37.174331454,Entregado,True
8744,7462,1,2025-01-11 02:08:44.557704618,Entregado,True
8745,7463,1,2025-05-20 12:09:22.298349916,Entregado,True
8746,7464,1,2025-06-20 02:27:00.910809482,Entregado,True
8747,7465,1,2025-05-28 05:36:15.050920305,Domicilio incorrecto,False
8748,7465,2,2025-05-29 04:43:42.101840614,Entregado,True
8749,7466,1,2026-02-08 22:18:19.876987227,Entregado,True
8750,7467,1,2026-03-21 10:25:12.000000000,Entregado,True
8751,7468,1,2025-03-15 03:05:08.013866938,Entregado,True
8752,7469,1,2025-11-24 16:07:12.000000000,Entregado,True
8753,7470,1,2025-11-17 14:53:59.531878086,Entregado,True
8754,7471,1,2025-02-06 11:41:59.735668808,Entregado,True
8755,7472,1,2025-09-15 12:08:21.673212842,Entregado,True
8756,7473,1,2025-11-11 09:22:32.306738635,Entregado,True
8757,7474,1,2025-12-06 16:44:27.196085144,Entregado,True
8758,7475,1,2025-01-24 08:46:00.866445596,Entregado,True
8759,7476,1,2025-10-29 13:31:43.879673006,Entregado,True
8760,7477,1,2025-01-23 10:04:57.458758303,Entregado,True
8761,7478,1,2026-04-27 13:00:29.664907833,Entregado,True
8762,7479,1,2026-04-18 04:06:00.545557762,Entregado,True
8763,7480,1,2025-12-18 15:48:06.072412536,Entregado,True
8764,7481,1,2026-08-16 18:39:47.059112397,Entregado,True
8765,7482,1,2026-03-24 14:14:13.555013636,Entregado,True
8766,7483,1,2025-04-12 02:55:26.592185028,Entregado,True
8767,7484,1,2025-02-27 19:44:06.137170515,Entregado,True
8768,7485,1,2025-01-04 18:15:16.361283236,Entregado,True
8769,7486,1,2025-11-29 11:27:58.012083496,Entregado,True
8770,7487,1,2026-03-11 10:19:12.000000000,Entregado,True
8771,7488,1,2026-05-02 22:48:44.239927233,Domicilio incorrecto,False
8772,7488,2,2026-05-04 11:22:28.479854463,Entregado,True
8773,7489,1,2025-08-10 11:38:36.489994418,Entregado,True
8774,7490,1,2025-07-31 18:42:46.600837077,Domicilio incorrecto,False
8775,7490,2,2025-08-02 03:57:21.201674151,Entregado,True
8776,7491,1,2026-05-15 12:44:34.880010838,Entregado,True
8777,7492,1,2026-08-26 08:51:41.038774920,Entregado,True
8778,7493,1,2025-05-29 01:05:29.356954933,Domicilio incorrecto,False
8779,7493,2,2025-05-29 20:00:46.713909866,Reprogramado,False
8780,7493,3,2025-05-30 14:56:04.070864799,Entregado,True
8781,7494,1,2025-07-30 12:15:59.578183364,Entregado,True
8782,7495,1,2026-02-26 00:28:00.664651146,Entregado,True
8783,7496,1,2026-02-23 04:47:45.743734244,Entregado,True
8784,7497,1,2026-07-10 16:18:06.787125212,Entregado,True
8785,7498,1,2025-07-02 19:33:08.761486647,Entregado,True
8786,7499,1,2026-07-11 19:25:20.404016234,Reprogramado,False
8787,7499,2,2026-07-13 01:36:16.808032465,Reprogramado,False
8788,7499,3,2026-07-14 07:47:13.212048699,Entregado,True
8789,7500,1,2025-09-11 02:32:05.036836837,Entregado,True
8790,7501,1,2026-08-22 14:28:21.730506794,Entregado,True
8791,7502,1,2025-05-23 07:06:30.684974677,Entregado,True
8792,7503,1,2025-08-19 20:34:47.999999999,Reprogramado,False
8793,7503,2,2025-08-19 23:34:47.999999999,Entregado,True
8794,7504,1,2025-01-15 13:08:26.700689846,Entregado,True
8795,7505,1,2025-10-02 06:39:38.422506877,Entregado,True
8796,7506,1,2026-05-05 10:22:43.159042876,Cliente ausente,False
8797,7506,2,2026-05-06 23:02:14.318085750,Entregado,True
8798,7507,1,2025-04-04 05:07:28.480292838,Entregado,True
8799,7508,1,2025-01-28 23:41:03.156017866,Entregado,True
8800,7509,1,2026-06-23 13:54:33.427488996,Entregado,True
8801,7510,1,2026-07-28 06:41:33.771729814,Entregado,True
8802,7511,1,2025-03-02 16:51:01.161727790,Cliente ausente,False
8803,7511,2,2025-03-03 22:31:14.323455580,Cliente ausente,False
8804,7511,3,2025-03-05 04:11:27.485183371,Entregado,True
8805,7512,1,2025-06-24 07:07:11.079284016,Entregado,True
8806,7513,1,2026-08-12 23:23:35.054527228,Cliente ausente,False
8807,7513,2,2026-08-14 09:05:46.109054461,Entregado,True
8808,7514,1,2026-03-25 15:17:54.882786429,Entregado,True
8809,7515,1,2026-08-18 08:58:02.035403032,Cliente ausente,False
8810,7515,2,2026-08-19 12:48:16.070806069,Entregado,True
8811,7516,1,2025-01-14 01:14:23.226912121,Entregado,True
8812,7517,1,2025-06-30 05:46:27.158678443,Entregado,True
8813,7518,1,2025-11-07 09:56:13.464978295,Entregado,True
8814,7519,1,2026-06-01 02:18:42.254539041,Entregado,True
8815,7520,1,2025-08-06 09:03:27.066218590,Entregado,True
8816,7521,1,2025-02-02 07:15:12.978553705,Entregado,True
8817,7522,1,2025-12-14 03:17:52.265372622,Entregado,True
8818,7523,1,2025-03-07 18:08:40.820341686,Entregado,True
8819,7524,1,2025-06-05 06:12:32.089621816,Entregado,True
8820,7525,1,2025-02-12 03:59:57.608517598,Entregado,True
8821,7526,1,2025-01-27 18:04:16.550894236,Entregado,True
8822,7527,1,2025-06-11 13:36:37.444550972,Entregado,True
8823,7528,1,2026-08-08 20:18:39.535192418,Entregado,True
8824,7529,1,2025-01-04 21:49:31.019126836,Entregado,True
8825,7530,1,2025-03-22 23:33:09.557069227,Entregado,True
8826,7531,1,2025-08-18 12:02:35.690903469,Entregado,True
8827,7532,1,2025-11-25 22:21:10.614446787,Entregado,True
8828,7533,1,2026-07-15 00:34:19.765345551,Entregado,True
8829,7534,1,2026-05-18 00:26:59.381028330,Entregado,True
8830,7535,1,2026-04-25 00:12:51.195431073,Entregado,True
8831,7536,1,2025-12-23 04:14:35.301506751,Entregado,True
8832,7537,1,2026-03-01 10:34:55.854124978,Domicilio incorrecto,False
8833,7537,2,2026-03-02 15:21:51.708249961,Entregado,True
8834,7538,1,2025-09-12 15:33:10.959920784,Entregado,True
8835,7539,1,2026-06-03 01:47:59.907670728,Entregado,True
8836,7540,1,2026-05-24 02:53:46.319953650,Entregado,True
8837,7541,1,2026-05-03 08:12:55.348125764,Entregado,True
8838,7542,1,2026-04-25 12:11:02.119470331,Entregado,True
8839,7543,1,2026-08-08 04:21:18.912433050,Entregado,True
8840,7544,1,2025-11-30 23:17:00.411920588,Entregado,True
8841,7545,1,2025-08-21 12:13:12.171631695,Entregado,True
8842,7546,1,2026-06-27 12:13:48.582035428,Entregado,True
8843,7547,1,2025-01-31 21:11:39.446609370,Entregado,True
8844,7548,1,2025-06-25 17:06:25.205509764,Entregado,True
8845,7549,1,2026-04-17 12:24:46.384430014,Entregado,True
8846,7550,1,2026-04-23 00:35:44.392206436,Entregado,True
8847,7551,1,2025-11-16 03:27:42.582096932,Entregado,True
8848,7552,1,2026-02-03 09:30:33.236794569,Entregado,True
8849,7553,1,2025-05-08 22:02:38.795490110,Entregado,True
8850,7554,1,2025-03-22 20:46:55.599710660,Entregado,True
8851,7555,1,2026-06-10 16:29:43.696741340,Entregado,True
8852,7556,1,2026-02-01 19:58:58.388262834,Entregado,True
8853,7557,1,2025-03-31 09:08:06.698373309,Entregado,True
8854,7558,1,2025-01-05 18:43:56.266614296,Entregado,True
8855,7559,1,2026-06-23 14:27:44.313590844,Entregado,True
8856,7560,1,2026-08-25 12:00:52.215310425,Reprogramado,False
8857,7560,2,2026-08-26 11:56:56.430620851,Entregado,True
8858,7561,1,2026-07-14 08:38:44.280935692,Entregado,True
8859,7562,1,2025-05-22 05:37:13.515382974,Entregado,True
8860,7563,1,2025-01-13 16:51:53.771378490,Entregado,True
8861,7564,1,2026-06-01 23:12:20.596601358,Entregado,True
8862,7565,1,2026-06-17 18:01:35.612247053,Entregado,True
8863,7566,1,2025-05-10 18:46:39.819024012,Reprogramado,False
8864,7566,2,2025-05-11 01:37:31.638048024,Entregado,True
8865,7567,1,2025-08-09 23:15:41.640393178,Entregado,True
8866,7568,1,2026-03-16 13:31:54.711417180,Entregado,True
8867,7569,1,2026-02-05 10:22:44.273064122,Entregado,True
8868,7570,1,2025-04-27 02:07:26.538112131,Entregado,True
8869,7571,1,2026-03-29 07:42:24.060768112,Entregado,True
8870,7572,1,2026-07-15 02:18:54.997113081,Entregado,True
8871,7573,1,2025-08-08 19:14:39.599454318,Entregado,True
8872,7574,1,2025-03-03 00:03:54.624548869,Entregado,True
8873,7575,1,2025-04-24 13:31:21.428120596,Entregado,True
8874,7576,1,2025-03-30 21:45:08.686985601,Entregado,True
8875,7577,1,2026-02-06 08:33:49.959387500,Acceso restringido,False
8876,7577,2,2026-02-07 20:18:27.918774997,Entregado,True
8877,7578,1,2025-12-24 00:23:08.339199370,Domicilio incorrecto,False
8878,7578,2,2025-12-25 18:53:28.678398738,Cliente ausente,False
8879,7578,3,2025-12-27 13:23:49.017598108,Entregado,True
8880,7579,1,2025-04-10 12:16:30.979757542,Acceso restringido,False
8881,7579,2,2025-04-11 11:31:13.959515085,Entregado,True
8882,7580,1,2026-06-06 19:52:30.414818960,Entregado,True
8883,7581,1,2026-06-05 13:17:32.483214240,Entregado,True
8884,7582,1,2025-04-22 04:12:53.018530164,Entregado,True
8885,7583,1,2025-06-04 11:42:14.465039619,Entregado,True
8886,7584,1,2025-01-30 08:43:21.958425415,Entregado,True
8887,7585,1,2025-04-29 22:36:29.141539657,Entregado,True
8888,7586,1,2025-04-11 02:25:22.220043898,Entregado,True
8889,7587,1,2025-01-03 16:28:31.985661179,Domicilio incorrecto,False
8890,7587,2,2025-01-04 03:36:03.971322359,Entregado,True
8891,7588,1,2025-11-25 10:35:24.000000000,Entregado,True
8892,7589,1,2026-06-15 10:21:59.532914858,Entregado,True
8893,7590,1,2025-04-18 20:15:15.434498916,Entregado,True
8894,7591,1,2025-11-02 08:35:06.396256107,Entregado,True
8895,7592,1,2025-03-29 10:23:50.839793682,Entregado,True
8896,7593,1,2025-09-23 02:12:46.459972681,Entregado,True
8897,7594,1,2025-07-16 21:10:03.600987078,Entregado,True
8898,7595,1,2025-09-08 23:05:50.773973550,Entregado,True
8899,7596,1,2026-01-21 08:45:44.198395214,Entregado,True
8900,7597,1,2026-02-18 02:03:56.345032886,Entregado,True
8901,7598,1,2025-07-28 04:13:44.927459533,Entregado,True
8902,7599,1,2026-01-25 22:00:24.112981648,Entregado,True
8903,7600,1,2026-02-04 14:41:47.577446084,Entregado,True
8904,7601,1,2025-01-09 13:43:54.805675688,Entregado,True
8905,7602,1,2026-06-04 08:41:08.645393540,Entregado,True
8906,7603,1,2026-03-27 20:19:40.076024934,Entregado,True
8907,7604,1,2026-04-21 20:01:22.581868177,Cliente ausente,False
8908,7604,2,2026-04-22 06:45:57.163736350,Acceso restringido,False
8909,7604,3,2026-04-22 17:30:31.745604528,Entregado,True
8910,7605,1,2025-03-17 08:37:59.813435521,Entregado,True
8911,7606,1,2025-05-04 00:58:03.816315102,Entregado,True
8912,7607,1,2025-08-24 23:57:40.422508002,Entregado,True
8913,7608,1,2025-03-10 00:13:33.667966326,Entregado,True
8914,7609,1,2025-08-20 03:57:26.582317999,Entregado,True
8915,7610,1,2026-07-01 12:34:20.474289566,Entregado,True
8916,7611,1,2025-02-25 02:37:04.861069636,Entregado,True
8917,7612,1,2026-08-31 22:06:01.194395007,Entregado,True
8918,7613,1,2025-11-28 00:03:17.999234167,Entregado,True
8919,7614,1,2026-01-26 02:35:38.058477716,Entregado,True
8920,7615,1,2025-02-11 00:21:40.995966106,Entregado,True
8921,7616,1,2025-06-23 21:22:15.428601811,Entregado,True
8922,7617,1,2026-05-08 13:15:36.000000000,Entregado,True
8923,7618,1,2026-04-03 10:36:30.771164268,Entregado,True
8924,7619,1,2025-02-13 16:17:47.599096916,Entregado,True
8925,7620,1,2025-05-12 12:22:29.274585052,Entregado,True
8926,7621,1,2025-02-26 14:01:08.944725248,Entregado,True
8927,7622,1,2025-03-30 16:19:39.155761189,Entregado,True
8928,7623,1,2025-09-29 15:41:54.248536042,Entregado,True
8929,7624,1,2025-10-25 20:06:21.441880033,Entregado,True
8930,7625,1,2025-08-04 00:39:51.623968514,Entregado,True
8931,7626,1,2026-03-01 21:02:54.099595024,Entregado,True
8932,7627,1,2025-06-11 07:34:04.161256305,Entregado,True
8933,7628,1,2026-06-26 14:05:49.073260290,Entregado,True
8934,7629,1,2026-01-17 07:24:48.704254934,Entregado,True
8935,7630,1,2025-07-03 09:52:01.789290998,Entregado,True
8936,7631,1,2026-06-29 07:46:40.787003172,Entregado,True
8937,7632,1,2026-01-07 03:23:05.123989240,Entregado,True
8938,7633,1,2025-06-08 20:32:22.026725286,Domicilio incorrecto,False
8939,7633,2,2025-06-09 06:16:44.053450572,Entregado,True
8940,7634,1,2026-02-03 19:23:21.751292018,Entregado,True
8941,7635,1,2025-07-02 18:14:48.826436816,Entregado,True
8942,7636,1,2026-03-16 03:57:56.429486236,Entregado,True
8943,7637,1,2026-01-10 07:02:34.050066046,Cliente ausente,False
8944,7637,2,2026-01-12 04:42:20.100132090,Entregado,True
8945,7638,1,2025-11-03 11:58:10.017991585,Entregado,True
8946,7639,1,2026-01-15 10:40:40.341782496,Entregado,True
8947,7640,1,2025-08-08 20:04:51.755968318,Entregado,True
8948,7641,1,2025-11-28 00:40:20.632345575,Entregado,True
8949,7642,1,2025-12-13 14:11:34.378862694,Entregado,True
8950,7643,1,2025-06-14 09:09:59.752100188,Entregado,True
8951,7644,1,2025-06-10 15:21:44.594820277,Entregado,True
8952,7645,1,2025-04-21 11:28:36.352914693,Entregado,True
8953,7646,1,2026-07-21 22:11:15.720259776,Entregado,True
8954,7647,1,2025-12-17 13:39:24.794530074,Reprogramado,False
8955,7647,2,2025-12-18 22:42:13.589060144,Entregado,True
8956,7648,1,2026-01-01 01:19:26.740283750,Entregado,True
8957,7649,1,2025-01-16 18:39:03.136047033,Entregado,True
8958,7650,1,2025-06-03 14:34:10.420169707,Cliente ausente,False
8959,7650,2,2025-06-04 23:17:56.840339410,Entregado,True
8960,7651,1,2026-06-18 16:08:23.655537384,Entregado,True
8961,7652,1,2026-02-06 17:22:18.691862185,Entregado,True
8962,7653,1,2025-02-22 01:44:06.837965869,Cliente ausente,False
8963,7653,2,2025-02-23 00:07:13.675931738,Reprogramado,False
8964,7653,3,2025-02-23 22:30:20.513897607,Entregado,True
8965,7654,1,2026-04-17 03:29:30.442182291,Entregado,True
8966,7655,1,2025-11-18 17:47:31.578533332,Entregado,True
8967,7656,1,2026-08-20 15:03:39.670356405,Entregado,True
8968,7657,1,2026-01-02 18:00:00.000000000,Entregado,True
8969,7658,1,2026-02-16 17:28:24.176331955,Entregado,True
8970,7659,1,2026-08-14 22:47:37.403230570,Cliente ausente,False
8971,7659,2,2026-08-17 11:40:38.806461141,Entregado,True
8972,7660,1,2025-11-05 02:36:04.185886734,Entregado,True
8973,7661,1,2025-04-03 07:10:34.846459046,Entregado,True
8974,7662,1,2026-04-05 18:39:18.785397985,Entregado,True
8975,7663,1,2025-10-01 11:05:31.599144902,Entregado,True
8976,7664,1,2025-02-23 06:53:06.235912860,Acceso restringido,False
8977,7664,2,2025-02-24 20:19:12.471825723,Entregado,True
8978,7665,1,2025-05-02 06:28:43.103274996,Entregado,True
8979,7666,1,2025-02-21 08:41:38.554541422,Entregado,True
8980,7667,1,2026-04-24 16:14:29.594249642,Entregado,True
8981,7668,1,2026-05-09 02:25:36.919932391,Entregado,True
8982,7669,1,2026-01-17 19:45:10.102713285,Entregado,True
8983,7670,1,2026-01-24 23:39:40.806504342,Entregado,True
8984,7671,1,2026-08-31 01:30:17.328720628,Entregado,True
8985,7672,1,2026-04-02 06:42:10.167234796,Entregado,True
8986,7673,1,2026-01-09 22:50:48.845575910,Entregado,True
8987,7674,1,2025-07-25 10:39:54.735270076,Reprogramado,False
8988,7674,2,2025-07-26 07:23:25.470540153,Entregado,True
8989,7675,1,2025-06-21 18:41:24.000000000,Entregado,True
8990,7676,1,2025-08-12 11:56:55.738465915,Entregado,True
8991,7677,1,2025-06-17 15:35:57.531771718,Domicilio incorrecto,False
8992,7677,2,2025-06-17 23:55:07.063543437,Entregado,True
8993,7678,1,2025-09-04 06:03:13.412406088,Entregado,True
8994,7679,1,2025-08-08 04:30:37.243063792,Entregado,True
8995,7680,1,2025-02-26 20:30:51.313530949,Cliente ausente,False
8996,7680,2,2025-02-28 00:56:54.627061898,Entregado,True
8997,7681,1,2025-06-18 17:16:30.418504428,Entregado,True
8998,7682,1,2025-05-25 07:13:28.987317714,Entregado,True
8999,7683,1,2025-05-08 13:08:20.588652009,Entregado,True
9000,7684,1,2025-11-11 01:46:40.002151803,Entregado,True
9001,7685,1,2026-01-07 06:33:33.665319964,Entregado,True
9002,7686,1,2025-08-06 07:47:05.168304001,Entregado,True
9003,7687,1,2026-03-19 20:50:08.919947162,Entregado,True
9004,7688,1,2025-07-06 01:47:26.489433998,Entregado,True
9005,7689,1,2025-06-04 03:56:21.283530000,Entregado,True
9006,7690,1,2025-04-10 14:01:39.224265232,Entregado,True
9007,7691,1,2025-12-05 12:54:07.986207999,Entregado,True
9008,7692,1,2025-05-31 19:17:24.542293182,Entregado,True
9009,7693,1,2026-06-20 13:41:08.869376742,Entregado,True
9010,7694,1,2026-02-07 15:02:44.210952214,Cliente ausente,False
9011,7694,2,2026-02-08 20:16:16.421904429,Entregado,True
9012,7695,1,2025-12-01 12:44:44.432068038,Entregado,True
9013,7696,1,2025-08-20 00:02:01.183634041,Entregado,True
9014,7697,1,2025-12-24 19:54:30.181647463,Entregado,True
9015,7698,1,2026-08-14 08:51:49.939291983,Entregado,True
9016,7699,1,2025-11-13 09:53:47.765924224,Entregado,True
9017,7700,1,2025-02-07 23:53:07.150227932,Entregado,True
9018,7701,1,2026-05-25 19:07:13.134117910,Cliente ausente,False
9019,7701,2,2026-05-27 02:13:14.268235821,Entregado,True
9020,7702,1,2026-03-04 20:56:56.921233315,Entregado,True
9021,7703,1,2026-03-28 19:04:40.136922699,Entregado,True
9022,7704,1,2025-04-01 23:51:20.135850048,Entregado,True
9023,7705,1,2026-06-26 11:50:26.703835226,Domicilio incorrecto,False
9024,7705,2,2026-06-27 12:06:41.407670454,Entregado,True
9025,7706,1,2025-06-27 02:10:39.182026263,Entregado,True
9026,7707,1,2025-06-22 02:51:37.241109561,Entregado,True
9027,7708,1,2026-02-01 21:13:59.477447588,Entregado,True
9028,7709,1,2025-09-23 19:34:39.414215953,Entregado,True
9029,7710,1,2026-05-24 02:44:14.679041841,Entregado,True
9030,7711,1,2025-01-29 11:40:41.453905695,Entregado,True
9031,7712,1,2025-10-06 03:42:46.968606586,Entregado,True
9032,7713,1,2025-04-12 02:16:22.092149658,Cliente ausente,False
9033,7713,2,2025-04-13 21:09:20.184299316,Entregado,True
9034,7714,1,2026-03-19 16:42:31.185863128,Domicilio incorrecto,False
9035,7714,2,2026-03-20 12:16:02.371726257,Acceso restringido,False
9036,7714,3,2026-03-21 07:49:33.557589382,Entregado,True
9037,7715,1,2026-03-06 03:11:48.133337647,Entregado,True
9038,7716,1,2025-02-01 12:29:19.466777115,Entregado,True
9039,7717,1,2026-05-13 00:03:04.059229881,Acceso restringido,False
9040,7717,2,2026-05-14 08:45:44.118459766,Entregado,True
9041,7718,1,2025-07-12 09:26:38.178738114,Entregado,True
9042,7719,1,2025-07-09 11:03:19.118771377,Entregado,True
9043,7720,1,2025-05-24 05:10:33.081457843,Entregado,True
9044,7721,1,2025-11-20 06:29:55.918739396,Entregado,True
9045,7722,1,2026-01-06 05:49:43.172990202,Entregado,True
9046,7723,1,2025-10-25 08:38:10.154562720,Entregado,True
9047,7724,1,2025-07-23 21:21:39.954973420,Entregado,True
9048,7725,1,2026-01-19 12:31:12.707066442,Entregado,True
9049,7726,1,2025-03-25 17:53:58.159244364,Entregado,True
9050,7727,1,2026-03-26 07:11:26.263007577,Entregado,True
9051,7728,1,2026-05-19 01:01:05.981777349,Entregado,True
9052,7729,1,2025-09-20 00:32:58.287611875,Entregado,True
9053,7730,1,2026-07-01 09:34:25.858169025,Entregado,True
9054,7731,1,2025-05-03 16:03:41.658565813,Entregado,True
9055,7732,1,2025-02-28 06:55:32.152580277,Entregado,True
9056,7733,1,2026-05-09 12:35:43.045563379,Entregado,True
9057,7734,1,2025-01-20 05:45:36.316487221,Cliente ausente,False
9058,7734,2,2025-01-21 21:58:12.632974442,Entregado,True
9059,7735,1,2025-11-07 20:13:33.929235490,Entregado,True
9060,7736,1,2025-04-22 14:22:52.241201785,Entregado,True
9061,7737,1,2026-07-30 05:58:32.317750581,Entregado,True
9062,7738,1,2025-09-25 05:50:09.094916572,Entregado,True
9063,7739,1,2025-09-27 02:25:21.221509339,Entregado,True
9064,7740,1,2026-03-28 06:26:13.824130650,Entregado,True
9065,7741,1,2025-10-27 08:30:34.007422251,Entregado,True
9066,7742,1,2025-05-18 04:11:40.107316736,Acceso restringido,False
9067,7742,2,2025-05-18 23:54:32.214633472,Entregado,True
9068,7743,1,2026-02-05 12:48:00.159866103,Entregado,True
9069,7744,1,2025-07-06 11:01:08.279360666,Entregado,True
9070,7745,1,2026-02-17 16:51:17.376118027,Cliente ausente,False
9071,7745,2,2026-02-18 21:08:58.752236054,Entregado,True
9072,7746,1,2026-08-28 01:49:08.781247434,Entregado,True
9073,7747,1,2026-08-01 20:23:46.315662306,Entregado,True
9074,7748,1,2025-11-23 08:08:51.296110371,Reprogramado,False
9075,7748,2,2025-11-24 08:56:06.592220746,Entregado,True
9076,7749,1,2026-07-23 02:56:44.873680862,Entregado,True
9077,7750,1,2026-02-25 10:46:29.213005890,Entregado,True
9078,7751,1,2026-09-03 11:07:32.535255478,Entregado,True
9079,7752,1,2026-03-21 07:53:28.956494252,Entregado,True
9080,7753,1,2025-03-16 11:47:24.000000000,Entregado,True
9081,7754,1,2026-07-30 12:24:02.291912715,Cliente ausente,False
9082,7754,2,2026-08-01 15:49:16.583825431,Entregado,True
9083,7755,1,2025-09-25 22:54:29.654563791,Entregado,True
9084,7756,1,2025-11-11 03:25:17.454848232,Entregado,True
9085,7757,1,2026-05-01 15:04:51.102462445,Entregado,True
9086,7758,1,2025-02-01 05:07:48.744770070,Entregado,True
9087,7759,1,2025-12-12 00:11:05.317677016,Entregado,True
9088,7760,1,2026-02-15 10:37:58.902219066,Cliente ausente,False
9089,7760,2,2026-02-16 14:15:57.804438135,Entregado,True
9090,7761,1,2025-10-15 01:31:08.331404577,Entregado,True
9091,7762,1,2025-04-17 23:20:17.242889661,Reprogramado,False
9092,7762,2,2025-04-19 16:47:46.485779326,Entregado,True
9093,7763,1,2026-05-22 22:18:48.429277560,Entregado,True
9094,7764,1,2025-02-17 13:37:08.033334725,Entregado,True
9095,7765,1,2026-03-27 01:04:05.022004368,Entregado,True
9096,7766,1,2025-05-25 17:30:00.883287136,Reprogramado,False
9097,7766,2,2025-05-26 22:30:01.766574270,Entregado,True
9098,7767,1,2026-06-23 02:42:17.468915299,Entregado,True
9099,7768,1,2025-03-03 11:25:48.000000000,Entregado,True
9100,7769,1,2025-03-24 13:18:04.415621472,Entregado,True
9101,7770,1,2025-12-03 00:50:24.000000000,Entregado,True
9102,7771,1,2025-08-01 16:07:29.520836767,Entregado,True
9103,7772,1,2026-02-08 05:54:12.207414546,Entregado,True
9104,7773,1,2025-12-15 09:21:19.046494429,Entregado,True
9105,7774,1,2025-07-20 02:27:20.178500101,Entregado,True
9106,7775,1,2026-01-16 03:01:32.173234136,Entregado,True
9107,7776,1,2025-06-15 05:23:16.181979712,Entregado,True
9108,7777,1,2025-07-29 01:31:27.201053373,Entregado,True
9109,7778,1,2025-02-16 08:42:46.325951125,Entregado,True
9110,7779,1,2026-05-06 23:26:47.869896591,Reprogramado,False
9111,7779,2,2026-05-07 15:32:35.739793183,Entregado,True
9112,7780,1,2025-10-08 05:04:43.175440768,Entregado,True
9113,7781,1,2025-05-30 01:04:22.354475595,Entregado,True
9114,7782,1,2025-03-14 06:45:10.554704852,Entregado,True
9115,7783,1,2026-06-09 11:30:47.940857406,Entregado,True
9116,7784,1,2025-04-24 15:08:00.710163790,Entregado,True
9117,7785,1,2026-07-05 07:28:38.589720276,Entregado,True
9118,7786,1,2026-08-18 12:02:50.483517949,Entregado,True
9119,7787,1,2026-09-03 19:57:12.692081898,Entregado,True
9120,7788,1,2025-02-24 20:27:41.897188645,Cliente ausente,False
9121,7788,2,2025-02-25 03:24:47.794377294,Entregado,True
9122,7789,1,2025-08-12 07:01:05.166367518,Entregado,True
9123,7790,1,2026-07-30 23:16:16.147103638,Cliente ausente,False
9124,7790,2,2026-08-01 15:28:56.294207274,Entregado,True
9125,7791,1,2026-06-10 21:59:33.578483658,Entregado,True
9126,7792,1,2025-05-29 01:56:27.186038376,Entregado,True
9127,7793,1,2025-09-23 03:34:58.595499253,Entregado,True
9128,7794,1,2026-06-29 13:00:49.268040166,Domicilio incorrecto,False
9129,7794,2,2026-06-30 21:23:50.536080330,Entregado,True
9130,7795,1,2026-04-16 21:01:41.567966270,Entregado,True
9131,7796,1,2025-07-07 21:57:14.136963735,Entregado,True
9132,7797,1,2025-04-13 05:56:59.638530098,Entregado,True
9133,7798,1,2025-07-20 20:22:48.528983445,Entregado,True
9134,7799,1,2025-06-04 09:01:52.329604033,Entregado,True
9135,7800,1,2025-04-09 05:23:52.954035522,Entregado,True
9136,7801,1,2026-07-31 12:27:36.829316505,Entregado,True
9137,7802,1,2025-12-26 00:09:26.337261510,Entregado,True
9138,7803,1,2026-02-04 12:23:14.524811430,Cliente ausente,False
9139,7803,2,2026-02-05 14:42:53.049622863,Entregado,True
9140,7804,1,2026-08-27 11:35:42.458134419,Entregado,True
9141,7805,1,2025-10-01 16:29:31.744514652,Entregado,True
9142,7806,1,2026-08-22 16:06:32.164951312,Entregado,True
9143,7807,1,2025-10-25 15:58:53.707202000,Entregado,True
9144,7808,1,2026-01-31 19:54:55.752248962,Entregado,True
9145,7809,1,2026-04-19 02:43:24.370267144,Entregado,True
9146,7810,1,2026-07-03 04:25:15.833932122,Entregado,True
9147,7811,1,2025-01-18 20:37:57.154574877,Cliente ausente,False
9148,7811,2,2025-01-19 11:29:42.309149751,Entregado,True
9149,7812,1,2025-02-20 01:38:39.082671168,Entregado,True
9150,7813,1,2026-05-15 04:30:38.918270502,Entregado,True
9151,7814,1,2026-03-06 02:40:17.553352166,Entregado,True
9152,7815,1,2025-05-12 03:32:41.151136473,Entregado,True
9153,7816,1,2026-06-04 02:08:49.810471544,Cliente ausente,False
9154,7816,2,2026-06-04 18:19:27.620943092,Entregado,True
9155,7817,1,2025-11-02 04:54:24.103183723,Entregado,True
9156,7818,1,2025-04-27 22:55:55.335659887,Entregado,True
9157,7819,1,2025-12-30 17:39:33.009803323,Entregado,True
9158,7820,1,2025-03-09 03:43:09.271927430,Entregado,True
9159,7821,1,2025-02-02 13:37:07.367401750,Entregado,True
9160,7822,1,2025-11-18 16:52:16.869869580,Entregado,True
9161,7823,1,2025-01-18 02:42:21.143344428,Entregado,True
9162,7824,1,2026-07-26 02:46:50.484310557,Entregado,True
9163,7825,1,2025-08-31 01:28:14.134133841,Cliente ausente,False
9164,7825,2,2025-08-31 15:00:40.268267679,Entregado,True
9165,7826,1,2025-12-21 02:34:50.869042478,Entregado,True
9166,7827,1,2025-09-07 00:59:01.070583597,Entregado,True
9167,7828,1,2026-04-14 23:04:38.626120221,Entregado,True
9168,7829,1,2026-01-25 07:33:29.047067125,Entregado,True
9169,7830,1,2026-03-20 01:07:26.220408391,Entregado,True
9170,7831,1,2026-06-04 19:31:15.014619058,Entregado,True
9171,7832,1,2025-02-15 19:57:27.189039416,Entregado,True
9172,7833,1,2026-02-23 17:50:15.294085609,Entregado,True
9173,7834,1,2025-07-26 08:36:41.408840785,Entregado,True
9174,7835,1,2026-06-24 20:20:57.443303774,Entregado,True
9175,7836,1,2026-01-24 06:23:58.516881640,Entregado,True
9176,7837,1,2025-12-29 09:53:10.185976186,Entregado,True
9177,7838,1,2026-04-18 04:27:41.319481219,Entregado,True
9178,7839,1,2025-07-25 16:10:48.689552488,Entregado,True
9179,7840,1,2025-09-05 21:07:32.699352712,Entregado,True
9180,7841,1,2025-02-20 18:54:25.380184640,Entregado,True
9181,7842,1,2025-09-14 15:06:11.003345935,Entregado,True
9182,7843,1,2025-03-21 13:28:20.477636079,Entregado,True
9183,7844,1,2026-02-23 04:56:29.912316324,Entregado,True
9184,7845,1,2025-02-07 16:13:51.224481822,Entregado,True
9185,7846,1,2025-11-12 13:56:37.119052053,Entregado,True
9186,7847,1,2025-05-27 08:12:43.833690601,Entregado,True
9187,7848,1,2025-07-20 16:07:21.707826866,Entregado,True
9188,7849,1,2026-08-20 06:00:22.676109775,Entregado,True
9189,7850,1,2025-07-12 05:18:30.187487977,Reprogramado,False
9190,7850,2,2025-07-12 17:56:12.374975950,Cliente ausente,False
9191,7850,3,2025-07-13 06:33:54.562463928,Entregado,True
9192,7851,1,2026-05-05 06:11:39.782752490,Entregado,True
9193,7852,1,2026-06-19 05:46:12.876516829,Domicilio incorrecto,False
9194,7852,2,2026-06-19 19:49:49.753033662,Entregado,True
9195,7853,1,2025-01-25 08:46:20.528042448,Domicilio incorrecto,False
9196,7853,2,2025-01-26 08:17:41.056084892,Entregado,True
9197,7854,1,2025-03-20 22:39:39.672498931,Entregado,True
9198,7855,1,2026-01-30 00:48:00.000000000,Acceso restringido,False
9199,7855,2,2026-01-30 03:48:00.000000000,Entregado,True
9200,7856,1,2025-04-01 18:56:15.433909742,Cliente ausente,False
9201,7856,2,2025-04-03 03:03:18.867819488,Entregado,True
9202,7857,1,2025-02-09 17:09:31.012267431,Entregado,True
9203,7858,1,2026-07-19 12:58:06.366708044,Entregado,True
9204,7859,1,2026-08-10 02:05:06.756768722,Entregado,True
9205,7860,1,2025-11-06 17:14:19.673262200,Entregado,True
9206,7861,1,2025-03-06 06:46:12.691568838,Cliente ausente,False
9207,7861,2,2025-03-07 12:23:25.383137679,Entregado,True
9208,7862,1,2025-11-05 07:41:13.395851959,Entregado,True
9209,7863,1,2025-06-30 16:04:06.290117007,Entregado,True
9210,7864,1,2026-06-25 19:19:05.667533569,Entregado,True
9211,7865,1,2026-03-21 16:17:54.546141260,Entregado,True
9212,7866,1,2026-06-06 02:50:39.956624325,Entregado,True
9213,7867,1,2025-02-07 08:11:51.006318111,Entregado,True
9214,7868,1,2026-04-24 02:48:16.428559989,Entregado,True
9215,7869,1,2025-03-16 02:12:50.532190070,Entregado,True
9216,7870,1,2025-01-30 20:33:27.558330638,Cliente ausente,False
9217,7870,2,2025-01-31 07:02:43.116661273,Entregado,True
9218,7871,1,2025-10-31 13:57:08.021791512,Entregado,True
9219,7872,1,2025-12-15 08:33:36.861262552,Entregado,True
9220,7873,1,2026-05-30 23:59:29.312826187,Entregado,True
9221,7874,1,2026-06-03 15:26:56.434584336,Entregado,True
9222,7875,1,2025-03-07 06:24:01.873537527,Reprogramado,False
9223,7875,2,2025-03-07 23:42:03.747075055,Entregado,True
9224,7876,1,2026-04-01 18:03:24.496359559,Entregado,True
9225,7877,1,2026-06-17 13:13:20.621511479,Entregado,True
9226,7878,1,2026-01-09 14:45:50.086138215,Entregado,True
9227,7879,1,2025-02-06 11:58:40.536055304,Entregado,True
9228,7880,1,2026-01-18 01:29:18.728586038,Cliente ausente,False
9229,7880,2,2026-01-19 19:29:13.457172073,Entregado,True
9230,7881,1,2026-07-07 11:13:47.302565509,Entregado,True
9231,7882,1,2025-09-10 08:36:00.830171062,Entregado,True
9232,7883,1,2026-07-22 12:41:58.216876206,Entregado,True
9233,7884,1,2025-12-14 00:20:37.238311287,Entregado,True
9234,7885,1,2026-04-21 06:58:20.930537467,Entregado,True
9235,7886,1,2026-07-18 09:52:24.265632234,Entregado,True
9236,7887,1,2025-05-04 01:02:46.755308259,Entregado,True
9237,7888,1,2025-11-24 00:39:18.402729267,Entregado,True
9238,7889,1,2026-06-14 05:54:17.885622438,Entregado,True
9239,7890,1,2025-05-05 00:16:44.396728075,Entregado,True
9240,7891,1,2025-05-20 19:10:28.316750199,Entregado,True
9241,7892,1,2025-03-28 18:00:51.067644728,Entregado,True
9242,7893,1,2025-05-13 01:39:24.595557458,Entregado,True
9243,7894,1,2025-09-12 06:50:17.664047440,Entregado,True
9244,7895,1,2025-12-29 02:53:07.074517196,Entregado,True
9245,7896,1,2026-03-07 21:31:46.249924051,Cliente ausente,False
9246,7896,2,2026-03-09 08:11:20.499848106,Entregado,True
9247,7897,1,2025-02-18 17:21:38.944580720,Entregado,True
9248,7898,1,2026-08-15 09:01:20.554328244,Cliente ausente,False
9249,7898,2,2026-08-16 13:55:29.108656484,Entregado,True
9250,7899,1,2026-05-18 09:31:32.838943504,Entregado,True
9251,7900,1,2026-03-03 14:18:25.434161200,Entregado,True
9252,7901,1,2026-01-12 23:13:45.038248906,Entregado,True
9253,7902,1,2025-04-21 23:31:48.650671498,Reprogramado,False
9254,7902,2,2025-04-22 13:54:01.301343001,Entregado,True
9255,7903,1,2025-08-15 16:00:36.000000000,Entregado,True
9256,7904,1,2025-02-12 12:56:16.231696738,Entregado,True
9257,7905,1,2025-05-20 07:47:26.593399093,Entregado,True
9258,7906,1,2025-10-26 09:37:25.183442838,Entregado,True
9259,7907,1,2025-02-05 02:21:06.149567124,Entregado,True
9260,7908,1,2026-03-06 03:39:12.054990668,Entregado,True
9261,7909,1,2025-03-12 19:07:14.442647887,Entregado,True
9262,7910,1,2025-07-20 06:22:59.830577364,Entregado,True
9263,7911,1,2026-07-14 17:52:12.000000000,Entregado,True
9264,7912,1,2025-09-20 12:49:05.398800837,Entregado,True
9265,7913,1,2025-05-19 11:18:44.808733022,Entregado,True
9266,7914,1,2026-01-21 04:09:11.171228133,Entregado,True
9267,7915,1,2026-06-09 12:19:27.077771031,Entregado,True
9268,7916,1,2025-08-29 01:15:44.518360564,Entregado,True
9269,7917,1,2025-10-15 04:43:13.330256527,Entregado,True
9270,7918,1,2026-04-05 05:09:54.187758522,Entregado,True
9271,7919,1,2026-08-10 20:45:01.441168657,Entregado,True
9272,7920,1,2025-05-16 16:25:06.004607599,Entregado,True
9273,7921,1,2025-03-24 16:45:28.240338286,Entregado,True
9274,7922,1,2026-08-19 21:02:18.257814146,Entregado,True
9275,7923,1,2025-07-30 15:02:31.606515272,Entregado,True
9276,7924,1,2026-02-09 19:20:25.545831115,Entregado,True
9277,7925,1,2025-07-08 20:36:02.087743608,Entregado,True
9278,7926,1,2025-09-13 14:58:34.191374606,Entregado,True
9279,7927,1,2025-11-22 08:04:05.097689691,Entregado,True
9280,7928,1,2026-03-03 07:28:00.863379195,Entregado,True
9281,7929,1,2026-02-22 15:46:51.357817682,Entregado,True
9282,7930,1,2026-08-16 18:38:22.943284818,Entregado,True
9283,7931,1,2026-05-02 13:09:53.202338899,Cliente ausente,False
9284,7931,2,2026-05-04 16:28:46.404677798,Entregado,True
9285,7932,1,2026-03-14 12:37:19.120280480,Domicilio incorrecto,False
9286,7932,2,2026-03-16 03:33:14.240560964,Entregado,True
9287,7933,1,2026-06-19 16:42:17.346052746,Entregado,True
9288,7934,1,2026-09-03 10:43:58.824910646,Entregado,True
9289,7935,1,2026-04-27 00:54:13.651003533,Cliente ausente,False
9290,7935,2,2026-04-27 15:23:51.302007067,Entregado,True
9291,7936,1,2025-07-01 06:02:51.801619066,Entregado,True
9292,7937,1,2026-09-03 16:52:43.874960246,Entregado,True
9293,7938,1,2025-03-13 16:58:07.180503542,Entregado,True
9294,7939,1,2026-03-17 19:00:42.565339800,Entregado,True
9295,7940,1,2025-05-20 17:06:58.714143944,Cliente ausente,False
9296,7940,2,2025-05-22 02:15:09.428287885,Entregado,True
9297,7941,1,2025-04-15 07:54:54.888284037,Entregado,True
9298,7942,1,2026-04-16 14:49:36.108414490,Entregado,True
9299,7943,1,2025-10-11 23:18:01.433500153,Entregado,True
9300,7944,1,2025-02-02 01:35:20.122886396,Entregado,True
9301,7945,1,2025-01-20 17:52:43.125219242,Entregado,True
9302,7946,1,2026-05-27 00:58:22.076542815,Entregado,True
9303,7947,1,2026-08-28 05:50:38.299034832,Entregado,True
9304,7948,1,2025-01-24 10:23:05.076233858,Entregado,True
9305,7949,1,2025-11-26 14:55:57.205206469,Entregado,True
9306,7950,1,2026-03-10 07:19:52.923524091,Entregado,True
9307,7951,1,2026-02-05 12:14:08.725461154,Entregado,True
9308,7952,1,2025-01-21 22:58:36.778300388,Entregado,True
9309,7953,1,2026-07-06 02:38:55.398519934,Entregado,True
9310,7954,1,2026-08-26 13:40:13.798525166,Entregado,True
9311,7955,1,2025-06-01 13:30:59.367251696,Entregado,True
9312,7956,1,2025-08-22 17:48:34.479189432,Entregado,True
9313,7957,1,2025-08-12 12:43:38.501152561,Entregado,True
9314,7958,1,2025-01-28 10:48:51.692807664,Entregado,True
9315,7959,1,2025-03-09 13:34:15.657163096,Entregado,True
9316,7960,1,2025-09-12 03:37:51.508076263,Entregado,True
9317,7961,1,2025-05-13 21:14:59.688471296,Entregado,True
9318,7962,1,2025-02-01 02:46:59.089494320,Entregado,True
9319,7963,1,2025-01-13 01:50:38.878922709,Entregado,True
9320,7964,1,2025-04-03 01:58:55.039520362,Entregado,True
9321,7965,1,2026-03-08 19:28:02.417266747,Entregado,True
9322,7966,1,2025-05-28 16:27:58.910269140,Entregado,True
9323,7967,1,2025-05-05 20:33:37.713037176,Entregado,True
9324,7968,1,2025-12-10 23:11:51.987445512,Entregado,True
9325,7969,1,2026-06-03 18:05:51.174528147,Entregado,True
9326,7970,1,2025-02-24 21:37:41.840406404,Entregado,True
9327,7971,1,2026-02-03 16:10:14.684740647,Entregado,True
9328,7972,1,2025-11-12 04:29:34.116420926,Cliente ausente,False
9329,7972,2,2025-11-13 15:59:08.232841852,Entregado,True
9330,7973,1,2026-05-31 11:39:42.104652836,Entregado,True
9331,7974,1,2026-05-19 09:56:10.577347134,Reprogramado,False
9332,7974,2,2026-05-21 11:30:09.154694268,Entregado,True
9333,7975,1,2026-06-16 22:55:34.514991775,Entregado,True
9334,7976,1,2026-02-25 02:07:04.457047947,Entregado,True
9335,7977,1,2025-07-16 21:12:27.271598774,Entregado,True
9336,7978,1,2025-11-11 23:40:38.057407212,Entregado,True
9337,7979,1,2025-10-28 02:06:24.210194979,Entregado,True
9338,7980,1,2025-11-26 20:52:38.244453142,Entregado,True
9339,7981,1,2026-04-21 10:27:00.000000000,Entregado,True
9340,7982,1,2026-08-11 16:59:13.821151362,Entregado,True
9341,7983,1,2025-04-27 17:46:03.817547932,Entregado,True
9342,7984,1,2025-09-24 02:41:11.739328051,Entregado,True
9343,7985,1,2026-06-03 21:44:10.297787132,Entregado,True
9344,7986,1,2026-06-05 09:35:52.121893722,Entregado,True
9345,7987,1,2025-01-23 22:40:02.876756530,Entregado,True
9346,7988,1,2026-04-24 16:14:17.100352824,Entregado,True
9347,7989,1,2026-07-04 21:45:49.359008988,Cliente ausente,False
9348,7989,2,2026-07-06 08:29:14.718017976,Entregado,True
9349,7990,1,2025-06-24 23:12:46.936889383,Domicilio incorrecto,False
9350,7990,2,2025-06-27 10:50:45.873778767,Entregado,True
9351,7991,1,2025-07-29 10:48:43.759797379,Entregado,True
9352,7992,1,2025-07-03 08:06:30.902557219,Entregado,True
9353,7993,1,2025-12-12 03:20:12.002826328,Entregado,True
9354,7994,1,2026-03-17 17:52:45.342411816,Entregado,True
9355,7995,1,2026-07-14 08:28:13.001246760,Entregado,True
9356,7996,1,2025-05-27 10:12:55.738859277,Entregado,True
9357,7997,1,2025-07-30 02:00:14.220564865,Entregado,True
9358,7998,1,2025-10-01 04:29:24.547607739,Entregado,True
9359,7999,1,2026-09-02 06:29:09.678870970,Entregado,True
9360,8000,1,2026-02-23 05:10:40.342051603,Entregado,True
9361,8001,1,2026-02-04 04:48:24.581218021,Entregado,True
9362,8002,1,2026-01-21 02:12:04.849432358,Entregado,True
9363,8003,1,2025-09-22 08:29:40.420025005,Entregado,True
9364,8004,1,2025-06-16 20:06:28.614759570,Cliente ausente,False
9365,8004,2,2025-06-17 05:08:45.229519143,Entregado,True
9366,8005,1,2025-01-21 11:22:46.833418542,Entregado,True
9367,8006,1,2025-09-07 02:02:14.342088105,Entregado,True
9368,8007,1,2025-10-25 05:25:51.826442358,Entregado,True
9369,8008,1,2026-02-20 14:03:13.616935322,Entregado,True
9370,8009,1,2025-11-18 04:03:17.785566540,Cliente ausente,False
9371,8009,2,2025-11-19 02:15:35.571133080,Entregado,True
9372,8010,1,2026-07-10 09:46:44.795127727,Entregado,True
9373,8011,1,2025-10-26 12:31:40.932384265,Entregado,True
9374,8012,1,2025-03-05 19:38:18.189343276,Entregado,True
9375,8013,1,2025-06-15 19:09:56.474872048,Cliente ausente,False
9376,8013,2,2025-06-16 00:24:40.949744101,Entregado,True
9377,8014,1,2025-10-30 15:13:51.106687478,Entregado,True
9378,8015,1,2025-12-20 00:53:10.633193466,Entregado,True
9379,8016,1,2025-03-05 15:50:37.959154890,Entregado,True
9380,8017,1,2025-09-23 19:51:39.707902461,Entregado,True
9381,8018,1,2025-05-05 20:45:11.242097402,Entregado,True
9382,8019,1,2025-08-28 16:27:07.941016080,Entregado,True
9383,8020,1,2026-06-27 01:37:30.566099920,Domicilio incorrecto,False
9384,8020,2,2026-06-27 17:16:49.132199841,Entregado,True
9385,8021,1,2025-04-01 22:09:32.662566111,Entregado,True
9386,8022,1,2025-05-21 11:33:54.670537976,Entregado,True
9387,8023,1,2025-12-30 21:40:59.336348016,Entregado,True
9388,8024,1,2026-02-19 07:55:43.446453013,Entregado,True
9389,8025,1,2025-04-04 19:23:08.582857836,Reprogramado,False
9390,8025,2,2025-04-06 08:22:17.165715672,Entregado,True
9391,8026,1,2025-05-15 20:25:17.210361604,Cliente ausente,False
9392,8026,2,2025-05-17 12:20:34.420723209,Entregado,True
9393,8027,1,2025-02-10 00:56:43.895267948,Entregado,True
9394,8028,1,2026-04-03 17:11:59.487589881,Entregado,True
9395,8029,1,2026-06-20 14:48:09.298138971,Entregado,True
9396,8030,1,2026-03-16 13:34:21.336444062,Cliente ausente,False
9397,8030,2,2026-03-18 17:52:30.672888121,Entregado,True
9398,8031,1,2025-08-15 23:05:12.919447374,Entregado,True
9399,8032,1,2025-06-21 01:52:02.899998681,Entregado,True
9400,8033,1,2025-04-18 02:41:49.643726204,Domicilio incorrecto,False
9401,8033,2,2025-04-18 20:00:15.287452408,Entregado,True
9402,8034,1,2026-01-18 22:37:57.359210332,Entregado,True
9403,8035,1,2025-01-26 07:56:44.806979414,Entregado,True
9404,8036,1,2026-05-26 18:43:43.500784191,Entregado,True
9405,8037,1,2025-11-04 05:25:32.386500991,Domicilio incorrecto,False
9406,8037,2,2025-11-04 23:55:52.773001978,Entregado,True
9407,8038,1,2025-12-25 23:00:52.541268476,Entregado,True
9408,8039,1,2026-01-07 11:47:27.420650214,Entregado,True
9409,8040,1,2025-06-21 21:04:33.664660276,Cliente ausente,False
9410,8040,2,2025-06-23 02:05:31.329320557,Cliente ausente,False
9411,8040,3,2025-06-24 07:06:28.993980834,Entregado,True
9412,8041,1,2026-08-07 14:44:17.240332898,Entregado,True
9413,8042,1,2025-06-03 13:17:47.692639222,Cliente ausente,False
9414,8042,2,2025-06-04 12:35:35.385278449,Entregado,True
9415,8043,1,2026-01-14 07:03:54.708307290,Entregado,True
9416,8044,1,2025-10-10 09:53:45.819975210,Domicilio incorrecto,False
9417,8044,2,2025-10-11 16:28:19.639950419,Entregado,True
9418,8045,1,2026-05-28 15:08:51.089093239,Entregado,True
9419,8046,1,2025-12-03 21:03:19.223318725,Entregado,True
9420,8047,1,2026-02-17 06:55:33.984930921,Entregado,True
9421,8048,1,2025-02-26 05:28:18.400661101,Entregado,True
9422,8049,1,2025-03-17 19:18:55.464554887,Entregado,True
9423,8050,1,2025-12-19 05:16:02.563221212,Entregado,True
9424,8051,1,2026-01-29 12:08:18.874100536,Entregado,True
9425,8052,1,2026-07-10 18:46:32.745825138,Entregado,True
9426,8053,1,2025-03-25 10:25:38.848569002,Entregado,True
9427,8054,1,2025-07-30 21:52:19.847476830,Entregado,True
9428,8055,1,2025-03-30 13:16:07.389846058,Entregado,True
9429,8056,1,2026-03-27 00:40:08.882297749,Entregado,True
9430,8057,1,2026-05-28 00:05:21.672648438,Domicilio incorrecto,False
9431,8057,2,2026-05-29 11:27:31.345296879,Entregado,True
9432,8058,1,2025-04-13 16:20:54.106601449,Entregado,True
9433,8059,1,2026-04-21 23:41:42.603519544,Entregado,True
9434,8060,1,2025-07-15 12:18:19.940234547,Entregado,True
9435,8061,1,2026-05-02 20:10:09.024350444,Entregado,True
9436,8062,1,2025-09-07 22:34:02.666586302,Entregado,True
9437,8063,1,2026-03-17 20:49:05.097831592,Entregado,True
9438,8064,1,2025-03-16 16:37:54.985808539,Entregado,True
9439,8065,1,2025-03-12 00:53:48.086248506,Reprogramado,False
9440,8065,2,2025-03-13 11:03:48.172497015,Entregado,True
9441,8066,1,2025-06-02 13:37:54.477492142,Entregado,True
9442,8067,1,2025-04-08 09:01:21.235364619,Entregado,True
9443,8068,1,2026-03-13 11:08:36.838563820,Entregado,True
9444,8069,1,2026-03-09 03:16:20.927368984,Entregado,True
9445,8070,1,2026-04-05 01:36:22.007105294,Entregado,True
9446,8071,1,2026-03-07 23:49:32.778107922,Entregado,True
9447,8072,1,2025-08-19 20:13:18.019661268,Entregado,True
9448,8073,1,2025-02-02 19:20:57.829296595,Entregado,True
9449,8074,1,2025-12-03 11:22:24.766906245,Entregado,True
9450,8075,1,2026-07-27 10:25:22.646382484,Entregado,True
9451,8076,1,2025-06-29 01:54:23.812767936,Entregado,True
9452,8077,1,2026-07-23 17:25:43.873847180,Cliente ausente,False
9453,8077,2,2026-07-25 00:58:39.747694364,Entregado,True
9454,8078,1,2026-02-16 12:14:43.255522647,Entregado,True
9455,8079,1,2025-08-28 22:47:16.907631280,Entregado,True
9456,8080,1,2025-10-05 15:13:08.180045655,Entregado,True
9457,8081,1,2026-06-26 19:55:14.087607495,Entregado,True
9458,8082,1,2025-06-09 14:17:06.104801245,Entregado,True
9459,8083,1,2025-06-18 05:33:45.443452428,Entregado,True
9460,8084,1,2025-07-07 08:29:04.482937726,Entregado,True
9461,8085,1,2026-01-26 00:15:55.940173441,Cliente ausente,False
9462,8085,2,2026-01-26 18:29:27.880346882,Cliente ausente,False
9463,8085,3,2026-01-27 12:42:59.820520323,Entregado,True
9464,8086,1,2025-01-14 01:44:05.793259016,Entregado,True
9465,8087,1,2025-06-20 15:18:13.180421354,Entregado,True
9466,8088,1,2026-03-28 05:07:53.855566320,Entregado,True
9467,8089,1,2026-03-26 04:21:35.343853966,Entregado,True
9468,8090,1,2025-04-17 10:03:48.506036594,Entregado,True
9469,8091,1,2026-03-05 13:16:48.931708411,Entregado,True
9470,8092,1,2025-04-11 01:27:16.943222372,Entregado,True
9471,8093,1,2026-03-27 04:58:04.104033016,Entregado,True
9472,8094,1,2026-04-24 04:42:42.188131321,Entregado,True
9473,8095,1,2025-07-25 20:13:37.178951484,Entregado,True
9474,8096,1,2025-10-25 07:24:27.477014594,Cliente ausente,False
9475,8096,2,2025-10-25 18:06:18.954029192,Entregado,True
9476,8097,1,2025-01-19 09:57:13.279853458,Entregado,True
9477,8098,1,2026-01-17 00:38:27.137977155,Entregado,True
9478,8099,1,2025-12-05 15:27:46.361245078,Entregado,True
9479,8100,1,2025-01-23 06:05:58.111005800,Entregado,True
9480,8101,1,2026-03-18 14:50:29.971894452,Entregado,True
9481,8102,1,2025-09-04 22:03:31.344234919,Entregado,True
9482,8103,1,2025-09-03 20:35:12.778251885,Entregado,True
9483,8104,1,2026-01-29 21:43:26.175190234,Entregado,True
9484,8105,1,2025-09-21 17:56:49.459283174,Entregado,True
9485,8106,1,2025-08-09 18:46:15.817920790,Entregado,True
9486,8107,1,2025-01-12 08:37:33.876128794,Entregado,True
9487,8108,1,2026-03-25 10:53:27.550156711,Entregado,True
9488,8109,1,2025-01-18 09:50:02.869011031,Entregado,True
9489,8110,1,2026-01-26 09:42:38.591848403,Entregado,True
9490,8111,1,2025-01-26 13:18:35.260216837,Entregado,True
9491,8112,1,2025-08-15 01:34:56.337329060,Domicilio incorrecto,False
9492,8112,2,2025-08-16 20:39:16.674658117,Entregado,True
9493,8113,1,2025-08-26 09:00:49.282255537,Entregado,True
9494,8114,1,2025-12-11 00:41:23.997679890,Entregado,True
9495,8115,1,2025-05-16 02:18:34.765127532,Entregado,True
9496,8116,1,2025-06-29 23:30:39.749625666,Entregado,True
9497,8117,1,2026-07-14 02:33:27.446420556,Entregado,True
9498,8118,1,2026-06-28 01:26:30.335404920,Entregado,True
9499,8119,1,2026-03-16 21:55:56.392268170,Entregado,True
9500,8120,1,2025-02-23 14:24:29.639406636,Entregado,True
9501,8121,1,2026-03-22 03:10:49.871388907,Entregado,True
9502,8122,1,2026-08-06 00:18:20.429928334,Domicilio incorrecto,False
9503,8122,2,2026-08-07 09:25:16.859856666,Entregado,True
9504,8123,1,2025-10-12 10:36:18.786253219,Entregado,True
9505,8124,1,2025-02-16 17:50:19.473697417,Entregado,True
9506,8125,1,2026-01-03 21:12:04.672329652,Entregado,True
9507,8126,1,2025-09-29 07:21:52.724937042,Entregado,True
9508,8127,1,2026-07-21 07:44:09.919646332,Entregado,True
9509,8128,1,2025-10-21 07:42:42.394000478,Entregado,True
9510,8129,1,2026-01-11 13:25:53.891143960,Entregado,True
9511,8130,1,2026-07-08 00:59:51.071865331,Entregado,True
9512,8131,1,2025-03-23 23:38:08.270048346,Entregado,True
9513,8132,1,2025-07-11 10:09:50.010075453,Entregado,True
9514,8133,1,2026-09-02 07:56:17.869556349,Entregado,True
9515,8134,1,2026-01-27 02:12:53.729012822,Entregado,True
9516,8135,1,2025-01-28 12:44:26.085985778,Entregado,True
9517,8136,1,2025-11-01 22:45:51.882772946,Entregado,True
9518,8137,1,2025-12-26 06:47:58.239625819,Entregado,True
9519,8138,1,2025-04-05 23:17:47.005111230,Entregado,True
9520,8139,1,2026-07-07 07:24:04.733209854,Domicilio incorrecto,False
9521,8139,2,2026-07-08 15:50:33.466419708,Entregado,True
9522,8140,1,2025-12-05 03:37:05.325509553,Entregado,True
9523,8141,1,2025-06-16 01:09:38.626309526,Entregado,True
9524,8142,1,2025-12-11 21:04:33.674971551,Entregado,True
9525,8143,1,2026-07-21 14:04:10.880578966,Entregado,True
9526,8144,1,2025-03-16 05:04:49.581885342,Entregado,True
9527,8145,1,2025-02-14 13:56:13.318991412,Entregado,True
9528,8146,1,2026-02-17 10:39:35.096020686,Entregado,True
9529,8147,1,2025-01-22 15:03:37.157285054,Entregado,True
9530,8148,1,2025-01-04 15:20:52.665243277,Entregado,True
9531,8149,1,2026-07-26 17:46:31.903807569,Cliente ausente,False
9532,8149,2,2026-07-27 05:19:51.807615139,Entregado,True
9533,8150,1,2025-03-18 09:42:12.274686550,Domicilio incorrecto,False
9534,8150,2,2025-03-19 08:13:36.549373101,Entregado,True
9535,8151,1,2026-08-29 10:47:58.037009388,Entregado,True
9536,8152,1,2026-02-03 16:46:04.436772268,Cliente ausente,False
9537,8152,2,2026-02-05 01:17:44.873544541,Entregado,True
9538,8153,1,2025-03-29 10:50:16.258808234,Entregado,True
9539,8154,1,2026-08-20 05:44:45.922577150,Entregado,True
9540,8155,1,2025-01-18 23:06:24.561176889,Entregado,True
9541,8156,1,2025-11-26 11:29:14.460773211,Entregado,True
9542,8157,1,2025-07-31 08:34:29.189431945,Entregado,True
9543,8158,1,2026-01-21 12:00:05.096333635,Entregado,True
9544,8159,1,2026-07-22 23:29:07.811082427,Entregado,True
9545,8160,1,2025-05-27 11:28:32.768045173,Entregado,True
9546,8161,1,2026-04-02 04:52:17.773082900,Entregado,True
9547,8162,1,2026-01-30 06:10:17.053442544,Domicilio incorrecto,False
9548,8162,2,2026-01-31 07:39:46.106885088,Entregado,True
9549,8163,1,2025-11-10 02:32:57.454487746,Entregado,True
9550,8164,1,2026-05-10 07:10:20.617660868,Entregado,True
9551,8165,1,2026-03-10 07:18:21.023646350,Entregado,True
9552,8166,1,2025-01-03 14:48:51.424963520,Entregado,True
9553,8167,1,2025-02-12 03:35:32.085168093,Cliente ausente,False
9554,8167,2,2025-02-13 15:28:28.170336183,Entregado,True
9555,8168,1,2026-08-11 23:10:03.798589533,Entregado,True
9556,8169,1,2025-08-02 14:22:33.492859323,Entregado,True
9557,8170,1,2025-12-02 21:03:25.223471906,Entregado,True
9558,8171,1,2026-03-23 11:03:03.228700010,Entregado,True
9559,8172,1,2025-10-31 20:51:01.303852816,Entregado,True
9560,8173,1,2026-07-11 18:38:41.024401468,Entregado,True
9561,8174,1,2026-06-10 09:35:05.281774395,Entregado,True
9562,8175,1,2025-01-26 23:10:35.693515868,Entregado,True
9563,8176,1,2025-01-26 17:35:25.880285457,Entregado,True
9564,8177,1,2026-08-20 14:40:57.665494801,Reprogramado,False
9565,8177,2,2026-08-22 00:36:19.330989606,Entregado,True
9566,8178,1,2025-04-19 23:30:59.442975194,Entregado,True
9567,8179,1,2025-05-03 02:28:09.878003810,Entregado,True
9568,8180,1,2025-04-21 08:03:04.841174714,Entregado,True
9569,8181,1,2025-11-29 03:49:45.065201307,Entregado,True
9570,8182,1,2025-07-02 13:55:25.936122878,Entregado,True
9571,8183,1,2025-05-14 13:34:48.226165456,Entregado,True
9572,8184,1,2026-08-29 02:46:45.688733007,Entregado,True
9573,8185,1,2025-06-20 21:26:10.074082930,Entregado,True
9574,8186,1,2025-10-05 19:07:12.000000000,Entregado,True
9575,8187,1,2025-07-12 13:53:48.914942474,Entregado,True
9576,8188,1,2026-06-15 22:02:32.703466340,Entregado,True
9577,8189,1,2026-06-10 14:49:08.627885767,Cliente ausente,False
9578,8189,2,2026-06-11 03:07:41.255771538,Entregado,True
9579,8190,1,2025-08-10 14:47:33.518360976,Entregado,True
9580,8191,1,2025-10-27 19:46:20.178888196,Entregado,True
9581,8192,1,2025-11-09 15:19:59.887232324,Entregado,True
9582,8193,1,2025-08-29 08:18:20.024140795,Entregado,True
9583,8194,1,2025-06-18 02:58:50.662373966,Cliente ausente,False
9584,8194,2,2025-06-18 15:58:53.324747932,Entregado,True
9585,8195,1,2025-07-15 02:41:23.920448301,Entregado,True
9586,8196,1,2025-08-31 11:59:30.230708787,Entregado,True
9587,8197,1,2025-06-15 07:52:39.746176939,Entregado,True
9588,8198,1,2025-12-07 18:36:12.195334176,Entregado,True
9589,8199,1,2026-03-31 13:50:37.129333581,Reprogramado,False
9590,8199,2,2026-03-31 17:26:14.258667163,Cliente ausente,False
9591,8199,3,2026-03-31 21:01:51.388000744,Entregado,True
9592,8200,1,2025-05-16 00:57:48.302832502,Entregado,True
9593,8201,1,2025-07-16 15:21:25.337270300,Entregado,True
9594,8202,1,2026-02-06 19:52:19.735479613,Entregado,True
9595,8203,1,2026-08-27 19:42:21.737704622,Entregado,True
9596,8204,1,2025-02-15 06:06:38.588184741,Entregado,True
9597,8205,1,2025-04-08 19:00:40.519058590,Entregado,True
9598,8206,1,2025-12-16 15:44:31.183064332,Entregado,True
9599,8207,1,2026-06-01 22:17:44.355883660,Entregado,True
9600,8208,1,2025-12-06 01:14:11.260619300,Entregado,True
9601,8209,1,2026-02-04 07:44:21.242226771,Entregado,True
9602,8210,1,2025-06-15 14:26:02.037593252,Entregado,True
9603,8211,1,2025-04-17 11:32:44.641531190,Cliente ausente,False
9604,8211,2,2025-04-18 03:37:17.283062380,Reprogramado,False
9605,8211,3,2025-04-18 19:41:49.924593571,Entregado,True
9606,8212,1,2025-08-25 16:49:12.743650459,Entregado,True
9607,8213,1,2026-07-14 06:08:29.445070052,Entregado,True
9608,8214,1,2026-06-18 01:50:17.150722040,Entregado,True
9609,8215,1,2025-09-25 00:12:05.705273181,Entregado,True
9610,8216,1,2026-06-05 04:03:13.038533082,Entregado,True
9611,8217,1,2025-09-28 16:36:45.746809772,Cliente ausente,False
9612,8217,2,2025-09-29 23:47:07.493619544,Entregado,True
9613,8218,1,2025-08-01 15:28:16.308754590,Entregado,True
9614,8219,1,2025-06-12 23:30:09.229087256,Entregado,True
9615,8220,1,2026-07-13 02:35:58.384012970,Reprogramado,False
9616,8220,2,2026-07-14 01:03:32.768025940,Entregado,True
9617,8221,1,2025-02-25 20:10:23.581448769,Entregado,True
9618,8222,1,2025-08-24 04:13:33.173337946,Entregado,True
9619,8223,1,2026-03-17 21:31:45.153819768,Entregado,True
9620,8224,1,2026-06-06 15:16:27.993104428,Entregado,True
9621,8225,1,2025-02-15 16:42:54.871502007,Entregado,True
9622,8226,1,2026-08-30 08:02:43.554968196,Entregado,True
9623,8227,1,2026-06-02 04:32:27.198280161,Entregado,True
9624,8228,1,2026-07-30 22:32:10.305445974,Entregado,True
9625,8229,1,2025-04-03 23:41:03.022627189,Cliente ausente,False
9626,8229,2,2025-04-05 15:08:18.045254378,Entregado,True
9627,8230,1,2026-03-15 22:28:40.773347076,Entregado,True
9628,8231,1,2025-10-23 15:02:37.998450535,Entregado,True
9629,8232,1,2025-09-23 17:30:55.599699693,Entregado,True
9630,8233,1,2025-04-17 16:11:56.340172104,Entregado,True
9631,8234,1,2025-08-14 13:03:42.394124685,Entregado,True
9632,8235,1,2026-02-27 19:10:43.580734028,Entregado,True
9633,8236,1,2025-04-26 23:45:05.738429660,Reprogramado,False
9634,8236,2,2025-04-28 10:44:35.476859324,Entregado,True
9635,8237,1,2025-08-26 04:23:31.498893042,Entregado,True
9636,8238,1,2025-10-02 07:25:47.517137929,Reprogramado,False
9637,8238,2,2025-10-03 03:25:11.034275858,Entregado,True
9638,8239,1,2025-08-19 01:27:21.229368210,Cliente ausente,False
9639,8239,2,2025-08-19 21:51:42.458736423,Entregado,True
9640,8240,1,2025-02-08 11:29:37.438616000,Entregado,True
9641,8241,1,2026-05-19 07:46:54.482130138,Entregado,True
9642,8242,1,2026-04-08 15:11:38.079604500,Entregado,True
9643,8243,1,2025-08-03 11:17:00.473482284,Entregado,True
9644,8244,1,2026-02-10 08:40:48.634600137,Entregado,True
9645,8245,1,2025-12-01 05:44:16.633997930,Entregado,True
9646,8246,1,2025-08-30 17:42:40.091429588,Acceso restringido,False
9647,8246,2,2025-09-02 04:10:20.182859176,Entregado,True
9648,8247,1,2025-09-12 10:13:40.788402999,Entregado,True
9649,8248,1,2025-06-18 12:07:31.574498710,Entregado,True
9650,8249,1,2026-05-29 05:09:33.923769156,Entregado,True
9651,8250,1,2026-08-26 05:57:55.235045977,Entregado,True
9652,8251,1,2026-08-18 11:39:08.875212044,Cliente ausente,False
9653,8251,2,2026-08-20 15:45:17.750424085,Entregado,True
9654,8252,1,2026-01-29 03:58:51.106556488,Entregado,True
9655,8253,1,2026-03-02 05:38:46.576393764,Entregado,True
9656,8254,1,2026-02-16 22:46:08.325883038,Entregado,True
9657,8255,1,2026-08-07 20:18:47.586835663,Entregado,True
9658,8256,1,2026-02-10 08:45:52.407696726,Entregado,True
9659,8257,1,2025-04-09 11:35:35.297661040,Entregado,True
9660,8258,1,2026-01-17 01:58:01.224433516,Entregado,True
9661,8259,1,2025-07-09 08:51:10.610031222,Entregado,True
9662,8260,1,2025-09-02 08:18:49.323440934,Entregado,True
9663,8261,1,2026-05-19 02:24:21.651391162,Domicilio incorrecto,False
9664,8261,2,2026-05-19 22:58:19.302782325,Entregado,True
9665,8262,1,2026-01-05 16:34:38.457445292,Entregado,True
9666,8263,1,2025-03-09 00:15:11.267216409,Entregado,True
9667,8264,1,2025-06-14 04:27:39.341997068,Entregado,True
9668,8265,1,2026-08-22 21:55:06.955791013,Entregado,True
9669,8266,1,2026-02-23 15:59:23.148790090,Cliente ausente,False
9670,8266,2,2026-02-25 03:11:22.297580185,Entregado,True
9671,8267,1,2025-09-27 00:45:56.143880204,Reprogramado,False
9672,8267,2,2025-09-27 13:37:16.287760408,Domicilio incorrecto,False
9673,8267,3,2025-09-28 02:28:36.431640616,Entregado,True
9674,8268,1,2026-07-22 13:06:49.990199180,Entregado,True
9675,8269,1,2025-07-12 14:35:58.015952782,Entregado,True
9676,8270,1,2026-02-14 04:44:15.914664891,Entregado,True
9677,8271,1,2026-05-06 19:48:13.538322712,Entregado,True
9678,8272,1,2025-11-09 14:17:50.337639319,Entregado,True
9679,8273,1,2026-08-23 18:07:00.165055396,Entregado,True
9680,8274,1,2025-04-05 17:53:15.883834549,Entregado,True
9681,8275,1,2026-07-03 08:58:50.756596096,Entregado,True
9682,8276,1,2026-02-16 23:50:03.577098091,Cliente ausente,False
9683,8276,2,2026-02-18 01:35:55.154196182,Entregado,True
9684,8277,1,2025-08-04 12:14:44.658633922,Entregado,True
9685,8278,1,2026-01-05 06:12:09.414561214,Entregado,True
9686,8279,1,2025-06-18 23:29:27.305094764,Entregado,True
9687,8280,1,2025-01-18 10:53:07.567049615,Entregado,True
9688,8281,1,2026-08-11 19:32:33.620393313,Entregado,True
9689,8282,1,2026-07-21 09:59:51.078281402,Entregado,True
9690,8283,1,2025-07-28 01:00:54.103669171,Entregado,True
9691,8284,1,2025-02-14 00:25:26.554512468,Entregado,True
9692,8285,1,2026-03-20 05:20:19.198286260,Domicilio incorrecto,False
9693,8285,2,2026-03-21 10:51:26.396572525,Entregado,True
9694,8286,1,2026-05-31 04:35:14.438992819,Cliente ausente,False
9695,8286,2,2026-05-31 20:00:52.877985638,Entregado,True
9696,8287,1,2026-08-31 06:22:14.361997022,Reprogramado,False
9697,8287,2,2026-09-01 07:14:28.723994044,Entregado,True
9698,8288,1,2026-02-03 07:23:40.537172738,Entregado,True
9699,8289,1,2025-08-30 00:53:08.298120220,Entregado,True
9700,8290,1,2026-06-19 16:04:20.485122128,Entregado,True
9701,8291,1,2026-02-09 17:52:13.741034019,Entregado,True
9702,8292,1,2025-08-02 15:43:12.056255467,Cliente ausente,False
9703,8292,2,2025-08-03 01:09:00.112510935,Cliente ausente,False
9704,8292,3,2025-08-03 10:34:48.168766404,Entregado,True
9705,8293,1,2026-07-26 08:59:22.317703494,Entregado,True
9706,8294,1,2025-05-12 17:53:24.000000000,Entregado,True
9707,8295,1,2025-01-13 02:00:30.425420106,Entregado,True
9708,8296,1,2026-03-10 03:01:06.706988536,Entregado,True
9709,8297,1,2026-05-01 07:45:05.312971490,Entregado,True
9710,8298,1,2025-11-03 15:15:03.701965762,Entregado,True
9711,8299,1,2025-10-13 21:23:45.933509421,Entregado,True
9712,8300,1,2026-04-19 10:01:47.779762497,Entregado,True
9713,8301,1,2025-07-09 23:09:15.133817574,Cliente ausente,False
9714,8301,2,2025-07-10 18:23:18.267635144,Entregado,True
9715,8302,1,2026-06-13 03:43:59.821341473,Entregado,True
9716,8303,1,2026-05-28 12:54:57.920905440,Entregado,True
9717,8304,1,2025-12-09 17:36:36.000000000,Cliente ausente,False
9718,8304,2,2025-12-09 20:36:36.000000000,Entregado,True
9719,8305,1,2026-03-08 03:39:16.156010772,Entregado,True
9720,8306,1,2025-02-06 13:29:26.599546665,Entregado,True
9721,8307,1,2026-04-18 18:44:08.968309641,Entregado,True
9722,8308,1,2026-01-30 11:15:16.020043945,Domicilio incorrecto,False
9723,8308,2,2026-01-31 18:04:44.040087886,Entregado,True
9724,8309,1,2026-05-13 03:35:17.170654549,Domicilio incorrecto,False
9725,8309,2,2026-05-15 01:17:46.341309098,Entregado,True
9726,8310,1,2026-05-29 11:29:22.849572638,Entregado,True
9727,8311,1,2025-08-06 07:15:06.608146215,Entregado,True
9728,8312,1,2025-05-25 23:12:28.172131030,Entregado,True
9729,8313,1,2026-07-14 20:27:18.544070073,Reprogramado,False
9730,8313,2,2026-07-16 07:11:25.088140147,Entregado,True
9731,8314,1,2025-06-29 21:59:12.985754110,Entregado,True
9732,8315,1,2025-12-29 23:49:55.757158546,Entregado,True
9733,8316,1,2025-10-15 22:31:30.237489177,Entregado,True
9734,8317,1,2025-09-03 10:30:46.059168668,Cliente ausente,False
9735,8317,2,2025-09-04 04:21:56.118337333,Entregado,True
9736,8318,1,2026-08-09 08:58:22.604205925,Entregado,True
9737,8319,1,2025-12-10 05:30:25.029866149,Entregado,True
9738,8320,1,2025-12-29 23:58:27.926233942,Entregado,True
9739,8321,1,2026-05-15 22:22:03.240331474,Acceso restringido,False
9740,8321,2,2026-05-17 09:02:42.480662946,Entregado,True
9741,8322,1,2025-05-22 17:45:39.307777732,Entregado,True
9742,8323,1,2026-01-26 00:28:53.731648974,Entregado,True
9743,8324,1,2025-11-28 04:18:06.595701976,Entregado,True
9744,8325,1,2026-01-29 20:24:41.447304367,Entregado,True
9745,8326,1,2025-12-28 13:41:26.781999072,Entregado,True
9746,8327,1,2026-01-29 19:50:06.769052304,Entregado,True
9747,8328,1,2026-08-11 18:16:23.247013609,Entregado,True
9748,8329,1,2025-02-11 22:18:19.654255832,Entregado,True
9749,8330,1,2025-10-01 16:19:29.864087598,Cliente ausente,False
9750,8330,2,2025-10-03 00:46:47.728175192,Entregado,True
9751,8331,1,2026-04-05 11:14:43.817181882,Entregado,True
9752,8332,1,2025-08-23 19:07:50.870191620,Entregado,True
9753,8333,1,2025-07-17 17:02:49.898953899,Entregado,True
9754,8334,1,2026-05-28 06:06:10.020245281,Entregado,True
9755,8335,1,2026-06-21 11:45:43.654575582,Entregado,True
9756,8336,1,2025-05-31 05:33:00.650225667,Entregado,True
9757,8337,1,2026-08-01 15:04:17.568930010,Entregado,True
9758,8338,1,2026-04-06 03:11:10.282313734,Entregado,True
9759,8339,1,2025-03-09 03:14:00.302245857,Entregado,True
9760,8340,1,2025-02-03 00:16:10.696507021,Entregado,True
9761,8341,1,2025-04-19 17:44:20.128619778,Entregado,True
9762,8342,1,2026-02-13 18:29:51.123795385,Entregado,True
9763,8343,1,2025-01-12 15:29:46.911569910,Reprogramado,False
9764,8343,2,2025-01-13 18:55:57.823139820,Entregado,True
9765,8344,1,2026-08-11 04:09:52.077863322,Entregado,True
9766,8345,1,2025-12-14 08:02:31.142184658,Reprogramado,False
9767,8345,2,2025-12-15 08:21:14.284369317,Entregado,True
9768,8346,1,2025-09-11 12:54:33.194533921,Cliente ausente,False
9769,8346,2,2025-09-12 11:45:30.389067846,Entregado,True
9770,8347,1,2025-05-01 12:12:32.170080744,Entregado,True
9771,8348,1,2026-06-05 18:15:05.318497198,Entregado,True
9772,8349,1,2025-08-06 12:43:09.780943335,Entregado,True
9773,8350,1,2025-03-26 06:01:28.098204769,Entregado,True
9774,8351,1,2026-02-25 06:18:05.546892088,Entregado,True
9775,8352,1,2026-08-08 01:36:57.489213409,Entregado,True
9776,8353,1,2025-10-16 15:18:16.103869948,Entregado,True
9777,8354,1,2025-09-19 18:47:55.771567965,Entregado,True
9778,8355,1,2025-01-25 03:32:42.874989752,Entregado,True
9779,8356,1,2025-03-22 05:57:28.707072231,Entregado,True
9780,8357,1,2025-01-15 06:13:05.450154722,Cliente ausente,False
9781,8357,2,2025-01-16 08:59:10.900309444,Entregado,True
9782,8358,1,2025-05-31 16:05:25.801101754,Entregado,True
9783,8359,1,2025-01-30 23:59:05.636572688,Reprogramado,False
9784,8359,2,2025-01-31 13:52:11.273145376,Entregado,True
9785,8360,1,2026-03-16 19:16:55.159478914,Entregado,True
9786,8361,1,2026-06-18 01:59:50.981656963,Entregado,True
9787,8362,1,2025-03-07 19:10:07.523170482,Entregado,True
9788,8363,1,2026-03-07 16:52:03.739736542,Entregado,True
9789,8364,1,2025-05-17 06:50:20.767002230,Entregado,True
9790,8365,1,2025-06-10 20:21:21.716772156,Entregado,True
9791,8366,1,2026-07-25 20:51:27.713552425,Entregado,True
9792,8367,1,2025-09-13 05:17:01.851469656,Entregado,True
9793,8368,1,2025-07-07 11:23:21.071325789,Cliente ausente,False
9794,8368,2,2025-07-08 09:04:06.142651575,Entregado,True
9795,8369,1,2026-01-17 00:52:52.513380170,Entregado,True
9796,8370,1,2025-11-24 05:18:56.060861688,Entregado,True
9797,8371,1,2025-07-20 20:32:04.882383196,Entregado,True
9798,8372,1,2025-06-24 06:42:58.005281311,Entregado,True
9799,8373,1,2025-11-14 22:30:54.013901227,Entregado,True
9800,8374,1,2025-01-09 00:27:23.350415940,Entregado,True
9801,8375,1,2025-09-15 05:28:01.260789848,Entregado,True
9802,8376,1,2025-11-19 04:43:49.873945623,Entregado,True
9803,8377,1,2025-09-08 15:44:59.463210076,Entregado,True
9804,8378,1,2025-01-05 09:54:27.984501280,Entregado,True
9805,8379,1,2026-05-30 13:58:20.179962426,Entregado,True
9806,8380,1,2026-05-24 02:02:12.974042972,Entregado,True
9807,8381,1,2025-02-01 06:23:32.015116946,Cliente ausente,False
9808,8381,2,2025-02-02 07:23:04.030233896,Domicilio incorrecto,False
9809,8381,3,2025-02-03 08:22:36.045350842,Entregado,True
9810,8382,1,2025-10-05 12:37:09.068835597,Entregado,True
9811,8383,1,2025-11-23 04:11:35.594101946,Entregado,True
9812,8384,1,2025-06-26 22:32:20.716928548,Entregado,True
9813,8385,1,2025-10-18 03:08:54.526591532,Entregado,True
9814,8386,1,2025-09-01 17:18:55.061670416,Entregado,True
9815,8387,1,2026-05-18 21:03:10.309946540,Entregado,True
9816,8388,1,2025-07-28 03:41:40.200889603,Entregado,True
9817,8389,1,2026-04-07 05:27:55.907250062,Entregado,True
9818,8390,1,2026-01-23 12:10:21.947057223,Entregado,True
9819,8391,1,2025-12-01 11:09:42.330184945,Entregado,True
9820,8392,1,2025-06-16 23:50:59.890129605,Entregado,True
9821,8393,1,2025-06-12 04:43:09.174212468,Entregado,True
9822,8394,1,2025-01-07 03:23:41.109317008,Cliente ausente,False
9823,8394,2,2025-01-08 03:19:46.218634017,Acceso restringido,False
9824,8394,3,2025-01-09 03:15:51.327951030,Entregado,True
9825,8395,1,2025-07-28 16:15:43.405596968,Entregado,True
9826,8396,1,2026-06-18 14:09:17.655780290,Entregado,True
9827,8397,1,2025-04-12 01:43:32.158515511,Entregado,True
9828,8398,1,2025-02-16 01:17:08.580316415,Cliente ausente,False
9829,8398,2,2025-02-17 13:52:53.160632832,Entregado,True
9830,8399,1,2026-04-05 03:51:39.969981320,Entregado,True
9831,8400,1,2025-08-16 16:02:14.341846473,Entregado,True
9832,8401,1,2025-11-15 00:39:05.497124130,Entregado,True
9833,8402,1,2025-02-22 16:48:48.551415714,Entregado,True
9834,8403,1,2025-05-30 22:42:51.819219673,Entregado,True
9835,8404,1,2025-10-09 04:48:19.200055626,Entregado,True
9836,8405,1,2026-04-18 12:52:27.816213576,Entregado,True
9837,8406,1,2025-10-24 19:42:37.516822509,Entregado,True
9838,8407,1,2026-05-17 11:55:48.000000000,Entregado,True
9839,8408,1,2025-07-25 05:21:04.885944512,Entregado,True
9840,8409,1,2026-08-08 14:09:31.884698019,Acceso restringido,False
9841,8409,2,2026-08-10 16:42:27.769396042,Entregado,True
9842,8410,1,2026-03-01 01:36:11.350372132,Entregado,True
9843,8411,1,2026-06-06 19:13:22.503450968,Entregado,True
9844,8412,1,2025-03-16 12:39:10.092755307,Entregado,True
9845,8413,1,2025-12-14 00:46:23.154915903,Entregado,True
9846,8414,1,2025-01-30 18:42:39.005676810,Entregado,True
9847,8415,1,2025-06-22 07:16:58.274964624,Entregado,True
9848,8416,1,2026-08-12 03:17:15.819681422,Entregado,True
9849,8417,1,2026-06-30 14:28:16.155793297,Entregado,True
9850,8418,1,2026-07-01 03:18:02.732134154,Entregado,True
9851,8419,1,2025-11-09 00:05:05.021807636,Entregado,True
9852,8420,1,2025-07-04 13:42:24.825613161,Entregado,True
9853,8421,1,2026-03-14 19:41:42.279295578,Domicilio incorrecto,False
9854,8421,2,2026-03-15 09:37:48.558591152,Domicilio incorrecto,False
9855,8421,3,2026-03-15 23:33:54.837886730,Entregado,True
9856,8422,1,2026-04-23 13:52:45.922657767,Entregado,True
9857,8423,1,2026-06-29 06:32:10.970812680,Entregado,True
9858,8424,1,2026-08-19 19:46:16.900945532,Reprogramado,False
9859,8424,2,2026-08-21 10:15:45.801891068,Entregado,True
9860,8425,1,2025-03-01 03:14:18.823109222,Entregado,True
9861,8426,1,2025-06-25 04:36:22.187789676,Entregado,True
9862,8427,1,2025-11-24 19:18:06.880391215,Entregado,True
9863,8428,1,2025-11-22 20:14:14.677626300,Entregado,True
9864,8429,1,2025-07-05 06:20:57.328024290,Entregado,True
9865,8430,1,2025-07-07 21:26:20.271647238,Entregado,True
9866,8431,1,2025-09-27 03:23:19.087061420,Entregado,True
9867,8432,1,2025-11-27 12:31:49.779007021,Entregado,True
9868,8433,1,2026-01-05 05:30:16.229759439,Entregado,True
9869,8434,1,2025-01-24 19:52:47.013350502,Entregado,True
9870,8435,1,2025-07-18 20:07:18.090865696,Entregado,True
9871,8436,1,2026-05-06 18:38:56.077492833,Entregado,True
9872,8437,1,2025-12-01 05:54:29.140052504,Entregado,True
9873,8438,1,2025-11-20 21:21:16.167895099,Entregado,True
9874,8439,1,2026-03-25 12:32:54.003842793,Entregado,True
9875,8440,1,2026-01-14 01:47:08.012980982,Entregado,True
9876,8441,1,2025-07-25 02:29:11.534448058,Entregado,True
9877,8442,1,2025-04-03 20:37:30.551692584,Entregado,True
9878,8443,1,2025-06-28 21:15:37.129368290,Entregado,True
9879,8444,1,2025-02-03 15:09:30.958277576,Entregado,True
9880,8445,1,2025-03-12 02:53:52.155259378,Cliente ausente,False
9881,8445,2,2025-03-12 21:45:20.310518757,Entregado,True
9882,8446,1,2025-03-14 11:46:34.149415339,Entregado,True
9883,8447,1,2025-06-09 07:34:11.045066757,Entregado,True
9884,8448,1,2025-11-24 23:12:13.559743029,Entregado,True
9885,8449,1,2025-02-07 00:23:26.309360346,Entregado,True
9886,8450,1,2026-04-26 08:41:58.418212941,Entregado,True
9887,8451,1,2026-04-06 18:32:56.572100433,Domicilio incorrecto,False
9888,8451,2,2026-04-07 20:37:05.144200863,Entregado,True
9889,8452,1,2026-02-22 01:55:56.479986156,Entregado,True
9890,8453,1,2026-07-27 12:02:50.895328711,Entregado,True
9891,8454,1,2026-02-25 06:38:32.629364815,Entregado,True
9892,8455,1,2026-05-30 02:36:24.536794140,Entregado,True
9893,8456,1,2026-01-06 14:13:48.499291621,Entregado,True
9894,8457,1,2025-07-27 01:34:51.696588338,Cliente ausente,False
9895,8457,2,2025-07-27 15:19:55.393176676,Cliente ausente,False
9896,8457,3,2025-07-28 05:04:59.089765011,Entregado,True
9897,8458,1,2025-12-31 06:02:29.190175810,Entregado,True
9898,8459,1,2026-03-15 15:44:50.164939230,Entregado,True
9899,8460,1,2026-08-03 06:30:45.013249123,Entregado,True
9900,8461,1,2025-09-28 09:46:13.871445560,Entregado,True
9901,8462,1,2025-08-21 12:59:22.928885883,Domicilio incorrecto,False
9902,8462,2,2025-08-21 19:55:45.857771763,Entregado,True
9903,8463,1,2025-04-17 07:41:30.876969368,Entregado,True
9904,8464,1,2025-01-19 02:05:33.852683475,Domicilio incorrecto,False
9905,8464,2,2025-01-19 18:52:31.705366951,Entregado,True
9906,8465,1,2026-05-15 14:29:04.175687104,Entregado,True
9907,8466,1,2025-09-18 10:22:39.278323808,Cliente ausente,False
9908,8466,2,2025-09-19 11:54:54.556647616,Reprogramado,False
9909,8466,3,2025-09-20 13:27:09.834971421,Entregado,True
9910,8467,1,2026-05-02 08:22:40.745669851,Entregado,True
9911,8468,1,2025-04-13 09:14:21.694349511,Entregado,True
9912,8469,1,2026-06-24 04:31:13.047876458,Entregado,True
9913,8470,1,2026-04-24 19:14:10.513169736,Entregado,True
9914,8471,1,2026-02-07 03:53:21.021417254,Entregado,True
9915,8472,1,2025-12-18 01:32:04.840442595,Entregado,True
9916,8473,1,2025-08-05 02:14:39.247570791,Entregado,True
9917,8474,1,2026-01-21 16:49:09.904400443,Entregado,True
9918,8475,1,2025-05-08 10:42:01.955593368,Entregado,True
9919,8476,1,2025-10-21 09:32:47.030151721,Entregado,True
9920,8477,1,2025-11-25 06:24:01.762025162,Entregado,True
9921,8478,1,2026-07-22 08:31:24.262861540,Entregado,True
9922,8479,1,2025-04-12 13:49:48.435103095,Entregado,True
9923,8480,1,2025-10-29 14:42:29.095232396,Entregado,True
9924,8481,1,2025-02-02 15:34:55.553851254,Entregado,True
9925,8482,1,2025-03-17 12:41:33.105427051,Entregado,True
9926,8483,1,2025-06-24 23:44:52.573296822,Entregado,True
9927,8484,1,2025-03-26 06:47:13.249722343,Entregado,True
9928,8485,1,2026-08-09 15:44:05.386859055,Entregado,True
9929,8486,1,2025-10-20 07:07:11.963922783,Entregado,True
9930,8487,1,2025-03-28 01:38:59.655834908,Entregado,True
9931,8488,1,2025-09-12 14:04:03.781660184,Entregado,True
9932,8489,1,2026-06-07 05:33:59.268354523,Entregado,True
9933,8490,1,2026-04-01 17:31:15.101129143,Entregado,True
9934,8491,1,2025-11-07 22:10:14.256243068,Entregado,True
9935,8492,1,2025-07-04 12:17:04.504109920,Entregado,True
9936,8493,1,2025-11-13 19:15:30.996078105,Entregado,True
9937,8494,1,2025-12-08 05:44:34.956033183,Cliente ausente,False
9938,8494,2,2025-12-08 19:16:33.912066367,Entregado,True
9939,8495,1,2025-08-18 19:31:49.972484730,Entregado,True
9940,8496,1,2025-09-23 19:28:42.504094376,Entregado,True
9941,8497,1,2026-03-28 23:52:59.571380740,Entregado,True
9942,8498,1,2025-09-08 15:49:10.591087933,Reprogramado,False
9943,8498,2,2025-09-08 20:10:09.182175866,Reprogramado,False
9944,8498,3,2025-09-09 00:31:07.773263799,Entregado,True
9945,8499,1,2026-02-12 19:58:16.065209251,Entregado,True
9946,8500,1,2025-06-21 11:05:52.164104038,Entregado,True
9947,8501,1,2026-07-22 22:32:23.868765052,Entregado,True
9948,8502,1,2025-05-13 18:43:08.844570958,Domicilio incorrecto,False
9949,8502,2,2025-05-15 03:22:05.689141921,Entregado,True
9950,8503,1,2026-08-31 15:55:55.165884636,Entregado,True
9951,8504,1,2025-02-19 01:32:26.135672326,Entregado,True
9952,8505,1,2025-04-10 03:36:49.088688811,Entregado,True
9953,8506,1,2025-02-07 13:40:13.336504680,Entregado,True
9954,8507,1,2026-03-15 23:52:07.870575820,Entregado,True
9955,8508,1,2025-03-16 23:18:22.432399671,Entregado,True
9956,8509,1,2025-03-01 11:11:12.011350444,Entregado,True
9957,8510,1,2025-01-20 10:49:35.783315389,Entregado,True
9958,8511,1,2025-07-09 08:23:59.881085491,Entregado,True
9959,8512,1,2025-05-22 23:46:12.382510832,Entregado,True
9960,8513,1,2025-05-23 22:44:19.544530938,Entregado,True
9961,8514,1,2025-04-19 06:59:36.116965240,Entregado,True
9962,8515,1,2025-08-13 13:52:10.451481056,Entregado,True
9963,8516,1,2025-05-28 13:59:21.123922275,Entregado,True
9964,8517,1,2026-05-26 04:42:02.338174944,Entregado,True
9965,8518,1,2026-01-13 20:35:48.424229264,Entregado,True
9966,8519,1,2025-01-08 19:29:48.464333494,Entregado,True
9967,8520,1,2026-01-25 12:31:53.311463374,Entregado,True
9968,8521,1,2026-07-17 08:23:02.531472500,Entregado,True
9969,8522,1,2025-06-14 07:04:24.350476544,Entregado,True
9970,8523,1,2026-01-02 16:17:31.873362057,Entregado,True
9971,8524,1,2026-02-22 02:00:24.025220982,Reprogramado,False
9972,8524,2,2026-02-22 20:39:48.050441960,Entregado,True
9973,8525,1,2026-05-27 15:21:57.830199512,Entregado,True
9974,8526,1,2026-06-03 00:53:10.323831091,Reprogramado,False
9975,8526,2,2026-06-04 08:06:08.647662182,Entregado,True
9976,8527,1,2025-07-19 07:09:00.157811666,Entregado,True
9977,8528,1,2025-11-27 12:40:12.678804271,Reprogramado,False
9978,8528,2,2025-11-28 19:17:25.357608542,Entregado,True
9979,8529,1,2026-01-14 14:07:52.496606636,Entregado,True
9980,8530,1,2025-08-02 21:08:32.686761299,Entregado,True
9981,8531,1,2025-06-10 16:30:25.119082832,Entregado,True
9982,8532,1,2026-07-26 21:13:15.274760466,Entregado,True
9983,8533,1,2025-12-24 16:52:35.137104510,Entregado,True
9984,8534,1,2025-08-30 10:10:52.930023420,Entregado,True
9985,8535,1,2025-03-21 19:06:58.233695497,Entregado,True
9986,8536,1,2025-06-03 15:55:37.666544721,Entregado,True
9987,8537,1,2026-06-03 08:37:49.762041661,Entregado,True
9988,8538,1,2026-01-19 07:35:35.046374445,Entregado,True
9989,8539,1,2025-12-20 05:10:16.196371384,Entregado,True
9990,8540,1,2025-07-20 22:31:12.931719416,Domicilio incorrecto,False
9991,8540,2,2025-07-21 14:01:49.863438829,Entregado,True
9992,8541,1,2025-05-13 12:58:48.000000000,Entregado,True
9993,8542,1,2025-06-20 10:07:45.433336749,Entregado,True
9994,8543,1,2026-01-30 09:09:32.695280233,Entregado,True
9995,8544,1,2026-01-24 08:39:32.712609920,Entregado,True
9996,8545,1,2026-01-14 00:54:41.127781651,Entregado,True
9997,8546,1,2025-12-06 15:50:07.406024420,Cliente ausente,False
9998,8546,2,2025-12-07 04:49:14.812048840,Entregado,True
9999,8547,1,2026-06-17 06:54:26.347801993,Entregado,True
10000,8548,1,2025-05-16 08:39:02.161663300,Entregado,True
10001,8549,1,2026-09-03 15:11:14.984324502,Entregado,True
10002,8550,1,2025-07-31 00:49:50.213133951,Cliente ausente,False
10003,8550,2,2025-08-01 19:39:40.426267903,Entregado,True
10004,8551,1,2025-01-08 11:32:04.223241138,Entregado,True
10005,8552,1,2026-01-15 10:59:18.760574695,Entregado,True
10006,8553,1,2025-02-24 03:37:29.142278724,Entregado,True
10007,8554,1,2026-05-16 06:39:04.455576424,Entregado,True
10008,8555,1,2025-07-18 18:03:57.971731096,Entregado,True
10009,8556,1,2026-03-20 17:13:04.105611876,Entregado,True
10010,8557,1,2025-06-29 20:15:56.101718707,Entregado,True
10011,8558,1,2025-09-01 07:06:31.724862206,Entregado,True
10012,8559,1,2025-11-18 06:02:08.411216589,Entregado,True
10013,8560,1,2026-05-17 08:32:37.460326783,Cliente ausente,False
10014,8560,2,2026-05-18 12:59:50.920653566,Entregado,True
10015,8561,1,2025-01-25 17:59:06.262268791,Acceso restringido,False
10016,8561,2,2025-01-28 06:17:24.524537582,Entregado,True
10017,8562,1,2026-08-19 22:12:52.782925060,Entregado,True
10018,8563,1,2025-06-30 16:39:36.613361430,Entregado,True
10019,8564,1,2025-06-27 00:45:27.333070537,Entregado,True
10020,8565,1,2025-07-19 04:48:00.982158793,Entregado,True
10021,8566,1,2026-06-23 14:36:39.259555527,Entregado,True
10022,8567,1,2026-04-02 07:23:08.027807690,Entregado,True
10023,8568,1,2025-04-12 04:11:06.290206062,Entregado,True
10024,8569,1,2026-03-06 10:21:06.474541446,Entregado,True
10025,8570,1,2026-04-02 20:59:14.026320347,Entregado,True
10026,8571,1,2025-07-13 14:31:37.136868470,Entregado,True
10027,8572,1,2026-08-03 03:49:57.399300750,Cliente ausente,False
10028,8572,2,2026-08-04 18:03:18.798601503,Entregado,True
10029,8573,1,2025-07-13 11:44:46.208000389,Entregado,True
10030,8574,1,2025-05-22 14:27:37.341806187,Cliente ausente,False
10031,8574,2,2025-05-23 19:30:02.683612375,Entregado,True
10032,8575,1,2026-02-25 15:59:56.971880714,Reprogramado,False
10033,8575,2,2026-02-26 15:58:05.943761425,Entregado,True
10034,8576,1,2026-03-21 02:44:28.520621390,Entregado,True
10035,8577,1,2026-06-16 01:06:15.777139780,Entregado,True
10036,8578,1,2026-06-19 22:08:29.367797672,Entregado,True
10037,8579,1,2026-03-23 07:37:17.162837004,Entregado,True
10038,8580,1,2026-07-13 07:32:21.727842529,Entregado,True
10039,8581,1,2025-12-27 06:51:15.966990018,Entregado,True
10040,8582,1,2026-07-16 10:34:56.240798196,Entregado,True
10041,8583,1,2025-03-02 04:15:28.760283122,Entregado,True
10042,8584,1,2025-06-18 04:08:31.155270669,Entregado,True
10043,8585,1,2026-08-29 00:10:15.828548703,Entregado,True
10044,8586,1,2025-09-21 23:20:23.037244004,Domicilio incorrecto,False
10045,8586,2,2025-09-23 10:22:46.074488012,Entregado,True
10046,8587,1,2026-03-10 22:27:48.919365885,Entregado,True
10047,8588,1,2025-07-18 05:28:54.375350700,Entregado,True
10048,8589,1,2025-12-22 13:31:47.098791667,Entregado,True
10049,8590,1,2025-02-18 22:03:30.556235494,Entregado,True
10050,8591,1,2025-11-07 21:35:28.258052434,Entregado,True
10051,8592,1,2025-08-22 12:24:42.691930963,Entregado,True
10052,8593,1,2026-02-16 21:53:15.946809507,Entregado,True
10053,8594,1,2025-11-13 19:26:49.513472674,Entregado,True
10054,8595,1,2025-03-18 21:01:12.000000000,Entregado,True
10055,8596,1,2025-03-06 04:27:47.240242117,Entregado,True
10056,8597,1,2026-07-29 00:29:45.086605458,Entregado,True
10057,8598,1,2025-08-28 09:56:24.992122596,Entregado,True
10058,8599,1,2026-07-24 10:54:22.931871177,Domicilio incorrecto,False
10059,8599,2,2026-07-26 14:52:21.863742355,Entregado,True
10060,8600,1,2025-03-21 02:24:22.747634906,Entregado,True
10061,8601,1,2026-07-14 12:32:53.499388866,Entregado,True
10062,8602,1,2026-02-22 12:53:03.617413008,Reprogramado,False
10063,8602,2,2026-02-24 19:45:31.234826016,Entregado,True
10064,8603,1,2025-01-26 01:57:51.414584284,Entregado,True
10065,8604,1,2025-02-01 13:21:46.585430906,Entregado,True
10066,8605,1,2026-05-08 17:45:59.124846855,Entregado,True
10067,8606,1,2025-05-17 09:08:18.891871281,Entregado,True
10068,8607,1,2025-12-18 22:50:49.471466701,Cliente ausente,False
10069,8607,2,2025-12-20 16:32:02.942933402,Entregado,True
10070,8608,1,2025-12-17 07:44:17.049154470,Entregado,True
10071,8609,1,2025-10-09 05:51:56.961340848,Reprogramado,False
10072,8609,2,2025-10-09 23:39:05.922681696,Entregado,True
10073,8610,1,2026-04-24 03:09:03.683746123,Entregado,True
10074,8611,1,2025-10-22 04:10:07.632522426,Entregado,True
10075,8612,1,2025-07-11 21:53:57.033768282,Entregado,True
10076,8613,1,2026-08-06 17:27:11.594195586,Entregado,True
10077,8614,1,2026-02-28 23:43:57.363136729,Entregado,True
10078,8615,1,2026-04-16 23:35:23.900049110,Entregado,True
10079,8616,1,2025-07-27 06:28:33.916577775,Entregado,True
10080,8617,1,2025-09-01 04:33:23.974162185,Cliente ausente,False
10081,8617,2,2025-09-01 17:31:23.948324371,Entregado,True
10082,8618,1,2025-11-02 15:40:12.000000000,Entregado,True
10083,8619,1,2025-07-04 23:45:53.632096408,Cliente ausente,False
10084,8619,2,2025-07-06 11:19:11.264192817,Entregado,True
10085,8620,1,2026-04-25 15:22:23.636135985,Entregado,True
10086,8621,1,2026-05-21 23:33:33.872483379,Entregado,True
10087,8622,1,2025-05-10 11:38:50.572510648,Entregado,True
10088,8623,1,2026-03-30 10:37:21.203660442,Entregado,True
10089,8624,1,2025-08-21 14:59:34.409724003,Entregado,True
10090,8625,1,2025-02-12 21:00:44.590300574,Entregado,True
10091,8626,1,2026-01-30 19:55:06.368241583,Entregado,True
10092,8627,1,2025-12-07 02:15:47.033572885,Cliente ausente,False
10093,8627,2,2025-12-07 19:03:22.067145766,Entregado,True
10094,8628,1,2025-12-14 21:03:21.462037581,Entregado,True
10095,8629,1,2025-03-28 19:40:48.000000000,Entregado,True
10096,8630,1,2026-06-30 00:56:29.806638846,Cliente ausente,False
10097,8630,2,2026-06-30 19:22:23.613277692,Entregado,True
10098,8631,1,2025-12-05 10:55:48.000000000,Cliente ausente,False
10099,8631,2,2025-12-05 13:55:48.000000000,Entregado,True
10100,8632,1,2025-07-21 21:21:53.680373715,Entregado,True
10101,8633,1,2025-10-04 03:27:19.502614303,Entregado,True
10102,8634,1,2026-03-30 02:41:48.110383910,Entregado,True
10103,8635,1,2025-04-20 19:52:29.393726260,Entregado,True
10104,8636,1,2026-01-16 11:23:14.827291922,Entregado,True
10105,8637,1,2025-07-21 14:49:53.858862138,Entregado,True
10106,8638,1,2025-01-04 06:32:42.892291428,Entregado,True
10107,8639,1,2025-05-03 18:47:35.468957918,Entregado,True
10108,8640,1,2025-05-31 08:15:49.865460213,Entregado,True
10109,8641,1,2025-06-04 22:11:21.419774739,Entregado,True
10110,8642,1,2026-07-21 17:14:25.535322402,Entregado,True
10111,8643,1,2025-11-05 06:28:03.722660367,Entregado,True
10112,8644,1,2026-04-23 15:03:41.528619558,Entregado,True
10113,8645,1,2025-12-31 04:31:07.367997684,Cliente ausente,False
10114,8645,2,2026-01-01 01:58:38.735995364,Entregado,True
10115,8646,1,2025-03-13 22:55:25.688447457,Entregado,True
10116,8647,1,2025-02-05 03:19:23.646912708,Entregado,True
10117,8648,1,2025-06-08 18:20:26.556155030,Entregado,True
10118,8649,1,2025-11-28 12:03:59.658807376,Cliente ausente,False
10119,8649,2,2025-11-30 17:11:35.317614749,Entregado,True
10120,8650,1,2025-06-12 15:12:49.819097328,Entregado,True
10121,8651,1,2026-06-23 20:22:48.000000000,Entregado,True
10122,8652,1,2025-08-19 17:02:49.893968256,Entregado,True
10123,8653,1,2025-09-10 23:04:31.952312216,Domicilio incorrecto,False
10124,8653,2,2025-09-11 23:35:27.904624432,Cliente ausente,False
10125,8653,3,2025-09-13 00:06:23.856936649,Entregado,True
10126,8654,1,2026-01-04 09:03:56.552801058,Entregado,True
10127,8655,1,2025-09-22 20:00:32.719221720,Entregado,True
10128,8656,1,2026-06-23 15:52:35.664873801,Entregado,True
10129,8657,1,2025-02-13 10:05:19.407399446,Reprogramado,False
10130,8657,2,2025-02-14 07:46:38.814798892,Entregado,True
10131,8658,1,2026-06-17 21:27:00.941342763,Entregado,True
10132,8659,1,2025-01-18 18:13:08.005856376,Entregado,True
10133,8660,1,2025-04-18 05:29:01.416708996,Entregado,True
10134,8661,1,2025-07-25 11:16:54.911427956,Entregado,True
10135,8662,1,2025-03-02 10:07:34.825788620,Entregado,True
10136,8663,1,2025-02-20 04:16:07.417750281,Entregado,True
10137,8664,1,2025-10-08 09:30:33.769913392,Entregado,True
10138,8665,1,2026-02-19 23:01:16.816658152,Entregado,True
10139,8666,1,2025-04-27 13:19:59.123331087,Entregado,True
10140,8667,1,2025-10-24 10:35:50.605671904,Acceso restringido,False
10141,8667,2,2025-10-25 13:08:05.211343809,Entregado,True
10142,8668,1,2026-03-17 12:29:59.499009186,Entregado,True
10143,8669,1,2025-09-25 18:32:34.346399208,Entregado,True
10144,8670,1,2025-06-14 11:21:30.876670375,Entregado,True
10145,8671,1,2026-05-21 07:37:13.547025375,Cliente ausente,False
10146,8671,2,2026-05-23 02:44:27.094050754,Entregado,True
10147,8672,1,2025-02-06 21:39:01.225609729,Reprogramado,False
10148,8672,2,2025-02-08 12:36:38.451219458,Entregado,True
10149,8673,1,2026-08-13 06:46:04.256475211,Entregado,True
10150,8674,1,2026-04-06 14:45:45.877181238,Entregado,True
10151,8675,1,2026-01-08 22:40:22.897816518,Entregado,True
10152,8676,1,2026-05-03 17:19:12.916376331,Entregado,True
10153,8677,1,2025-10-02 06:45:10.623342099,Entregado,True
10154,8678,1,2025-06-29 00:51:58.567690899,Entregado,True
10155,8679,1,2026-04-26 16:35:56.116424871,Entregado,True
10156,8680,1,2025-06-10 01:01:31.205867908,Entregado,True
10157,8681,1,2025-10-05 12:39:00.000000000,Entregado,True
10158,8682,1,2026-06-06 21:27:24.268839940,Entregado,True
10159,8683,1,2026-05-29 14:16:09.138292518,Entregado,True
10160,8684,1,2025-12-11 12:40:39.087134479,Entregado,True
10161,8685,1,2026-01-10 23:17:57.371861011,Entregado,True
10162,8686,1,2026-01-07 19:15:41.623815055,Entregado,True
10163,8687,1,2025-08-06 00:43:46.880619549,Entregado,True
10164,8688,1,2026-05-28 06:20:13.615725667,Entregado,True
10165,8689,1,2026-07-27 03:39:39.215657088,Entregado,True
10166,8690,1,2025-11-26 17:27:49.698665010,Entregado,True
10167,8691,1,2026-01-17 05:44:47.707807948,Entregado,True
10168,8692,1,2026-05-30 08:31:26.742422715,Entregado,True
10169,8693,1,2025-11-22 13:12:02.359129633,Entregado,True
10170,8694,1,2026-01-08 01:28:36.190453778,Entregado,True
10171,8695,1,2025-08-13 04:25:58.695716884,Entregado,True
10172,8696,1,2026-03-15 05:15:38.928642984,Entregado,True
10173,8697,1,2026-01-06 08:46:11.356906260,Entregado,True
10174,8698,1,2025-03-06 21:53:07.920647619,Entregado,True
10175,8699,1,2025-04-12 22:32:01.969577433,Entregado,True
10176,8700,1,2025-08-15 03:12:45.375549836,Entregado,True
10177,8701,1,2025-03-18 01:47:25.673356143,Reprogramado,False
10178,8701,2,2025-03-19 17:54:39.346712283,Entregado,True
10179,8702,1,2025-07-06 22:29:56.033268770,Entregado,True
10180,8703,1,2025-10-22 04:08:50.042550688,Entregado,True
10181,8704,1,2025-09-07 19:21:47.475274222,Entregado,True
10182,8705,1,2026-04-17 16:37:51.136355766,Entregado,True
10183,8706,1,2025-12-26 23:18:50.336760751,Entregado,True
10184,8707,1,2026-07-11 07:37:35.153050504,Entregado,True
10185,8708,1,2026-02-13 00:39:24.756996898,Cliente ausente,False
10186,8708,2,2026-02-13 19:48:49.513993797,Entregado,True
10187,8709,1,2026-04-21 09:37:02.886646659,Domicilio incorrecto,False
10188,8709,2,2026-04-23 02:27:17.773293315,Entregado,True
10189,8710,1,2026-03-23 15:49:06.863385867,Entregado,True
10190,8711,1,2025-08-21 19:17:08.726179200,Entregado,True
10191,8712,1,2025-10-29 23:55:38.558474785,Entregado,True
10192,8713,1,2026-03-05 13:59:09.657065727,Entregado,True
10193,8714,1,2025-06-13 10:09:26.938985176,Entregado,True
10194,8715,1,2026-02-07 21:32:57.633267570,Entregado,True
10195,8716,1,2026-01-13 23:22:03.826129234,Domicilio incorrecto,False
10196,8716,2,2026-01-14 15:06:55.652258469,Entregado,True
10197,8717,1,2025-09-17 13:51:50.414242323,Entregado,True
10198,8718,1,2026-05-10 15:42:09.382103888,Entregado,True
10199,8719,1,2026-05-05 19:56:56.243179186,Domicilio incorrecto,False
10200,8719,2,2026-05-07 05:27:28.486358370,Entregado,True
10201,8720,1,2026-06-13 22:35:54.179815826,Entregado,True
10202,8721,1,2025-12-25 09:28:02.967254922,Entregado,True
10203,8722,1,2026-07-21 16:15:50.735911716,Entregado,True
10204,8723,1,2025-01-09 13:26:38.609800591,Entregado,True
10205,8724,1,2025-04-03 02:24:44.684547843,Entregado,True
10206,8725,1,2025-03-06 12:36:12.557699006,Cliente ausente,False
10207,8725,2,2025-03-07 05:29:49.115398016,Entregado,True
10208,8726,1,2025-04-02 03:52:42.972749436,Entregado,True
10209,8727,1,2025-02-06 07:48:29.352096759,Entregado,True
10210,8728,1,2025-03-14 13:31:22.556294893,Entregado,True
10211,8729,1,2026-07-13 11:02:36.366813726,Entregado,True
10212,8730,1,2025-09-13 14:27:13.642751664,Entregado,True
10213,8731,1,2025-04-18 03:24:47.970593089,Entregado,True
10214,8732,1,2026-05-31 04:23:29.835150838,Entregado,True
10215,8733,1,2025-05-20 22:15:26.754252555,Entregado,True
10216,8734,1,2026-02-16 04:56:39.069180942,Entregado,True
10217,8735,1,2025-05-02 05:42:59.607699025,Cliente ausente,False
10218,8735,2,2025-05-03 07:51:11.215398051,Entregado,True
10219,8736,1,2026-04-28 09:45:10.362656268,Entregado,True
10220,8737,1,2025-04-05 02:01:38.149112845,Acceso restringido,False
10221,8737,2,2025-04-05 20:00:16.298225690,Entregado,True
10222,8738,1,2026-05-21 13:20:10.547224036,Cliente ausente,False
10223,8738,2,2026-05-22 19:42:45.094448073,Entregado,True
10224,8739,1,2025-01-08 02:43:45.398880328,Acceso restringido,False
10225,8739,2,2025-01-08 20:56:18.797760654,Entregado,True
10226,8740,1,2026-08-25 03:02:50.261892586,Entregado,True
10227,8741,1,2026-04-03 19:18:05.584818484,Entregado,True
10228,8742,1,2026-01-24 00:11:58.218689284,Entregado,True
10229,8743,1,2026-03-25 20:44:15.191743261,Entregado,True
10230,8744,1,2025-02-21 22:39:36.000000000,Entregado,True
10231,8745,1,2026-02-02 09:14:10.413004264,Cliente ausente,False
10232,8745,2,2026-02-04 02:34:56.826008526,Entregado,True
10233,8746,1,2025-08-01 02:44:25.734320825,Entregado,True
10234,8747,1,2025-10-01 21:16:07.036129020,Entregado,True
10235,8748,1,2026-07-01 04:56:35.639892078,Cliente ausente,False
10236,8748,2,2026-07-02 11:51:23.279784156,Entregado,True
10237,8749,1,2025-10-11 16:32:55.520659615,Entregado,True
10238,8750,1,2025-08-07 06:13:56.134990326,Entregado,True
10239,8751,1,2026-03-10 16:26:48.933852860,Entregado,True
10240,8752,1,2025-11-21 07:12:25.290423441,Entregado,True
10241,8753,1,2026-05-09 13:02:33.111799328,Entregado,True
10242,8754,1,2026-08-30 03:15:23.633532993,Entregado,True
10243,8755,1,2026-08-10 13:32:44.004939777,Entregado,True
10244,8756,1,2025-05-10 09:57:43.924963773,Entregado,True
10245,8757,1,2026-04-22 06:32:40.782872266,Reprogramado,False
10246,8757,2,2026-04-23 03:56:21.565744533,Entregado,True
10247,8758,1,2026-04-01 06:19:15.263511664,Entregado,True
10248,8759,1,2026-04-08 18:46:11.402475578,Entregado,True
10249,8760,1,2026-03-18 06:28:22.920649154,Entregado,True
10250,8761,1,2025-09-16 12:27:19.931845006,Entregado,True
10251,8762,1,2026-03-27 09:00:34.939040644,Entregado,True
10252,8763,1,2025-04-13 16:17:33.873735627,Cliente ausente,False
10253,8763,2,2025-04-14 05:30:55.747471251,Cliente ausente,False
10254,8763,3,2025-04-14 18:44:17.621206879,Entregado,True
10255,8764,1,2026-07-14 17:35:53.700126014,Reprogramado,False
10256,8764,2,2026-07-15 11:02:47.400252032,Entregado,True
10257,8765,1,2025-10-12 09:50:45.855222709,Reprogramado,False
10258,8765,2,2025-10-13 15:51:43.710445422,Entregado,True
10259,8766,1,2025-07-24 20:41:55.050604983,Cliente ausente,False
10260,8766,2,2025-07-26 12:38:14.101209963,Entregado,True
10261,8767,1,2025-11-23 11:40:11.787666535,Entregado,True
10262,8768,1,2025-03-01 13:01:39.444929248,Entregado,True
10263,8769,1,2025-07-29 04:10:57.679920908,Entregado,True
10264,8770,1,2026-03-08 05:28:38.527539704,Entregado,True
10265,8771,1,2025-10-28 23:04:40.971114210,Cliente ausente,False
10266,8771,2,2025-10-29 15:46:33.942228423,Entregado,True
10267,8772,1,2025-10-22 10:00:54.421206951,Entregado,True
10268,8773,1,2025-01-23 01:46:30.680203263,Entregado,True
10269,8774,1,2025-05-18 01:24:18.613477000,Entregado,True
10270,8775,1,2026-01-05 16:10:11.735266598,Cliente ausente,False
10271,8775,2,2026-01-07 06:14:23.470533200,Entregado,True
10272,8776,1,2026-03-15 03:20:26.038151160,Entregado,True
10273,8777,1,2025-02-01 17:53:32.960036295,Entregado,True
10274,8778,1,2026-03-27 02:07:14.284454052,Entregado,True
10275,8779,1,2025-08-15 23:03:15.159919467,Entregado,True
10276,8780,1,2026-01-23 21:05:06.312745755,Entregado,True
10277,8781,1,2026-03-06 21:18:34.130827605,Acceso restringido,False
10278,8781,2,2026-03-07 23:10:44.261655214,Acceso restringido,False
10279,8781,3,2026-03-09 01:02:54.392482820,Entregado,True
10280,8782,1,2026-06-15 10:31:43.579097432,Entregado,True
10281,8783,1,2025-02-01 03:24:59.344466828,Entregado,True
10282,8784,1,2026-05-16 15:11:56.188792341,Entregado,True
10283,8785,1,2025-07-08 10:13:15.318073722,Entregado,True
10284,8786,1,2026-01-09 10:32:34.601005046,Entregado,True
10285,8787,1,2025-05-21 13:04:49.748847963,Entregado,True
10286,8788,1,2025-12-04 15:41:15.800058016,Entregado,True
10287,8789,1,2025-08-06 00:22:41.713396672,Entregado,True
10288,8790,1,2025-10-23 00:22:33.631762663,Entregado,True
10289,8791,1,2026-07-25 11:06:19.249530944,Entregado,True
10290,8792,1,2026-01-07 10:18:47.150110490,Entregado,True
10291,8793,1,2026-07-05 12:28:11.076483813,Cliente ausente,False
10292,8793,2,2026-07-06 23:23:22.152967627,Entregado,True
10293,8794,1,2025-10-24 04:09:10.771540063,Cliente ausente,False
10294,8794,2,2025-10-25 01:08:09.543080130,Entregado,True
10295,8795,1,2026-08-18 03:20:17.674078930,Entregado,True
10296,8796,1,2026-02-26 22:31:46.907068206,Entregado,True
10297,8797,1,2025-12-29 13:03:21.776046937,Reprogramado,False
10298,8797,2,2025-12-31 10:02:31.552093874,Entregado,True
10299,8798,1,2025-06-09 01:50:49.390504388,Entregado,True
10300,8799,1,2025-03-18 09:58:24.043967727,Cliente ausente,False
10301,8799,2,2025-03-20 01:19:36.087935455,Entregado,True
10302,8800,1,2026-01-10 13:50:06.025306124,Entregado,True
10303,8801,1,2026-07-23 17:27:33.358263030,Entregado,True
10304,8802,1,2026-06-07 14:56:52.049263502,Entregado,True
10305,8803,1,2025-04-16 23:09:46.003086334,Cliente ausente,False
10306,8803,2,2025-04-17 10:23:08.006172666,Entregado,True
10307,8804,1,2026-01-05 22:31:01.697893179,Entregado,True
10308,8805,1,2026-02-07 09:57:22.805705574,Reprogramado,False
10309,8805,2,2026-02-08 05:17:33.611411151,Entregado,True
10310,8806,1,2025-04-14 19:50:50.468281357,Cliente ausente,False
10311,8806,2,2025-04-16 03:56:40.936562718,Entregado,True
10312,8807,1,2025-11-23 00:35:56.700636122,Entregado,True
10313,8808,1,2026-01-12 01:55:05.468193670,Entregado,True
10314,8809,1,2025-02-03 20:39:08.924664340,Entregado,True
10315,8810,1,2026-03-01 12:05:27.101364846,Entregado,True
10316,8811,1,2025-09-30 20:31:41.678179255,Entregado,True
10317,8812,1,2025-03-18 07:30:10.669557754,Entregado,True
10318,8813,1,2025-07-04 01:34:05.691259682,Entregado,True
10319,8814,1,2025-06-05 12:45:58.112285154,Entregado,True
10320,8815,1,2026-05-27 23:50:44.482444008,Entregado,True
10321,8816,1,2025-03-12 16:45:25.181087511,Entregado,True
10322,8817,1,2026-01-10 02:31:30.712154311,Entregado,True
10323,8818,1,2025-12-17 03:33:21.677124974,Entregado,True
10324,8819,1,2025-02-02 21:35:29.395361227,Entregado,True
10325,8820,1,2025-03-24 02:23:15.851909392,Entregado,True
10326,8821,1,2025-09-16 23:00:10.397327223,Cliente ausente,False
10327,8821,2,2025-09-17 17:12:56.794654447,Entregado,True
10328,8822,1,2026-05-14 11:20:31.679171066,Cliente ausente,False
10329,8822,2,2026-05-16 10:11:03.358342132,Entregado,True
10330,8823,1,2025-06-25 02:18:59.461443914,Domicilio incorrecto,False
10331,8823,2,2025-06-25 22:29:34.922887825,Cliente ausente,False
10332,8823,3,2025-06-26 18:40:10.384331739,Entregado,True
10333,8824,1,2026-01-04 14:09:49.017042212,Entregado,True
10334,8825,1,2025-01-16 07:13:41.789555400,Entregado,True
10335,8826,1,2025-02-21 06:47:01.879457672,Entregado,True
10336,8827,1,2025-04-21 10:06:43.404227492,Entregado,True
10337,8828,1,2026-04-15 02:07:40.966917279,Cliente ausente,False
10338,8828,2,2026-04-15 10:33:57.933834555,Entregado,True
10339,8829,1,2025-07-23 05:30:11.907679737,Entregado,True
10340,8830,1,2025-08-07 13:19:28.162955834,Entregado,True
10341,8831,1,2026-01-23 03:03:51.534480052,Entregado,True
10342,8832,1,2025-04-19 11:59:28.153229208,Entregado,True
10343,8833,1,2025-07-23 13:43:44.910520723,Reprogramado,False
10344,8833,2,2025-07-24 11:05:17.821041446,Reprogramado,False
10345,8833,3,2025-07-25 08:26:50.731562169,Entregado,True
10346,8834,1,2026-05-26 22:12:24.637883652,Cliente ausente,False
10347,8834,2,2026-05-28 06:22:25.275767304,Entregado,True
10348,8835,1,2025-04-07 16:12:29.553932304,Entregado,True
10349,8836,1,2025-06-30 00:22:23.200522244,Entregado,True
10350,8837,1,2025-03-09 21:54:57.764743574,Entregado,True
10351,8838,1,2026-07-09 23:41:45.532010209,Entregado,True
10352,8839,1,2025-08-13 04:56:53.431016719,Cliente ausente,False
10353,8839,2,2025-08-13 22:45:58.862033442,Entregado,True
10354,8840,1,2026-08-05 07:54:18.958950057,Entregado,True
10355,8841,1,2026-01-17 21:24:08.216326260,Entregado,True
10356,8842,1,2025-09-16 20:06:22.785344946,Entregado,True
10357,8843,1,2025-10-30 03:28:50.344733924,Entregado,True
10358,8844,1,2025-06-22 15:59:52.947446902,Entregado,True
10359,8845,1,2026-01-01 19:01:19.350904594,Entregado,True
10360,8846,1,2025-03-15 20:16:11.132815965,Acceso restringido,False
10361,8846,2,2025-03-17 07:49:10.265631934,Entregado,True
10362,8847,1,2025-03-01 13:27:40.159275058,Entregado,True
10363,8848,1,2026-04-01 13:36:58.354289827,Entregado,True
10364,8849,1,2025-05-05 13:05:54.946601422,Cliente ausente,False
10365,8849,2,2025-05-06 17:43:37.893202845,Entregado,True
10366,8850,1,2026-04-01 18:11:16.384693020,Entregado,True
10367,8851,1,2025-01-17 16:42:50.933961486,Entregado,True
10368,8852,1,2026-02-22 11:13:19.621404220,Entregado,True
10369,8853,1,2025-01-27 21:43:08.325271498,Entregado,True
10370,8854,1,2025-02-22 00:04:07.950199396,Entregado,True
10371,8855,1,2025-07-08 13:10:15.049021738,Entregado,True
10372,8856,1,2025-02-05 16:24:05.709414337,Entregado,True
10373,8857,1,2026-06-26 17:17:15.763185596,Entregado,True
10374,8858,1,2026-01-09 23:22:02.037819601,Entregado,True
10375,8859,1,2025-03-28 02:47:54.761987414,Entregado,True
10376,8860,1,2025-06-14 03:37:37.477005200,Entregado,True
10377,8861,1,2026-03-03 18:28:21.204736338,Entregado,True
10378,8862,1,2025-04-20 08:22:52.788744274,Entregado,True
10379,8863,1,2026-01-27 22:26:19.231445990,Entregado,True
10380,8864,1,2025-10-03 14:25:29.588544760,Domicilio incorrecto,False
10381,8864,2,2025-10-04 17:21:35.177089521,Entregado,True
10382,8865,1,2025-10-17 13:29:58.343044945,Cliente ausente,False
10383,8865,2,2025-10-18 12:13:44.686089890,Domicilio incorrecto,False
10384,8865,3,2025-10-19 10:57:31.029134839,Entregado,True
10385,8866,1,2025-08-11 02:35:30.716609348,Entregado,True
10386,8867,1,2026-06-13 22:28:22.814327964,Entregado,True
10387,8868,1,2026-06-19 21:54:11.956613544,Entregado,True
10388,8869,1,2025-03-03 09:35:21.901959628,Entregado,True
10389,8870,1,2026-08-19 06:31:09.811603552,Entregado,True
10390,8871,1,2025-04-25 08:42:45.648390135,Entregado,True
10391,8872,1,2025-09-16 18:42:10.159959042,Entregado,True
10392,8873,1,2025-11-28 06:51:03.051239886,Entregado,True
10393,8874,1,2025-08-24 20:56:01.566898749,Entregado,True
10394,8875,1,2025-02-24 06:50:12.486160755,Entregado,True
10395,8876,1,2025-08-12 06:28:36.452875224,Entregado,True
10396,8877,1,2026-08-23 08:48:04.681073224,Entregado,True
10397,8878,1,2025-08-11 08:27:49.857754053,Domicilio incorrecto,False
10398,8878,2,2025-08-12 12:22:39.715508107,Entregado,True
10399,8879,1,2025-02-26 10:34:04.602863143,Entregado,True
10400,8880,1,2025-10-04 10:51:19.898592922,Entregado,True
10401,8881,1,2025-07-19 02:38:15.982584810,Entregado,True
10402,8882,1,2025-05-09 04:42:44.706122427,Entregado,True
10403,8883,1,2026-08-27 21:53:30.926311004,Cliente ausente,False
10404,8883,2,2026-08-28 10:47:01.852622008,Reprogramado,False
10405,8883,3,2026-08-28 23:40:32.778933013,Entregado,True
10406,8884,1,2025-08-16 02:07:27.071410152,Cliente ausente,False
10407,8884,2,2025-08-16 17:09:30.142820300,Entregado,True
10408,8885,1,2025-05-15 14:43:22.826045064,Entregado,True
10409,8886,1,2025-01-18 13:10:34.034827170,Entregado,True
10410,8887,1,2025-08-08 01:06:34.896949506,Entregado,True
10411,8888,1,2025-04-24 02:29:19.522091234,Entregado,True
10412,8889,1,2025-06-08 22:33:10.060791134,Entregado,True
10413,8890,1,2026-03-30 23:48:30.746268086,Entregado,True
10414,8891,1,2025-11-16 12:24:30.288927265,Entregado,True
10415,8892,1,2025-12-30 15:10:03.799287501,Entregado,True
10416,8893,1,2025-10-24 04:03:29.491305840,Cliente ausente,False
10417,8893,2,2025-10-25 03:08:46.982611680,Entregado,True
10418,8894,1,2025-07-20 11:06:53.740179554,Entregado,True
10419,8895,1,2026-07-27 00:54:30.764135278,Entregado,True
10420,8896,1,2026-02-04 08:09:05.011327317,Entregado,True
10421,8897,1,2026-08-14 14:15:53.040500236,Entregado,True
10422,8898,1,2025-09-01 02:11:53.795737608,Entregado,True
10423,8899,1,2026-03-08 19:43:40.666201550,Entregado,True
10424,8900,1,2025-01-10 01:19:40.662568894,Entregado,True
10425,8901,1,2025-11-14 13:39:00.000000000,Domicilio incorrecto,False
10426,8901,2,2025-11-14 16:39:00.000000000,Entregado,True
10427,8902,1,2025-08-03 06:00:20.320029982,Entregado,True
10428,8903,1,2025-10-02 14:55:41.051608604,Entregado,True
10429,8904,1,2025-12-28 20:36:20.996392536,Entregado,True
10430,8905,1,2026-01-19 16:04:13.889412033,Entregado,True
10431,8906,1,2026-06-27 03:40:25.009479465,Entregado,True
10432,8907,1,2025-05-22 18:51:53.361105547,Domicilio incorrecto,False
10433,8907,2,2025-05-24 06:26:22.722211095,Entregado,True
10434,8908,1,2026-05-27 18:52:08.510871637,Entregado,True
10435,8909,1,2025-06-22 21:38:05.776812549,Reprogramado,False
10436,8909,2,2025-06-23 05:59:59.553625095,Reprogramado,False
10437,8909,3,2025-06-23 14:21:53.330437645,Entregado,True
10438,8910,1,2025-01-23 08:57:42.655918845,Entregado,True
10439,8911,1,2026-05-22 04:54:14.699811873,Entregado,True
10440,8912,1,2026-07-20 20:21:00.000000000,Entregado,True
10441,8913,1,2025-08-19 05:44:15.651800937,Entregado,True
10442,8914,1,2025-04-20 13:37:30.035351964,Entregado,True
10443,8915,1,2025-11-07 12:48:08.170432599,Entregado,True
10444,8916,1,2025-03-29 10:45:40.746897885,Entregado,True
10445,8917,1,2025-08-18 18:18:05.466756780,Entregado,True
10446,8918,1,2025-11-07 17:41:47.770358780,Entregado,True
10447,8919,1,2026-01-15 02:33:49.010175748,Entregado,True
10448,8920,1,2026-08-09 06:28:49.635454695,Entregado,True
10449,8921,1,2026-01-22 11:30:45.342123321,Entregado,True
10450,8922,1,2025-10-22 23:40:02.737966731,Entregado,True
10451,8923,1,2025-11-01 23:41:24.000000000,Entregado,True
10452,8924,1,2025-10-20 15:47:15.246008127,Entregado,True
10453,8925,1,2025-04-16 18:45:57.670288516,Entregado,True
10454,8926,1,2025-10-19 17:01:33.523495431,Entregado,True
10455,8927,1,2026-04-25 19:10:58.932710708,Entregado,True
10456,8928,1,2026-06-06 00:27:50.121842335,Reprogramado,False
10457,8928,2,2026-06-06 12:11:52.243684666,Entregado,True
10458,8929,1,2025-03-04 06:10:00.279082232,Entregado,True
10459,8930,1,2025-11-13 09:34:42.946793490,Entregado,True
10460,8931,1,2025-04-19 02:06:08.708712062,Entregado,True
10461,8932,1,2025-04-01 13:47:02.715320031,Entregado,True
10462,8933,1,2025-09-27 00:30:46.776147220,Entregado,True
10463,8934,1,2025-05-02 12:24:49.655377904,Entregado,True
10464,8935,1,2026-03-23 17:28:50.625346309,Entregado,True
10465,8936,1,2026-03-05 19:17:11.719863942,Entregado,True
10466,8937,1,2025-12-20 06:16:30.212589147,Entregado,True
10467,8938,1,2025-11-03 05:24:30.131962686,Entregado,True
10468,8939,1,2025-07-22 05:12:36.000000000,Reprogramado,False
10469,8939,2,2025-07-22 08:12:36.000000000,Entregado,True
10470,8940,1,2025-01-25 05:50:40.781820652,Entregado,True
10471,8941,1,2025-04-04 01:29:14.901734994,Entregado,True
10472,8942,1,2026-04-18 07:54:08.004065655,Entregado,True
10473,8943,1,2025-04-06 13:19:19.249554057,Entregado,True
10474,8944,1,2026-06-23 02:52:04.207856451,Entregado,True
10475,8945,1,2026-05-17 15:35:56.412536312,Entregado,True
10476,8946,1,2025-05-23 02:38:23.481096885,Cliente ausente,False
10477,8946,2,2025-05-23 08:31:10.962193771,Entregado,True
10478,8947,1,2025-02-23 06:45:52.084152568,Entregado,True
10479,8948,1,2025-03-14 22:41:18.951143233,Entregado,True
10480,8949,1,2025-09-19 20:22:46.237423490,Entregado,True
10481,8950,1,2026-01-16 11:44:38.581590962,Entregado,True
10482,8951,1,2025-02-09 20:36:05.469009433,Entregado,True
10483,8952,1,2025-12-16 05:14:13.979168833,Entregado,True
10484,8953,1,2026-08-05 03:43:17.335167502,Entregado,True
10485,8954,1,2026-06-11 08:51:43.245368751,Entregado,True
10486,8955,1,2026-05-22 15:22:23.023203290,Entregado,True
10487,8956,1,2026-01-18 12:48:57.649161207,Entregado,True
10488,8957,1,2026-03-02 13:16:41.028030242,Entregado,True
10489,8958,1,2026-03-15 00:58:09.470443044,Entregado,True
10490,8959,1,2025-11-22 04:06:12.336974197,Entregado,True
10491,8960,1,2025-07-03 01:45:04.917178328,Entregado,True
10492,8961,1,2025-02-01 19:52:26.621834988,Entregado,True
10493,8962,1,2026-05-14 01:22:55.391114514,Entregado,True
10494,8963,1,2025-11-23 15:08:41.685624376,Entregado,True
10495,8964,1,2025-07-07 20:00:46.540664442,Cliente ausente,False
10496,8964,2,2025-07-08 18:35:09.081328884,Domicilio incorrecto,False
10497,8964,3,2025-07-09 17:09:31.621993326,Entregado,True
10498,8965,1,2025-02-24 22:43:26.521642423,Entregado,True
10499,8966,1,2026-05-30 01:42:52.797806809,Entregado,True
10500,8967,1,2026-02-16 03:30:50.590436731,Entregado,True
10501,8968,1,2025-01-18 17:30:24.448037054,Entregado,True
10502,8969,1,2026-07-28 01:13:05.578238444,Entregado,True
10503,8970,1,2025-03-31 11:04:38.019026762,Cliente ausente,False
10504,8970,2,2025-04-02 02:46:28.038053524,Entregado,True
10505,8971,1,2025-08-13 04:35:12.216224111,Domicilio incorrecto,False
10506,8971,2,2025-08-14 23:36:12.432448219,Entregado,True
10507,8972,1,2025-03-03 06:27:08.630674441,Entregado,True
10508,8973,1,2026-07-19 15:53:05.724109528,Entregado,True
10509,8974,1,2025-08-21 05:22:50.292002010,Entregado,True
10510,8975,1,2025-06-05 02:16:46.909257135,Entregado,True
10511,8976,1,2025-10-02 20:51:30.245922097,Entregado,True
10512,8977,1,2025-02-18 19:44:34.784701324,Entregado,True
10513,8978,1,2026-03-28 20:14:21.007650720,Acceso restringido,False
10514,8978,2,2026-03-29 12:11:18.015301441,Entregado,True
10515,8979,1,2025-11-05 00:02:19.541846781,Entregado,True
10516,8980,1,2026-03-06 01:35:20.461099311,Entregado,True
10517,8981,1,2025-05-01 09:47:51.674089797,Entregado,True
10518,8982,1,2026-08-05 04:35:01.746585088,Reprogramado,False
10519,8982,2,2026-08-06 19:55:39.493170174,Entregado,True
10520,8983,1,2026-02-09 16:23:27.416339512,Entregado,True
10521,8984,1,2025-07-21 03:59:18.131997555,Entregado,True
10522,8985,1,2025-05-27 14:33:16.283693210,Domicilio incorrecto,False
10523,8985,2,2025-05-28 13:20:20.567386424,Cliente ausente,False
10524,8985,3,2025-05-29 12:07:24.851079634,Entregado,True
10525,8986,1,2026-01-06 06:23:51.033669568,Entregado,True
10526,8987,1,2025-07-22 18:10:54.717796325,Entregado,True
10527,8988,1,2026-03-21 01:56:26.096140140,Entregado,True
10528,8989,1,2025-05-28 08:47:35.449927656,Entregado,True
10529,8990,1,2025-02-28 20:57:15.560739680,Entregado,True
10530,8991,1,2025-05-26 01:52:34.568463403,Cliente ausente,False
10531,8991,2,2025-05-27 15:18:09.136926802,Entregado,True
10532,8992,1,2025-08-12 05:53:58.249004722,Cliente ausente,False
10533,8992,2,2025-08-13 03:45:32.498009445,Entregado,True
10534,8993,1,2025-04-11 06:15:38.093983549,Cliente ausente,False
10535,8993,2,2025-04-12 07:06:04.187967098,Cliente ausente,False
10536,8993,3,2025-04-13 07:56:30.281950647,Entregado,True
10537,8994,1,2025-01-29 12:00:05.768551533,Entregado,True
10538,8995,1,2026-03-09 05:27:46.756619874,Entregado,True
10539,8996,1,2026-06-13 12:14:39.372864295,Entregado,True
10540,8997,1,2025-05-03 02:00:52.714388361,Entregado,True
10541,8998,1,2026-04-14 21:18:06.034595508,Entregado,True
10542,8999,1,2025-09-24 01:11:25.099342274,Entregado,True
10543,9000,1,2025-01-11 04:11:50.812979498,Entregado,True
10544,9001,1,2025-08-09 21:14:26.259976561,Entregado,True
10545,9002,1,2026-04-06 17:07:55.270929590,Entregado,True
10546,9003,1,2025-04-18 22:43:12.000000000,Entregado,True
10547,9004,1,2026-05-10 15:52:07.822440642,Entregado,True
10548,9005,1,2026-01-05 00:34:21.727581196,Entregado,True
10549,9006,1,2025-05-09 12:16:50.581489987,Entregado,True
10550,9007,1,2025-06-13 13:54:56.110215816,Entregado,True
10551,9008,1,2025-02-10 17:56:30.621998353,Entregado,True
10552,9009,1,2025-01-07 05:00:49.761766432,Entregado,True
10553,9010,1,2026-02-18 16:51:34.089311289,Entregado,True
10554,9011,1,2026-04-29 08:13:26.169835656,Cliente ausente,False
10555,9011,2,2026-04-30 07:42:28.339671312,Entregado,True
10556,9012,1,2026-08-27 21:19:02.823336829,Reprogramado,False
10557,9012,2,2026-08-29 09:19:29.646673654,Entregado,True
10558,9013,1,2025-02-28 19:49:47.460273171,Entregado,True
10559,9014,1,2025-05-21 20:53:14.300317712,Domicilio incorrecto,False
10560,9014,2,2025-05-23 04:26:04.600635428,Entregado,True
10561,9015,1,2025-06-24 15:23:46.930085347,Entregado,True
10562,9016,1,2025-09-19 07:46:33.009048584,Entregado,True
10563,9017,1,2026-05-13 21:50:20.451156176,Entregado,True
10564,9018,1,2025-01-27 04:57:59.324618696,Cliente ausente,False
10565,9018,2,2025-01-28 23:33:10.649237396,Entregado,True
10566,9019,1,2025-07-18 19:14:08.222616178,Entregado,True
10567,9020,1,2026-08-04 04:22:23.834213004,Entregado,True
10568,9021,1,2026-03-01 00:04:58.902303381,Entregado,True
10569,9022,1,2025-05-01 07:06:56.918789445,Entregado,True
10570,9023,1,2025-01-08 07:44:12.228205002,Entregado,True
10571,9024,1,2025-04-09 03:34:45.231804969,Entregado,True
10572,9025,1,2026-01-16 13:19:15.053683562,Domicilio incorrecto,False
10573,9025,2,2026-01-17 20:47:30.107367128,Entregado,True
10574,9026,1,2026-07-07 11:57:11.180936592,Entregado,True
10575,9027,1,2025-02-27 13:10:48.482057359,Entregado,True
10576,9028,1,2025-04-15 20:05:08.956061804,Entregado,True
10577,9029,1,2025-08-06 15:19:28.953788934,Entregado,True
10578,9030,1,2025-01-23 00:41:57.423735124,Entregado,True
10579,9031,1,2025-08-02 07:49:27.211800255,Entregado,True
10580,9032,1,2025-10-19 08:41:18.536259040,Entregado,True
10581,9033,1,2025-07-11 06:26:48.734727316,Entregado,True
10582,9034,1,2025-06-04 10:14:18.310653301,Entregado,True
10583,9035,1,2025-07-12 04:17:40.632139820,Entregado,True
10584,9036,1,2026-02-13 04:00:16.753334774,Entregado,True
10585,9037,1,2025-08-06 18:56:52.896026925,Entregado,True
10586,9038,1,2026-07-12 13:14:03.676656066,Entregado,True
10587,9039,1,2026-04-26 03:02:48.795274730,Entregado,True
10588,9040,1,2025-07-15 07:04:32.786469897,Entregado,True
10589,9041,1,2025-09-10 17:06:36.247014331,Entregado,True
10590,9042,1,2026-08-18 22:56:13.211019924,Entregado,True
10591,9043,1,2025-02-11 16:42:35.726579413,Cliente ausente,False
10592,9043,2,2025-02-13 05:19:11.453158826,Entregado,True
10593,9044,1,2026-01-06 19:43:01.607483391,Entregado,True
10594,9045,1,2025-01-23 17:10:16.697413286,Entregado,True
10595,9046,1,2025-07-24 09:17:48.239838808,Entregado,True
10596,9047,1,2026-08-15 22:07:07.587909807,Entregado,True
10597,9048,1,2025-01-19 23:56:31.709185850,Cliente ausente,False
10598,9048,2,2025-01-20 22:34:27.418371697,Entregado,True
10599,9049,1,2025-11-18 06:54:10.047290245,Entregado,True
10600,9050,1,2025-10-10 16:25:28.626185067,Cliente ausente,False
10601,9050,2,2025-10-11 21:34:09.252370135,Entregado,True
10602,9051,1,2026-04-23 03:16:40.649755551,Entregado,True
10603,9052,1,2025-09-11 00:56:57.432430831,Entregado,True
10604,9053,1,2025-12-08 13:18:51.778682337,Entregado,True
10605,9054,1,2026-04-09 04:23:36.424295541,Cliente ausente,False
10606,9054,2,2026-04-11 01:36:24.848591086,Entregado,True
10607,9055,1,2026-02-09 01:26:25.330183360,Entregado,True
10608,9056,1,2026-01-12 04:41:07.966487641,Entregado,True
10609,9057,1,2025-10-12 09:12:47.715949335,Entregado,True
10610,9058,1,2026-01-28 14:38:41.731426561,Entregado,True
10611,9059,1,2025-12-05 07:31:15.260594066,Reprogramado,False
10612,9059,2,2025-12-07 01:53:30.521188129,Entregado,True
10613,9060,1,2025-12-14 10:51:55.120768063,Entregado,True
10614,9061,1,2026-06-06 09:05:42.429114416,Entregado,True
10615,9062,1,2025-09-30 21:40:25.623393268,Cliente ausente,False
10616,9062,2,2025-10-01 04:10:03.246786534,Cliente ausente,False
10617,9062,3,2025-10-01 10:39:40.870179802,Entregado,True
10618,9063,1,2025-09-13 15:17:15.543336921,Entregado,True
10619,9064,1,2026-01-13 11:43:12.134767087,Entregado,True
10620,9065,1,2026-08-28 07:42:28.866654896,Entregado,True
10621,9066,1,2025-01-08 01:57:16.368923898,Entregado,True
10622,9067,1,2026-02-19 19:19:37.503525082,Entregado,True
10623,9068,1,2026-08-11 10:18:16.537284856,Entregado,True
10624,9069,1,2025-02-26 14:18:45.173548857,Reprogramado,False
10625,9069,2,2025-02-27 22:57:54.347097715,Entregado,True
10626,9070,1,2026-02-03 05:51:15.311206029,Domicilio incorrecto,False
10627,9070,2,2026-02-04 03:04:06.622412059,Entregado,True
10628,9071,1,2025-08-28 04:28:34.176683269,Entregado,True
10629,9072,1,2026-05-07 11:04:09.336399222,Entregado,True
10630,9073,1,2025-01-25 09:18:20.301736075,Entregado,True
10631,9074,1,2026-03-21 01:16:26.110589836,Entregado,True
10632,9075,1,2025-02-13 04:45:30.761504798,Entregado,True
10633,9076,1,2025-09-16 06:50:39.224877964,Reprogramado,False
10634,9076,2,2025-09-16 23:57:30.449755933,Entregado,True
10635,9077,1,2026-03-29 02:47:46.901042599,Entregado,True
10636,9078,1,2025-02-18 02:37:34.620174058,Entregado,True
10637,9079,1,2026-05-20 18:24:23.179678383,Entregado,True
10638,9080,1,2025-05-22 12:55:13.258716960,Entregado,True
10639,9081,1,2025-07-23 12:11:10.215496676,Cliente ausente,False
10640,9081,2,2025-07-25 14:25:56.430993349,Entregado,True
10641,9082,1,2026-05-26 11:42:46.039886910,Entregado,True
10642,9083,1,2025-10-15 22:14:03.163678411,Entregado,True
10643,9084,1,2025-08-25 13:16:49.665748594,Entregado,True
10644,9085,1,2026-04-06 18:26:20.423829584,Cliente ausente,False
10645,9085,2,2026-04-07 04:08:16.847659168,Entregado,True
10646,9086,1,2026-07-05 17:46:04.951044062,Reprogramado,False
10647,9086,2,2026-07-06 20:36:57.902088128,Entregado,True
10648,9087,1,2026-08-12 02:01:25.616346510,Entregado,True
10649,9088,1,2025-11-19 16:33:32.849288913,Entregado,True
10650,9089,1,2025-06-27 17:14:12.038292081,Entregado,True
10651,9090,1,2025-02-09 18:06:03.025273399,Reprogramado,False
10652,9090,2,2025-02-11 00:28:18.050546794,Entregado,True
10653,9091,1,2026-03-11 11:42:34.545651454,Entregado,True
10654,9092,1,2026-05-01 16:14:09.215282871,Entregado,True
10655,9093,1,2026-08-11 16:28:22.927525388,Entregado,True
10656,9094,1,2025-02-28 10:51:13.958503678,Cliente ausente,False
10657,9094,2,2025-03-01 10:58:03.917007357,Cliente ausente,False
10658,9094,3,2025-03-02 11:04:53.875511040,Entregado,True
10659,9095,1,2026-05-14 02:23:12.502245883,Entregado,True
10660,9096,1,2026-08-26 21:04:56.076477193,Entregado,True
10661,9097,1,2025-05-16 11:22:01.226068712,Entregado,True
10662,9098,1,2026-05-24 22:25:13.939499755,Cliente ausente,False
10663,9098,2,2026-05-25 14:31:15.878999506,Entregado,True
10664,9099,1,2026-09-03 11:56:24.982366311,Entregado,True
10665,9100,1,2025-06-10 00:00:17.335639393,Entregado,True
10666,9101,1,2025-07-23 03:09:01.185750446,Entregado,True
10667,9102,1,2026-02-06 16:53:35.959042784,Entregado,True
10668,9103,1,2026-05-13 01:56:13.051757263,Entregado,True
10669,9104,1,2026-05-04 23:36:13.444037154,Entregado,True
10670,9105,1,2025-06-11 00:36:03.442877611,Acceso restringido,False
10671,9105,2,2025-06-12 11:46:54.885755226,Entregado,True
10672,9106,1,2025-08-02 11:55:37.980501423,Entregado,True
10673,9107,1,2026-03-30 15:22:19.927329571,Entregado,True
10674,9108,1,2025-03-15 05:17:03.346402451,Entregado,True
10675,9109,1,2025-11-12 10:28:42.935493961,Entregado,True
10676,9110,1,2026-03-10 00:36:05.668351225,Entregado,True
10677,9111,1,2026-01-19 09:14:54.807809611,Reprogramado,False
10678,9111,2,2026-01-21 04:19:01.615619226,Entregado,True
10679,9112,1,2025-06-17 21:36:16.126364631,Entregado,True
10680,9113,1,2026-01-27 14:08:05.288183991,Entregado,True
10681,9114,1,2025-11-16 13:47:42.955682139,Entregado,True
10682,9115,1,2026-05-30 02:12:48.947710543,Entregado,True
10683,9116,1,2025-07-23 19:21:26.797196750,Reprogramado,False
10684,9116,2,2025-07-25 03:59:05.594393500,Entregado,True
10685,9117,1,2025-06-15 16:34:44.597281706,Entregado,True
10686,9118,1,2026-04-08 17:55:50.783842279,Entregado,True
10687,9119,1,2026-07-11 08:34:22.789854242,Cliente ausente,False
10688,9119,2,2026-07-13 03:20:09.579708488,Entregado,True
10689,9120,1,2025-07-21 04:05:01.318231244,Entregado,True
10690,9121,1,2025-08-20 16:04:31.035594313,Entregado,True
10691,9122,1,2026-06-03 07:46:28.545029864,Entregado,True
10692,9123,1,2025-07-26 21:39:13.938868350,Entregado,True
10693,9124,1,2025-11-28 09:51:01.468031479,Cliente ausente,False
10694,9124,2,2025-11-29 11:51:38.936062958,Entregado,True
10695,9125,1,2026-08-31 11:23:57.327278488,Cliente ausente,False
10696,9125,2,2026-09-02 09:51:30.654556977,Entregado,True
10697,9126,1,2025-12-15 03:07:12.014380837,Acceso restringido,False
10698,9126,2,2025-12-17 01:40:48.028761674,Entregado,True
10699,9127,1,2025-12-17 10:50:44.918159078,Entregado,True
10700,9128,1,2025-06-12 02:12:02.381463594,Entregado,True
10701,9129,1,2025-09-12 13:26:40.362283248,Entregado,True
10702,9130,1,2025-08-13 04:59:45.306320614,Entregado,True
10703,9131,1,2026-08-31 13:13:50.198916824,Entregado,True
10704,9132,1,2026-02-01 23:40:05.133763552,Entregado,True
10705,9133,1,2025-06-19 07:17:40.895415906,Entregado,True
10706,9134,1,2026-03-30 17:19:06.648133597,Entregado,True
10707,9135,1,2025-05-20 06:32:30.318101620,Entregado,True
10708,9136,1,2025-07-30 03:49:41.671535458,Entregado,True
10709,9137,1,2026-08-12 05:22:28.163735515,Entregado,True
10710,9138,1,2025-08-03 21:55:49.863126871,Cliente ausente,False
10711,9138,2,2025-08-05 02:00:39.726253742,Entregado,True
10712,9139,1,2025-12-27 08:42:30.055681674,Entregado,True
10713,9140,1,2025-08-27 12:55:56.623259984,Entregado,True
10714,9141,1,2026-02-02 20:32:02.319539298,Entregado,True
10715,9142,1,2025-11-03 23:26:24.256431175,Entregado,True
10716,9143,1,2025-04-21 16:36:27.328339486,Entregado,True
10717,9144,1,2026-01-28 19:26:17.672133454,Entregado,True
10718,9145,1,2025-05-04 08:19:33.335372618,Entregado,True
10719,9146,1,2025-08-01 03:06:05.052178436,Entregado,True
10720,9147,1,2026-03-04 01:56:21.310929859,Entregado,True
10721,9148,1,2026-07-01 06:45:57.321727243,Entregado,True
10722,9149,1,2025-11-29 14:24:43.783332271,Entregado,True
10723,9150,1,2025-12-07 21:08:52.119209436,Domicilio incorrecto,False
10724,9150,2,2025-12-08 12:30:56.238418875,Reprogramado,False
10725,9150,3,2025-12-09 03:53:00.357628311,Entregado,True
10726,9151,1,2026-07-20 08:03:01.672591410,Entregado,True
10727,9152,1,2025-07-01 00:46:32.884199504,Entregado,True
10728,9153,1,2025-10-20 08:11:34.623365200,Entregado,True
10729,9154,1,2025-07-08 15:15:56.517060182,Entregado,True
10730,9155,1,2026-05-03 19:51:46.040109141,Entregado,True
10731,9156,1,2025-12-04 05:36:11.560104064,Reprogramado,False
10732,9156,2,2025-12-04 23:04:35.120208129,Reprogramado,False
10733,9156,3,2025-12-05 16:32:58.680312194,Entregado,True
10734,9157,1,2025-04-20 20:26:52.803684949,Entregado,True
10735,9158,1,2025-02-05 03:20:49.779720049,Entregado,True
10736,9159,1,2026-03-14 19:46:32.709212204,Entregado,True
10737,9160,1,2025-10-05 10:41:01.133339348,Entregado,True
10738,9161,1,2026-05-11 23:00:07.807901457,Reprogramado,False
10739,9161,2,2026-05-13 11:24:51.615802915,Entregado,True
10740,9162,1,2025-07-02 20:42:35.983229176,Entregado,True
10741,9163,1,2025-08-27 11:56:24.000000000,Entregado,True
10742,9164,1,2025-12-17 17:10:46.272468064,Entregado,True
10743,9165,1,2025-05-26 16:05:38.470407478,Entregado,True
10744,9166,1,2025-02-16 20:24:50.302735956,Entregado,True
10745,9167,1,2026-05-17 19:05:13.077467073,Entregado,True
10746,9168,1,2025-10-25 18:37:00.213044174,Entregado,True
10747,9169,1,2026-06-18 23:08:58.524891864,Entregado,True
10748,9170,1,2025-08-01 10:26:20.924470330,Entregado,True
10749,9171,1,2026-02-08 02:21:57.485092244,Entregado,True
10750,9172,1,2025-08-22 12:21:03.978692190,Entregado,True
10751,9173,1,2025-12-08 20:38:51.103203169,Entregado,True
10752,9174,1,2025-01-08 13:31:26.561633566,Entregado,True
10753,9175,1,2025-11-08 18:58:32.521377716,Entregado,True
10754,9176,1,2025-06-13 14:27:13.165690424,Entregado,True
10755,9177,1,2025-06-21 10:48:23.589956606,Cliente ausente,False
10756,9177,2,2025-06-22 16:14:35.179913216,Entregado,True
10757,9178,1,2025-09-11 07:08:50.127097848,Entregado,True
10758,9179,1,2025-02-12 12:24:10.338106824,Entregado,True
10759,9180,1,2025-08-18 04:16:15.701733008,Entregado,True
10760,9181,1,2025-10-08 10:14:32.437939696,Entregado,True
10761,9182,1,2025-10-13 03:47:20.218762532,Cliente ausente,False
10762,9182,2,2025-10-14 02:59:16.437525061,Domicilio incorrecto,False
10763,9182,3,2025-10-15 02:11:12.656287593,Entregado,True
10764,9183,1,2026-05-27 05:53:02.168624803,Entregado,True
10765,9184,1,2025-03-11 20:23:55.819438584,Entregado,True
10766,9185,1,2025-04-15 04:47:44.708363984,Entregado,True
10767,9186,1,2026-02-07 02:30:56.101587631,Entregado,True
10768,9187,1,2025-09-05 17:40:52.468110397,Entregado,True
10769,9188,1,2025-07-13 12:09:43.829540564,Acceso restringido,False
10770,9188,2,2025-07-15 15:09:15.659081128,Entregado,True
10771,9189,1,2025-10-25 19:41:00.981655094,Entregado,True
10772,9190,1,2025-05-27 13:18:02.939176044,Entregado,True
10773,9191,1,2025-01-29 19:11:55.257385675,Entregado,True
10774,9192,1,2025-09-10 23:24:38.250735940,Entregado,True
10775,9193,1,2025-07-13 09:20:53.489392004,Entregado,True
10776,9194,1,2026-01-20 02:37:10.774980030,Entregado,True
10777,9195,1,2025-01-03 04:08:23.326044575,Domicilio incorrecto,False
10778,9195,2,2025-01-04 03:59:22.652089147,Entregado,True
10779,9196,1,2026-08-28 23:28:55.867182931,Entregado,True
10780,9197,1,2025-01-04 05:31:39.172968310,Reprogramado,False
10781,9197,2,2025-01-04 14:04:30.345936621,Entregado,True
10782,9198,1,2026-03-28 03:48:14.823248047,Entregado,True
10783,9199,1,2026-08-01 06:10:10.542225370,Entregado,True
10784,9200,1,2025-06-29 02:44:38.311306929,Entregado,True
10785,9201,1,2025-10-11 10:17:29.689610650,Entregado,True
10786,9202,1,2025-05-01 14:32:21.419127830,Entregado,True
10787,9203,1,2025-06-24 17:19:02.615900343,Entregado,True
10788,9204,1,2026-03-18 02:48:30.547583964,Entregado,True
10789,9205,1,2026-04-06 11:19:43.483688194,Cliente ausente,False
10790,9205,2,2026-04-08 11:55:38.967376393,Entregado,True
10791,9206,1,2025-12-08 13:06:36.891903409,Reprogramado,False
10792,9206,2,2025-12-09 20:49:49.783806814,Entregado,True
10793,9207,1,2025-05-06 08:54:01.375038990,Entregado,True
10794,9208,1,2026-07-31 03:40:50.325682738,Entregado,True
10795,9209,1,2026-05-11 13:36:01.394476758,Entregado,True
10796,9210,1,2025-01-30 15:46:07.612041799,Entregado,True
10797,9211,1,2025-09-05 04:23:24.108019494,Entregado,True
10798,9212,1,2025-11-18 12:17:15.281060953,Entregado,True
10799,9213,1,2025-12-19 16:36:19.423479325,Entregado,True
10800,9214,1,2026-06-19 11:36:09.396732722,Entregado,True
10801,9215,1,2025-03-23 15:07:18.625332457,Entregado,True
10802,9216,1,2025-10-21 12:56:06.008718051,Entregado,True
10803,9217,1,2025-10-23 17:33:54.732873834,Entregado,True
10804,9218,1,2026-05-13 13:50:04.977918661,Entregado,True
10805,9219,1,2026-07-13 22:10:20.001363855,Entregado,True
10806,9220,1,2025-03-04 07:49:10.390559516,Entregado,True
10807,9221,1,2026-09-02 20:28:05.835186303,Entregado,True
10808,9222,1,2026-06-29 08:45:40.518261550,Entregado,True
10809,9223,1,2026-01-17 12:48:44.237971800,Entregado,True
10810,9224,1,2025-05-28 18:27:03.208515663,Reprogramado,False
10811,9224,2,2025-05-30 12:22:54.417031330,Entregado,True
10812,9225,1,2025-12-29 05:18:43.595795764,Domicilio incorrecto,False
10813,9225,2,2025-12-30 02:45:15.191591533,Entregado,True
10814,9226,1,2025-02-24 21:07:28.393969404,Entregado,True
10815,9227,1,2026-02-08 00:10:15.475664676,Domicilio incorrecto,False
10816,9227,2,2026-02-09 18:33:06.951329355,Entregado,True
10817,9228,1,2026-07-21 11:47:10.590816469,Entregado,True
10818,9229,1,2026-03-26 07:26:24.969276657,Domicilio incorrecto,False
10819,9229,2,2026-03-27 02:01:49.938553318,Entregado,True
10820,9230,1,2025-03-24 11:54:00.000000000,Domicilio incorrecto,False
10821,9230,2,2025-03-24 14:54:00.000000000,Entregado,True
10822,9231,1,2026-01-18 02:05:44.105848227,Entregado,True
10823,9232,1,2026-04-06 07:05:03.720485090,Entregado,True
10824,9233,1,2025-03-24 04:35:21.786520639,Entregado,True
10825,9234,1,2026-06-02 11:00:11.875500316,Entregado,True
10826,9235,1,2025-11-05 22:53:28.348165117,Entregado,True
10827,9236,1,2026-05-10 18:16:37.066832407,Entregado,True
10828,9237,1,2025-08-26 07:54:16.431827551,Entregado,True
10829,9238,1,2025-11-24 14:24:33.767146386,Entregado,True
10830,9239,1,2025-02-28 04:58:35.432881982,Entregado,True
10831,9240,1,2025-05-03 21:35:06.703088834,Entregado,True
10832,9241,1,2025-11-12 01:56:25.752563383,Reprogramado,False
10833,9241,2,2025-11-13 02:49:15.505126766,Entregado,True
10834,9242,1,2025-08-01 01:23:46.183047691,Entregado,True
10835,9243,1,2025-04-15 15:52:47.943385557,Entregado,True
10836,9244,1,2026-03-17 10:55:11.134551802,Reprogramado,False
10837,9244,2,2026-03-19 05:17:58.269103602,Entregado,True
10838,9245,1,2025-02-08 02:13:21.294437185,Cliente ausente,False
10839,9245,2,2025-02-08 21:30:54.588874374,Reprogramado,False
10840,9245,3,2025-02-09 16:48:27.883311559,Entregado,True
10841,9246,1,2026-02-21 14:44:15.171157010,Entregado,True
10842,9247,1,2025-08-15 02:34:29.671093761,Entregado,True
10843,9248,1,2025-06-06 17:33:51.489152575,Entregado,True
10844,9249,1,2025-02-04 05:03:14.091351476,Entregado,True
10845,9250,1,2025-08-22 18:46:19.435215835,Entregado,True
10846,9251,1,2026-07-27 00:12:56.145787261,Entregado,True
10847,9252,1,2025-12-03 01:05:35.798518248,Entregado,True
10848,9253,1,2025-01-20 11:32:03.164578663,Entregado,True
10849,9254,1,2026-02-21 03:07:45.041118560,Entregado,True
10850,9255,1,2025-08-31 20:38:06.497017738,Entregado,True
10851,9256,1,2025-10-15 09:28:54.671094505,Entregado,True
10852,9257,1,2025-12-15 23:32:01.873153510,Entregado,True
10853,9258,1,2026-01-13 04:14:03.276252556,Entregado,True
10854,9259,1,2025-01-17 15:15:58.119260450,Entregado,True
10855,9260,1,2026-08-14 00:35:28.820060343,Entregado,True
10856,9261,1,2025-09-21 02:53:10.031671629,Entregado,True
10857,9262,1,2025-12-31 22:19:43.763147356,Entregado,True
10858,9263,1,2026-02-05 07:20:19.937418183,Entregado,True
10859,9264,1,2026-04-06 15:47:50.049002911,Cliente ausente,False
10860,9264,2,2026-04-08 01:57:52.098005822,Entregado,True
10861,9265,1,2026-06-01 22:36:36.637404451,Entregado,True
10862,9266,1,2025-03-27 13:59:13.000688322,Entregado,True
10863,9267,1,2025-03-06 11:46:42.488899153,Entregado,True
10864,9268,1,2025-04-13 00:28:45.373030294,Entregado,True
10865,9269,1,2025-10-23 23:33:57.031444080,Cliente ausente,False
10866,9269,2,2025-10-25 11:42:06.062888160,Entregado,True
10867,9270,1,2025-06-12 11:33:18.935129728,Cliente ausente,False
10868,9270,2,2025-06-13 13:57:01.870259457,Entregado,True
10869,9271,1,2025-06-28 12:16:15.043949115,Entregado,True
10870,9272,1,2026-03-22 21:32:41.395977621,Entregado,True
10871,9273,1,2025-11-26 04:11:53.647403751,Entregado,True
10872,9274,1,2025-11-27 13:37:45.591253280,Entregado,True
10873,9275,1,2025-02-13 00:54:13.669088392,Entregado,True
10874,9276,1,2025-09-01 00:46:22.268473435,Entregado,True
10875,9277,1,2025-12-09 23:40:23.082136899,Entregado,True
10876,9278,1,2025-04-01 23:26:47.168332609,Entregado,True
10877,9279,1,2025-02-01 11:19:37.754209984,Entregado,True
10878,9280,1,2026-04-09 12:29:51.906902334,Entregado,True
10879,9281,1,2026-01-22 00:48:37.024495581,Cliente ausente,False
10880,9281,2,2026-01-23 11:37:50.048991163,Entregado,True
10881,9282,1,2026-05-04 15:35:21.835957344,Entregado,True
10882,9283,1,2025-08-12 15:38:32.513445661,Entregado,True
10883,9284,1,2025-09-22 17:11:35.719955149,Cliente ausente,False
10884,9284,2,2025-09-24 02:00:23.439910302,Entregado,True
10885,9285,1,2025-02-18 21:19:11.050430725,Entregado,True
10886,9286,1,2025-10-11 20:59:22.675675660,Entregado,True
10887,9287,1,2025-04-28 16:40:12.834547370,Entregado,True
10888,9288,1,2025-06-20 03:12:56.418605323,Entregado,True
10889,9289,1,2026-03-13 08:45:59.588283405,Entregado,True
10890,9290,1,2025-09-07 17:00:48.578865138,Entregado,True
10891,9291,1,2026-04-29 19:15:39.731406228,Entregado,True
10892,9292,1,2025-10-09 17:03:31.529950149,Entregado,True
10893,9293,1,2025-01-24 02:30:04.863506382,Entregado,True
10894,9294,1,2025-03-11 17:02:39.582693686,Entregado,True
10895,9295,1,2025-03-04 10:53:35.868321286,Entregado,True
10896,9296,1,2026-06-14 20:58:24.212877927,Entregado,True
10897,9297,1,2025-09-22 16:09:24.778745978,Entregado,True
10898,9298,1,2026-03-02 20:44:24.675425718,Entregado,True
10899,9299,1,2026-05-17 02:35:32.717718427,Entregado,True
10900,9300,1,2025-10-19 13:39:43.164206006,Reprogramado,False
10901,9300,2,2025-10-20 17:05:38.328412009,Entregado,True
10902,9301,1,2025-06-21 17:53:46.158501494,Entregado,True
10903,9302,1,2026-04-07 16:43:29.473082713,Entregado,True
10904,9303,1,2026-07-12 09:14:03.281840577,Entregado,True
10905,9304,1,2025-12-21 00:07:32.087754454,Cliente ausente,False
10906,9304,2,2025-12-22 08:09:40.175508909,Entregado,True
10907,9305,1,2025-08-29 19:02:08.836047333,Entregado,True
10908,9306,1,2025-10-13 11:27:27.479004811,Entregado,True
10909,9307,1,2026-03-26 23:43:42.727628467,Entregado,True
10910,9308,1,2026-08-06 18:38:47.511418369,Entregado,True
10911,9309,1,2025-03-07 21:36:11.840324292,Entregado,True
10912,9310,1,2025-11-25 22:39:00.986588236,Entregado,True
10913,9311,1,2026-04-05 02:35:26.851895433,Entregado,True
10914,9312,1,2026-04-23 10:55:14.549350652,Entregado,True
10915,9313,1,2025-10-12 17:37:13.489315881,Reprogramado,False
10916,9313,2,2025-10-13 06:08:26.978631763,Entregado,True
10917,9314,1,2025-02-02 16:39:10.634222210,Entregado,True
10918,9315,1,2026-03-27 06:39:23.178391153,Entregado,True
10919,9316,1,2025-08-05 18:20:15.780334988,Entregado,True
10920,9317,1,2026-08-06 13:49:08.272799821,Entregado,True
10921,9318,1,2025-01-28 22:21:46.248080216,Entregado,True
10922,9319,1,2026-01-12 11:55:05.947666424,Entregado,True
10923,9320,1,2026-02-02 19:45:18.713585959,Entregado,True
10924,9321,1,2025-12-04 00:39:22.831986373,Reprogramado,False
10925,9321,2,2025-12-04 10:40:21.663972742,Entregado,True
10926,9322,1,2025-10-10 01:23:14.255568718,Entregado,True
10927,9323,1,2026-07-15 20:46:38.403561316,Entregado,True
10928,9324,1,2025-07-18 15:18:38.812096281,Entregado,True
10929,9325,1,2026-07-11 15:06:38.848677955,Entregado,True
10930,9326,1,2026-04-25 08:32:11.047486704,Entregado,True
10931,9327,1,2026-08-27 07:18:39.553203967,Entregado,True
10932,9328,1,2026-08-07 05:26:50.223493132,Entregado,True
10933,9329,1,2025-03-15 01:41:17.679566706,Entregado,True
10934,9330,1,2026-05-21 07:36:03.138499504,Entregado,True
10935,9331,1,2025-04-21 08:10:36.534042372,Entregado,True
10936,9332,1,2026-01-18 02:44:39.778734213,Entregado,True
10937,9333,1,2026-02-03 15:35:03.518273270,Entregado,True
10938,9334,1,2026-02-16 13:21:55.077307934,Entregado,True
10939,9335,1,2025-12-19 02:53:29.233572950,Entregado,True
10940,9336,1,2026-06-21 02:40:26.986973836,Entregado,True
10941,9337,1,2026-05-17 16:12:43.891370467,Entregado,True
10942,9338,1,2026-02-27 02:24:14.597320701,Entregado,True
10943,9339,1,2026-07-12 00:19:12.000000000,Entregado,True
10944,9340,1,2025-04-22 20:52:37.621387462,Entregado,True
10945,9341,1,2025-07-30 07:20:08.899119625,Cliente ausente,False
10946,9341,2,2025-08-01 04:02:29.798239250,Entregado,True
10947,9342,1,2026-03-19 09:05:33.364203975,Entregado,True
10948,9343,1,2025-06-28 19:16:16.090601815,Entregado,True
10949,9344,1,2026-03-04 06:43:05.610341683,Entregado,True
10950,9345,1,2025-11-25 01:44:18.991909680,Reprogramado,False
10951,9345,2,2025-11-25 18:22:01.983819360,Domicilio incorrecto,False
10952,9345,3,2025-11-26 10:59:44.975729040,Entregado,True
10953,9346,1,2025-01-12 09:40:17.994516542,Entregado,True
10954,9347,1,2025-09-09 21:50:17.491960500,Domicilio incorrecto,False
10955,9347,2,2025-09-10 13:54:58.983920996,Entregado,True
10956,9348,1,2025-08-24 20:53:22.133845734,Entregado,True
10957,9349,1,2026-07-22 01:28:35.717328594,Entregado,True
10958,9350,1,2025-05-13 05:17:17.294232519,Entregado,True
10959,9351,1,2026-06-19 00:50:57.306560838,Entregado,True
10960,9352,1,2025-04-15 04:05:31.055317569,Entregado,True
10961,9353,1,2026-07-25 07:43:32.789451403,Entregado,True
10962,9354,1,2025-05-07 05:03:18.260492749,Domicilio incorrecto,False
10963,9354,2,2025-05-09 00:42:36.520985502,Entregado,True
10964,9355,1,2026-07-22 05:44:26.763723693,Entregado,True
10965,9356,1,2025-12-14 16:09:15.379014430,Cliente ausente,False
10966,9356,2,2025-12-15 18:46:06.758028865,Entregado,True
10967,9357,1,2025-07-02 21:02:50.371513602,Entregado,True
10968,9358,1,2026-05-31 02:53:26.507785059,Entregado,True
10969,9359,1,2026-01-18 04:47:45.805077160,Entregado,True
10970,9360,1,2026-04-12 13:14:45.849323601,Entregado,True
10971,9361,1,2025-12-08 14:32:06.900409842,Entregado,True
10972,9362,1,2025-05-22 16:33:50.675976871,Acceso restringido,False
10973,9362,2,2025-05-23 17:18:29.351953742,Cliente ausente,False
10974,9362,3,2025-05-24 18:03:08.027930613,Entregado,True
10975,9363,1,2025-04-22 09:13:32.127876786,Cliente ausente,False
10976,9363,2,2025-04-23 11:25:52.255753572,Domicilio incorrecto,False
10977,9363,3,2025-04-24 13:38:12.383630361,Entregado,True
10978,9364,1,2025-09-20 11:14:45.537592513,Entregado,True
10979,9365,1,2025-07-10 15:54:30.116653761,Entregado,True
10980,9366,1,2025-12-24 21:03:00.000000000,Entregado,True
10981,9367,1,2025-10-01 19:41:02.450783335,Entregado,True
10982,9368,1,2026-08-28 04:18:12.197780604,Entregado,True
10983,9369,1,2026-03-28 10:37:54.174763851,Entregado,True
10984,9370,1,2026-02-23 05:17:58.661574496,Domicilio incorrecto,False
10985,9370,2,2026-02-24 12:04:45.323148993,Entregado,True
10986,9371,1,2026-01-26 12:29:20.835413563,Entregado,True
10987,9372,1,2025-12-07 10:48:45.626432223,Entregado,True
10988,9373,1,2025-11-09 00:30:33.133954298,Entregado,True
10989,9374,1,2025-11-28 20:23:11.962220874,Entregado,True
10990,9375,1,2025-02-18 06:35:36.782462493,Entregado,True
10991,9376,1,2025-05-31 12:05:05.992053234,Entregado,True
10992,9377,1,2025-12-18 03:25:07.051194768,Entregado,True
10993,9378,1,2025-11-20 12:48:10.009594033,Entregado,True
10994,9379,1,2025-05-02 20:17:32.078329184,Entregado,True
10995,9380,1,2026-02-03 16:59:54.913506111,Entregado,True
10996,9381,1,2025-02-08 09:25:43.877429749,Entregado,True
10997,9382,1,2025-07-07 19:12:13.798459544,Cliente ausente,False
10998,9382,2,2025-07-08 22:25:03.596919085,Reprogramado,False
10999,9382,3,2025-07-10 01:37:53.395378629,Entregado,True
11000,9383,1,2026-02-27 12:21:54.742481222,Entregado,True
11001,9384,1,2026-04-08 22:01:42.602211181,Entregado,True
11002,9385,1,2025-04-21 07:38:43.386208425,Entregado,True
11003,9386,1,2025-07-10 04:26:06.068615107,Entregado,True
11004,9387,1,2026-04-18 03:12:06.508728216,Entregado,True
11005,9388,1,2025-03-20 16:50:09.384064184,Entregado,True
11006,9389,1,2026-01-11 00:30:35.079707606,Entregado,True
11007,9390,1,2025-11-29 17:34:37.570399240,Entregado,True
11008,9391,1,2025-05-09 16:27:33.741680097,Entregado,True
11009,9392,1,2025-11-16 04:54:52.669795665,Entregado,True
11010,9393,1,2025-11-19 04:49:24.410939736,Entregado,True
11011,9394,1,2026-04-24 12:05:33.014047628,Entregado,True
11012,9395,1,2026-05-06 06:05:27.394667534,Entregado,True
11013,9396,1,2026-05-30 12:00:15.498762958,Entregado,True
11014,9397,1,2025-12-01 08:26:26.085497499,Cliente ausente,False
11015,9397,2,2025-12-02 06:25:16.170994999,Entregado,True
11016,9398,1,2025-03-13 23:24:56.348079624,Entregado,True
11017,9399,1,2026-04-12 01:58:39.670122017,Reprogramado,False
11018,9399,2,2026-04-13 18:22:31.340244031,Entregado,True
11019,9400,1,2026-01-12 20:42:48.527888803,Cliente ausente,False
11020,9400,2,2026-01-14 07:20:13.055777610,Entregado,True
11021,9401,1,2025-01-09 03:04:59.343633609,Entregado,True
11022,9402,1,2025-06-15 14:45:06.992405848,Entregado,True
11023,9403,1,2025-10-23 22:50:47.040037476,Cliente ausente,False
11024,9403,2,2025-10-25 12:49:22.080074952,Entregado,True
11025,9404,1,2025-12-25 22:51:27.221853330,Entregado,True
11026,9405,1,2025-03-22 21:29:48.086648962,Entregado,True
11027,9406,1,2025-10-05 19:22:53.521550338,Entregado,True
11028,9407,1,2026-06-25 00:22:39.211587721,Cliente ausente,False
11029,9407,2,2026-06-25 14:56:42.423175446,Entregado,True
11030,9408,1,2025-02-17 22:19:14.898453384,Entregado,True
11031,9409,1,2026-01-31 06:15:12.321639961,Entregado,True
11032,9410,1,2026-07-23 11:08:18.934700082,Entregado,True
11033,9411,1,2025-03-24 02:06:50.811771430,Entregado,True
11034,9412,1,2026-05-30 04:50:38.760517737,Cliente ausente,False
11035,9412,2,2026-05-31 12:18:29.521035475,Cliente ausente,False
11036,9412,3,2026-06-01 19:46:20.281553212,Entregado,True
11037,9413,1,2025-01-26 18:36:21.754434891,Entregado,True
11038,9414,1,2025-08-17 05:22:30.948552771,Entregado,True
11039,9415,1,2026-03-16 17:00:13.040701174,Entregado,True
11040,9416,1,2025-10-27 06:35:09.993748124,Entregado,True
11041,9417,1,2025-09-20 12:11:48.240988047,Entregado,True
11042,9418,1,2025-01-13 23:59:47.020237447,Entregado,True
11043,9419,1,2025-06-10 01:57:55.464996319,Entregado,True
11044,9420,1,2025-06-10 03:36:48.162268483,Entregado,True
11045,9421,1,2025-11-20 00:01:35.603931835,Entregado,True
11046,9422,1,2025-07-23 10:50:36.005919554,Entregado,True
11047,9423,1,2025-05-04 02:27:42.560091838,Entregado,True
11048,9424,1,2025-05-20 05:32:11.261213620,Cliente ausente,False
11049,9424,2,2025-05-21 00:38:34.522427238,Entregado,True
11050,9425,1,2026-07-24 08:24:07.009873160,Entregado,True
11051,9426,1,2025-12-08 14:46:43.072698950,Entregado,True
11052,9427,1,2025-09-20 14:30:25.160090817,Entregado,True
11053,9428,1,2026-03-12 06:17:39.468679256,Entregado,True
11054,9429,1,2025-02-15 09:04:45.454045857,Entregado,True
11055,9430,1,2025-12-24 13:31:44.299060910,Entregado,True
11056,9431,1,2025-04-08 21:55:29.494795764,Cliente ausente,False
11057,9431,2,2025-04-09 06:30:34.989591528,Entregado,True
11058,9432,1,2026-06-26 04:44:48.691118122,Entregado,True
11059,9433,1,2025-08-27 20:32:50.095670211,Entregado,True
11060,9434,1,2026-04-22 21:09:37.139816952,Entregado,True
11061,9435,1,2026-06-11 04:51:47.487755746,Entregado,True
11062,9436,1,2026-07-15 20:04:08.571899395,Entregado,True
11063,9437,1,2025-01-13 08:56:31.475416074,Entregado,True
11064,9438,1,2026-01-28 15:03:02.313936817,Entregado,True
11065,9439,1,2025-07-30 00:49:01.918898526,Reprogramado,False
11066,9439,2,2025-07-30 17:06:15.837797052,Entregado,True
11067,9440,1,2025-02-27 05:17:35.297446380,Entregado,True
11068,9441,1,2025-06-02 22:57:51.004964635,Entregado,True
11069,9442,1,2026-02-15 14:39:10.250063107,Entregado,True
11070,9443,1,2025-01-12 14:26:23.029494432,Entregado,True
11071,9444,1,2026-07-08 20:02:28.762942171,Entregado,True
11072,9445,1,2026-07-13 05:24:13.486908679,Entregado,True
11073,9446,1,2026-03-30 02:21:07.516134183,Entregado,True
11074,9447,1,2026-08-21 06:32:19.129654705,Entregado,True
11075,9448,1,2025-07-18 19:14:47.520206750,Entregado,True
11076,9449,1,2025-02-23 10:03:55.230620835,Entregado,True
11077,9450,1,2026-01-06 01:39:12.854807964,Entregado,True
11078,9451,1,2026-01-13 01:42:06.002734934,Entregado,True
11079,9452,1,2025-03-02 17:53:31.204898991,Entregado,True
11080,9453,1,2025-10-21 21:11:54.150075988,Cliente ausente,False
11081,9453,2,2025-10-22 11:16:36.300151977,Entregado,True
11082,9454,1,2025-04-23 00:58:24.304748710,Entregado,True
11083,9455,1,2026-06-30 04:56:52.289846905,Entregado,True
11084,9456,1,2025-04-19 16:28:32.216914056,Entregado,True
11085,9457,1,2025-10-25 23:24:51.568960518,Entregado,True
11086,9458,1,2025-04-07 14:56:14.563042393,Entregado,True
11087,9459,1,2026-04-21 00:33:39.186534574,Entregado,True
11088,9460,1,2025-03-23 05:33:58.789721091,Entregado,True
11089,9461,1,2025-09-12 16:54:30.896481268,Entregado,True
11090,9462,1,2025-12-08 21:27:34.391412795,Entregado,True
11091,9463,1,2025-03-01 22:41:17.983365032,Entregado,True
11092,9464,1,2025-05-28 05:46:40.516212406,Cliente ausente,False
11093,9464,2,2025-05-29 02:57:21.032424817,Entregado,True
11094,9465,1,2025-01-19 05:36:26.104259624,Entregado,True
11095,9466,1,2026-01-06 21:01:33.697662186,Entregado,True
11096,9467,1,2025-07-10 03:16:49.044812941,Entregado,True
11097,9468,1,2025-09-07 05:48:48.029026791,Entregado,True
11098,9469,1,2025-06-01 04:23:00.602797549,Entregado,True
11099,9470,1,2025-08-03 18:30:30.813471428,Entregado,True
11100,9471,1,2025-08-07 14:20:27.867414771,Entregado,True
11101,9472,1,2025-01-09 15:29:07.476415083,Entregado,True
11102,9473,1,2026-08-15 05:01:21.163368072,Entregado,True
11103,9474,1,2026-01-31 19:07:31.169584851,Entregado,True
11104,9475,1,2025-11-02 12:46:04.636654237,Entregado,True
11105,9476,1,2026-02-20 05:38:50.735369554,Entregado,True
11106,9477,1,2026-01-19 01:29:04.534292050,Entregado,True
11107,9478,1,2026-03-29 06:27:17.169081033,Entregado,True
11108,9479,1,2025-08-20 10:18:27.127184029,Entregado,True
11109,9480,1,2026-05-24 10:54:45.865970938,Entregado,True
11110,9481,1,2026-08-22 01:59:13.394868622,Entregado,True
11111,9482,1,2025-05-28 16:41:24.722690229,Entregado,True
11112,9483,1,2026-03-02 20:58:54.401635466,Entregado,True
11113,9484,1,2025-12-12 07:09:17.697670740,Entregado,True
11114,9485,1,2026-06-13 06:27:33.338128701,Entregado,True
11115,9486,1,2025-01-15 17:32:38.335019190,Entregado,True
11116,9487,1,2025-06-24 09:42:06.118482783,Entregado,True
11117,9488,1,2026-05-07 21:29:31.229890026,Entregado,True
11118,9489,1,2025-12-28 20:22:16.769768746,Entregado,True
11119,9490,1,2025-04-18 00:24:47.756942391,Entregado,True
11120,9491,1,2025-07-10 07:10:24.576892741,Entregado,True
11121,9492,1,2026-06-16 16:54:53.322764540,Entregado,True
11122,9493,1,2025-02-23 02:46:54.476218952,Entregado,True
11123,9494,1,2025-09-08 18:10:28.109753785,Entregado,True
11124,9495,1,2026-02-16 08:18:24.175754823,Entregado,True
11125,9496,1,2026-01-28 01:19:38.284504046,Entregado,True
11126,9497,1,2026-01-15 21:25:04.919268338,Entregado,True
11127,9498,1,2025-08-16 05:36:18.374352624,Entregado,True
11128,9499,1,2026-08-17 04:52:39.608535277,Entregado,True
11129,9500,1,2025-08-03 14:43:26.708527682,Entregado,True
11130,9501,1,2026-06-16 06:14:32.682180778,Entregado,True
11131,9502,1,2025-12-17 02:00:37.453523997,Entregado,True
11132,9503,1,2026-02-27 04:06:39.320820777,Entregado,True
11133,9504,1,2025-03-26 12:22:16.793387806,Entregado,True
11134,9505,1,2025-07-19 17:49:32.637954615,Entregado,True
11135,9506,1,2026-06-17 04:23:01.479216685,Entregado,True
11136,9507,1,2025-08-12 23:15:18.137239951,Entregado,True
11137,9508,1,2025-06-26 21:39:06.591255076,Entregado,True
11138,9509,1,2026-08-08 09:25:08.274942188,Entregado,True
11139,9510,1,2026-08-27 05:58:36.506375299,Entregado,True
11140,9511,1,2025-11-21 07:04:27.499440154,Entregado,True
11141,9512,1,2026-01-30 11:52:33.366106560,Acceso restringido,False
11142,9512,2,2026-01-31 17:30:06.732213120,Entregado,True
11143,9513,1,2026-07-28 08:50:54.091571401,Entregado,True
11144,9514,1,2025-03-29 01:01:21.091383343,Entregado,True
11145,9515,1,2025-09-25 16:56:34.344909477,Entregado,True
11146,9516,1,2026-02-04 10:58:26.050247058,Acceso restringido,False
11147,9516,2,2026-02-06 01:18:28.100494116,Entregado,True
11148,9517,1,2025-02-23 17:27:48.270248535,Entregado,True
11149,9518,1,2025-03-27 04:29:16.162601366,Reprogramado,False
11150,9518,2,2025-03-28 17:39:20.325202732,Entregado,True
11151,9519,1,2026-03-02 01:21:56.039287834,Entregado,True
11152,9520,1,2025-01-24 08:36:45.111759537,Entregado,True
11153,9521,1,2025-03-01 11:44:17.739222230,Entregado,True
11154,9522,1,2025-10-20 15:30:36.222454152,Entregado,True
11155,9523,1,2026-01-12 00:05:55.128155301,Entregado,True
11156,9524,1,2025-01-10 11:02:41.028452120,Entregado,True
11157,9525,1,2025-05-05 08:30:45.957354634,Entregado,True
11158,9526,1,2025-04-13 02:19:08.406779149,Entregado,True
11159,9527,1,2025-04-05 11:01:43.067337441,Entregado,True
11160,9528,1,2026-01-24 09:29:28.276317185,Entregado,True
11161,9529,1,2025-03-24 10:29:36.816901836,Entregado,True
11162,9530,1,2025-10-27 15:47:55.683490056,Entregado,True
11163,9531,1,2025-02-01 16:37:48.484294878,Entregado,True
11164,9532,1,2025-11-28 20:27:34.521234861,Entregado,True
11165,9533,1,2025-10-28 05:42:14.516740152,Cliente ausente,False
11166,9533,2,2025-10-29 20:01:05.033480307,Entregado,True
11167,9534,1,2025-01-15 00:19:36.595489299,Entregado,True
11168,9535,1,2025-03-11 21:10:13.874886998,Entregado,True
11169,9536,1,2026-06-09 11:23:01.959334159,Entregado,True
11170,9537,1,2025-01-25 17:47:54.587736542,Entregado,True
11171,9538,1,2025-12-04 17:47:37.743342608,Entregado,True
11172,9539,1,2026-03-04 05:09:24.212637608,Cliente ausente,False
11173,9539,2,2026-03-05 00:32:00.425275220,Entregado,True
11174,9540,1,2025-08-01 09:35:53.516546088,Entregado,True
11175,9541,1,2025-08-05 15:56:09.117338330,Entregado,True
11176,9542,1,2026-03-01 11:58:02.289078786,Entregado,True
11177,9543,1,2025-03-17 01:12:05.448236936,Entregado,True
11178,9544,1,2026-09-01 10:50:38.123153376,Entregado,True
11179,9545,1,2025-10-04 10:52:36.615046681,Entregado,True
11180,9546,1,2025-08-25 16:05:17.186548639,Entregado,True
11181,9547,1,2025-10-18 22:12:20.989806861,Entregado,True
11182,9548,1,2026-07-12 21:48:48.761049168,Entregado,True
11183,9549,1,2026-03-19 11:13:34.462763324,Entregado,True
11184,9550,1,2025-11-10 17:07:26.078606176,Reprogramado,False
11185,9550,2,2025-11-11 04:22:40.157212353,Entregado,True
11186,9551,1,2026-05-26 07:45:08.104640976,Entregado,True
11187,9552,1,2026-01-31 13:09:57.817572046,Entregado,True
11188,9553,1,2025-01-28 20:26:08.720774343,Entregado,True
11189,9554,1,2026-04-13 07:27:48.333817605,Entregado,True
11190,9555,1,2025-03-16 21:14:41.552056345,Domicilio incorrecto,False
11191,9555,2,2025-03-18 13:15:35.104112686,Entregado,True
11192,9556,1,2025-09-06 10:30:32.309456691,Entregado,True
11193,9557,1,2026-02-16 00:43:58.946657530,Entregado,True
11194,9558,1,2026-05-17 02:22:39.923144083,Entregado,True
11195,9559,1,2026-02-24 09:47:20.164772133,Entregado,True
11196,9560,1,2025-08-02 02:12:30.066235020,Entregado,True
11197,9561,1,2025-08-14 02:10:56.448362157,Entregado,True
11198,9562,1,2025-12-28 00:52:13.681505341,Entregado,True
11199,9563,1,2026-08-09 02:16:46.798553643,Entregado,True
11200,9564,1,2025-01-23 12:16:11.484142528,Entregado,True
11201,9565,1,2026-02-28 19:11:05.811560070,Entregado,True
11202,9566,1,2025-05-05 22:58:46.853406714,Entregado,True
11203,9567,1,2025-02-06 08:38:33.781349936,Entregado,True
11204,9568,1,2025-03-16 06:09:31.305673342,Entregado,True
11205,9569,1,2026-07-01 16:32:08.640879730,Entregado,True
11206,9570,1,2026-06-22 23:44:21.918982243,Entregado,True
11207,9571,1,2025-01-18 10:15:24.496923502,Entregado,True
11208,9572,1,2025-11-05 10:20:49.310833693,Entregado,True
11209,9573,1,2026-07-04 06:04:56.628401774,Entregado,True
11210,9574,1,2025-10-01 09:08:41.940717032,Entregado,True
11211,9575,1,2026-07-17 03:44:48.248554970,Entregado,True
11212,9576,1,2026-04-10 08:20:01.773383766,Entregado,True
11213,9577,1,2026-06-11 05:07:36.523206548,Entregado,True
11214,9578,1,2025-11-24 21:31:26.812424323,Entregado,True
11215,9579,1,2026-06-09 23:28:00.764080561,Entregado,True
11216,9580,1,2025-09-12 14:41:57.684343916,Entregado,True
11217,9581,1,2025-06-11 12:39:03.467759882,Entregado,True
11218,9582,1,2025-02-06 10:14:10.947751594,Cliente ausente,False
11219,9582,2,2025-02-07 08:40:57.895503189,Entregado,True
11220,9583,1,2025-07-18 15:14:36.309913868,Domicilio incorrecto,False
11221,9583,2,2025-07-19 12:19:00.619827736,Entregado,True
11222,9584,1,2026-03-28 03:18:59.321370214,Entregado,True
11223,9585,1,2026-01-15 12:20:34.335998887,Entregado,True
11224,9586,1,2025-09-05 14:31:43.729363203,Entregado,True
11225,9587,1,2026-01-30 09:09:54.123747073,Entregado,True
11226,9588,1,2025-07-26 04:54:45.807489686,Entregado,True
11227,9589,1,2025-02-14 20:01:32.075634090,Entregado,True
11228,9590,1,2025-11-13 07:39:54.820985274,Entregado,True
11229,9591,1,2026-02-14 09:08:33.283496439,Entregado,True
11230,9592,1,2025-07-28 04:59:53.936175825,Entregado,True
11231,9593,1,2025-08-31 06:34:49.151512221,Reprogramado,False
11232,9593,2,2025-09-02 07:43:50.303024443,Entregado,True
11233,9594,1,2025-02-12 18:03:13.564371297,Entregado,True
11234,9595,1,2026-08-12 19:02:06.091480132,Entregado,True
11235,9596,1,2025-12-30 10:25:24.341522541,Cliente ausente,False
11236,9596,2,2025-12-31 09:03:24.683045083,Entregado,True
11237,9597,1,2025-04-07 08:49:58.072554487,Entregado,True
11238,9598,1,2026-06-27 19:46:55.370743237,Entregado,True
11239,9599,1,2025-05-26 03:36:50.412545755,Entregado,True
11240,9600,1,2025-03-02 04:06:59.760498783,Entregado,True
11241,9601,1,2026-05-27 06:37:56.203148805,Entregado,True
11242,9602,1,2026-05-30 07:28:37.613766273,Entregado,True
11243,9603,1,2025-01-23 09:34:46.949681582,Entregado,True
11244,9604,1,2025-07-23 16:27:12.461247777,Cliente ausente,False
11245,9604,2,2025-07-23 23:10:00.922495555,Entregado,True
11246,9605,1,2026-04-19 14:06:05.916803421,Entregado,True
11247,9606,1,2025-10-12 20:10:28.987654080,Entregado,True
11248,9607,1,2026-01-11 22:46:37.893697777,Entregado,True
11249,9608,1,2025-01-28 03:59:38.526453999,Entregado,True
11250,9609,1,2025-05-11 07:16:19.792115126,Entregado,True
11251,9610,1,2026-01-15 11:21:36.000000000,Entregado,True
11252,9611,1,2026-05-24 01:44:21.491276226,Entregado,True
11253,9612,1,2026-08-02 18:32:59.840096676,Entregado,True
11254,9613,1,2025-06-26 21:25:31.399173487,Entregado,True
11255,9614,1,2026-04-22 06:56:00.229295223,Entregado,True
11256,9615,1,2026-05-02 01:42:11.002715258,Entregado,True
11257,9616,1,2025-10-03 17:30:12.486838269,Entregado,True
11258,9617,1,2026-02-28 02:22:12.000000000,Entregado,True
11259,9618,1,2026-06-21 06:54:40.298973062,Entregado,True
11260,9619,1,2025-03-02 21:50:28.212925023,Entregado,True
11261,9620,1,2025-10-01 19:54:55.010643375,Entregado,True
11262,9621,1,2025-07-19 17:23:20.588777242,Entregado,True
11263,9622,1,2025-03-21 00:22:09.832444374,Cliente ausente,False
11264,9622,2,2025-03-21 15:46:43.664888751,Cliente ausente,False
11265,9622,3,2025-03-22 07:11:17.497333125,Entregado,True
11266,9623,1,2025-09-03 23:37:39.300102894,Entregado,True
11267,9624,1,2025-01-26 17:16:23.446165710,Entregado,True
11268,9625,1,2025-08-25 22:50:45.332374812,Entregado,True
11269,9626,1,2025-05-11 15:20:36.985434561,Entregado,True
11270,9627,1,2025-05-21 03:35:26.612884172,Domicilio incorrecto,False
11271,9627,2,2025-05-22 03:21:05.225768348,Entregado,True
11272,9628,1,2026-02-03 06:10:43.692963650,Entregado,True
11273,9629,1,2025-05-11 20:26:33.206546630,Entregado,True
11274,9630,1,2025-04-27 12:31:30.997148520,Entregado,True
11275,9631,1,2026-06-10 03:44:29.149774551,Entregado,True
11276,9632,1,2026-06-06 03:26:17.040527235,Entregado,True
11277,9633,1,2025-05-28 06:13:47.644881574,Entregado,True
11278,9634,1,2025-06-17 09:00:44.293581820,Entregado,True
11279,9635,1,2025-06-20 01:35:00.809297070,Cliente ausente,False
11280,9635,2,2025-06-21 11:21:25.618594136,Entregado,True
11281,9636,1,2026-06-24 00:56:10.896346669,Entregado,True
11282,9637,1,2025-05-06 17:30:37.390350506,Entregado,True
11283,9638,1,2025-10-30 15:07:25.931079300,Entregado,True
11284,9639,1,2025-09-10 17:03:12.249904518,Entregado,True
11285,9640,1,2026-06-06 19:34:41.969557207,Entregado,True
11286,9641,1,2025-04-18 21:35:58.231901169,Entregado,True
11287,9642,1,2026-05-29 22:30:44.862373540,Entregado,True
11288,9643,1,2026-05-22 02:58:49.320903457,Entregado,True
11289,9644,1,2025-08-20 21:23:39.662834672,Entregado,True
11290,9645,1,2025-03-06 19:25:47.920749639,Entregado,True
11291,9646,1,2026-08-15 10:59:44.576015222,Entregado,True
11292,9647,1,2025-08-24 04:10:00.473557357,Entregado,True
11293,9648,1,2026-08-25 15:00:04.852939100,Entregado,True
11294,9649,1,2025-07-04 13:35:21.631833909,Entregado,True
11295,9650,1,2025-11-16 06:35:53.514161343,Entregado,True
11296,9651,1,2025-04-05 20:24:34.124017640,Entregado,True
11297,9652,1,2025-03-06 12:28:57.566311024,Entregado,True
11298,9653,1,2025-08-11 20:43:02.760282163,Entregado,True
11299,9654,1,2025-09-04 21:20:49.116484266,Entregado,True
11300,9655,1,2026-04-19 13:51:54.863470094,Entregado,True
11301,9656,1,2025-02-28 21:04:46.543577710,Entregado,True
11302,9657,1,2025-03-28 03:32:11.282311787,Entregado,True
11303,9658,1,2025-02-10 07:42:44.744909410,Entregado,True
11304,9659,1,2025-07-01 22:15:14.764791196,Entregado,True
11305,9660,1,2025-06-15 19:22:13.967357455,Entregado,True
11306,9661,1,2025-05-08 10:53:00.110272365,Entregado,True
11307,9662,1,2025-07-29 04:13:37.390209013,Entregado,True
11308,9663,1,2026-02-18 04:03:07.324690719,Entregado,True
11309,9664,1,2026-08-24 01:14:05.436984710,Entregado,True
11310,9665,1,2025-05-06 19:33:06.258234106,Entregado,True
11311,9666,1,2026-05-25 15:10:55.088896713,Entregado,True
11312,9667,1,2026-04-18 01:16:38.723114092,Entregado,True
11313,9668,1,2026-01-16 02:29:03.203032239,Entregado,True
11314,9669,1,2025-11-17 04:49:42.735933620,Entregado,True
11315,9670,1,2026-08-03 10:15:01.949582001,Entregado,True
11316,9671,1,2025-05-06 06:09:08.420475304,Entregado,True
11317,9672,1,2026-03-29 08:35:04.952983178,Entregado,True
11318,9673,1,2025-07-28 09:26:02.712476590,Reprogramado,False
11319,9673,2,2025-07-29 10:34:05.424953185,Entregado,True
11320,9674,1,2025-10-31 10:01:24.448656691,Entregado,True
11321,9675,1,2026-05-06 05:10:17.669109288,Entregado,True
11322,9676,1,2025-05-25 16:00:33.596788456,Entregado,True
11323,9677,1,2026-04-23 09:17:22.176623212,Entregado,True
11324,9678,1,2026-07-26 21:12:51.757910028,Entregado,True
11325,9679,1,2025-11-03 10:54:22.238630449,Entregado,True
11326,9680,1,2026-08-18 17:21:20.086194236,Entregado,True
11327,9681,1,2025-02-04 07:34:31.916342708,Entregado,True
11328,9682,1,2026-01-15 11:36:12.589015762,Entregado,True
11329,9683,1,2025-12-09 01:14:06.348284912,Entregado,True
11330,9684,1,2025-07-30 06:28:14.691562460,Entregado,True
11331,9685,1,2025-08-31 22:11:54.130998901,Cliente ausente,False
11332,9685,2,2025-09-01 12:25:36.261997806,Entregado,True
11333,9686,1,2025-05-30 16:42:28.461742894,Entregado,True
11334,9687,1,2025-12-09 20:26:53.109200068,Entregado,True
11335,9688,1,2025-04-04 19:49:52.130936758,Entregado,True
11336,9689,1,2025-11-27 18:32:30.201765730,Entregado,True
11337,9690,1,2025-06-24 18:33:04.422723375,Entregado,True
11338,9691,1,2025-02-01 23:19:10.707795627,Entregado,True
11339,9692,1,2025-10-02 16:59:24.367236208,Entregado,True
11340,9693,1,2025-04-07 04:51:21.276049316,Entregado,True
11341,9694,1,2025-06-03 18:53:16.206920080,Entregado,True
11342,9695,1,2025-05-23 05:20:40.441935123,Domicilio incorrecto,False
11343,9695,2,2025-05-24 02:59:20.883870247,Entregado,True
11344,9696,1,2025-08-21 13:50:26.464306542,Entregado,True
11345,9697,1,2025-05-10 02:33:22.656909283,Entregado,True
11346,9698,1,2025-10-09 12:16:34.952446545,Entregado,True
11347,9699,1,2026-06-27 20:58:52.469298300,Entregado,True
11348,9700,1,2026-06-16 22:46:28.241312260,Entregado,True
11349,9701,1,2026-04-11 18:07:05.692883569,Entregado,True
11350,9702,1,2025-09-28 03:43:55.283987899,Entregado,True
11351,9703,1,2026-07-26 05:53:45.782368306,Acceso restringido,False
11352,9703,2,2026-07-26 23:53:31.564736617,Entregado,True
11353,9704,1,2026-08-28 17:33:17.714143893,Acceso restringido,False
11354,9704,2,2026-08-29 23:20:59.428287787,Entregado,True
11355,9705,1,2025-09-20 07:55:20.280299678,Entregado,True
11356,9706,1,2025-02-24 07:26:31.638292634,Entregado,True
11357,9707,1,2025-05-13 16:51:45.907852654,Cliente ausente,False
11358,9707,2,2025-05-13 21:38:07.815705313,Domicilio incorrecto,False
11359,9707,3,2025-05-14 02:24:29.723557968,Entregado,True
11360,9708,1,2026-05-21 22:07:18.901477063,Entregado,True
11361,9709,1,2025-07-07 19:23:52.631900876,Entregado,True
11362,9710,1,2026-02-15 07:57:15.309363664,Entregado,True
11363,9711,1,2025-04-04 15:09:37.329042923,Entregado,True
11364,9712,1,2026-03-14 14:47:57.415164388,Entregado,True
11365,9713,1,2025-07-13 06:55:51.265053735,Entregado,True
11366,9714,1,2026-04-26 00:51:49.307443696,Reprogramado,False
11367,9714,2,2026-04-26 18:18:26.614887393,Entregado,True
11368,9715,1,2026-01-19 18:35:15.279004712,Entregado,True
11369,9716,1,2026-03-21 10:49:25.477406313,Entregado,True
11370,9717,1,2025-05-17 00:09:31.000700034,Entregado,True
11371,9718,1,2026-03-06 02:23:21.516375998,Entregado,True
11372,9719,1,2025-09-08 16:03:53.294970808,Entregado,True
11373,9720,1,2025-03-06 00:48:33.931010980,Entregado,True
11374,9721,1,2026-07-17 16:33:28.890396712,Entregado,True
11375,9722,1,2026-02-27 00:54:36.487930431,Entregado,True
11376,9723,1,2025-08-15 22:03:29.352384421,Entregado,True
11377,9724,1,2026-01-21 20:13:05.211672164,Entregado,True
11378,9725,1,2025-11-17 07:45:28.289670037,Entregado,True
11379,9726,1,2025-08-14 22:54:42.847248729,Entregado,True
11380,9727,1,2026-02-28 02:17:29.094894758,Entregado,True
11381,9728,1,2025-03-22 04:56:27.763054468,Reprogramado,False
11382,9728,2,2025-03-24 01:15:07.526108937,Entregado,True
11383,9729,1,2026-01-04 11:22:00.204567783,Entregado,True
11384,9730,1,2025-01-26 08:49:50.814650485,Entregado,True
11385,9731,1,2026-07-06 02:26:00.063351816,Entregado,True
11386,9732,1,2025-11-28 11:20:36.378045466,Entregado,True
11387,9733,1,2025-06-08 08:41:24.232855776,Entregado,True
11388,9734,1,2025-02-26 23:39:13.048484900,Entregado,True
11389,9735,1,2025-09-06 22:11:44.807689683,Reprogramado,False
11390,9735,2,2025-09-08 11:45:41.615379367,Entregado,True
11391,9736,1,2025-09-20 15:07:08.875616325,Entregado,True
11392,9737,1,2026-03-13 20:47:26.677397558,Entregado,True
11393,9738,1,2026-06-13 14:17:39.061252654,Entregado,True
11394,9739,1,2026-04-26 03:25:38.856595303,Entregado,True
11395,9740,1,2026-06-27 02:22:55.760575929,Entregado,True
11396,9741,1,2026-06-23 03:12:24.289830316,Entregado,True
11397,9742,1,2026-01-19 10:36:06.967533769,Entregado,True
11398,9743,1,2025-04-16 11:25:58.290558495,Entregado,True
11399,9744,1,2025-01-30 05:22:32.150675737,Cliente ausente,False
11400,9744,2,2025-01-30 13:50:28.301351478,Acceso restringido,False
11401,9744,3,2025-01-30 22:18:24.452027215,Entregado,True
11402,9745,1,2026-05-01 08:01:54.693217279,Entregado,True
11403,9746,1,2025-03-04 20:20:18.400409692,Entregado,True
11404,9747,1,2025-02-19 21:11:44.435063558,Entregado,True
11405,9748,1,2026-01-04 17:00:57.681630892,Entregado,True
11406,9749,1,2026-07-03 12:12:29.720590970,Entregado,True
11407,9750,1,2026-07-01 11:36:36.884016514,Entregado,True
11408,9751,1,2025-09-25 05:10:08.384053195,Entregado,True
11409,9752,1,2025-06-27 16:12:48.572941395,Entregado,True
11410,9753,1,2025-02-14 22:59:21.590323396,Entregado,True
11411,9754,1,2025-08-07 19:47:12.118222244,Entregado,True
11412,9755,1,2025-05-10 02:12:54.086986854,Entregado,True
11413,9756,1,2026-01-17 10:37:43.876183396,Entregado,True
11414,9757,1,2025-11-18 03:47:06.427231112,Entregado,True
11415,9758,1,2025-11-05 14:26:33.003819466,Entregado,True
11416,9759,1,2025-07-22 12:40:57.657345412,Entregado,True
11417,9760,1,2025-03-28 20:15:38.240422390,Entregado,True
11418,9761,1,2025-02-12 09:21:31.714848734,Entregado,True
11419,9762,1,2026-07-06 22:03:35.707063531,Entregado,True
11420,9763,1,2025-12-30 18:10:38.800723249,Entregado,True
11421,9764,1,2025-09-28 12:17:56.438811027,Entregado,True
11422,9765,1,2025-12-31 08:03:50.394718000,Entregado,True
11423,9766,1,2026-01-03 15:16:55.786810731,Entregado,True
11424,9767,1,2025-06-30 21:07:48.477269197,Cliente ausente,False
11425,9767,2,2025-07-01 06:20:24.954538390,Entregado,True
11426,9768,1,2025-08-22 02:02:48.426005090,Entregado,True
11427,9769,1,2025-03-14 04:59:09.163366537,Entregado,True
11428,9770,1,2026-08-15 00:34:40.886460559,Entregado,True
11429,9771,1,2026-05-05 05:09:21.674070442,Entregado,True
11430,9772,1,2025-08-23 00:46:48.000000000,Entregado,True
11431,9773,1,2026-03-09 09:43:27.948442090,Entregado,True
11432,9774,1,2025-10-24 05:12:48.882034195,Entregado,True
11433,9775,1,2025-12-18 09:19:29.254946901,Entregado,True
11434,9776,1,2025-04-12 04:01:37.656165817,Entregado,True
11435,9777,1,2025-12-26 00:10:17.800864345,Entregado,True
11436,9778,1,2025-05-14 08:50:29.447717164,Entregado,True
11437,9779,1,2026-06-04 21:48:03.584567253,Entregado,True
11438,9780,1,2026-01-19 22:11:22.731811018,Cliente ausente,False
11439,9780,2,2026-01-20 20:44:57.463622037,Cliente ausente,False
11440,9780,3,2026-01-21 19:18:32.195433056,Entregado,True
11441,9781,1,2026-07-19 09:41:29.187503350,Entregado,True
11442,9782,1,2025-03-10 06:21:09.804113024,Entregado,True
11443,9783,1,2026-02-03 09:08:57.692532260,Entregado,True
11444,9784,1,2025-07-01 15:35:55.099019652,Entregado,True
11445,9785,1,2026-08-11 01:29:27.581708576,Entregado,True
11446,9786,1,2025-07-10 22:19:41.363597665,Entregado,True
11447,9787,1,2025-07-04 22:19:49.060041034,Entregado,True
11448,9788,1,2026-05-07 09:45:00.000000000,Entregado,True
11449,9789,1,2026-08-04 02:25:34.814137573,Entregado,True
11450,9790,1,2025-06-19 23:15:59.252846821,Entregado,True
11451,9791,1,2025-11-19 09:55:41.909717596,Entregado,True
11452,9792,1,2025-06-22 11:08:23.318438776,Entregado,True
11453,9793,1,2026-01-04 19:25:47.564426305,Entregado,True
11454,9794,1,2025-04-23 14:39:08.704263016,Entregado,True
11455,9795,1,2025-03-19 22:19:03.903289680,Acceso restringido,False
11456,9795,2,2025-03-20 09:28:31.806579356,Entregado,True
11457,9796,1,2025-09-12 09:53:28.151012695,Entregado,True
11458,9797,1,2025-08-28 04:13:46.215085998,Entregado,True
11459,9798,1,2025-04-05 09:17:54.385033916,Entregado,True
11460,9799,1,2025-02-06 08:04:22.434528471,Entregado,True
11461,9800,1,2026-04-28 00:44:19.276661544,Entregado,True
11462,9801,1,2026-02-10 07:43:00.072714453,Entregado,True
11463,9802,1,2025-08-12 13:22:13.233551329,Entregado,True
11464,9803,1,2026-05-07 05:51:41.281050231,Entregado,True
11465,9804,1,2025-12-07 20:33:34.711979936,Entregado,True
11466,9805,1,2026-05-31 09:33:05.048178084,Entregado,True
11467,9806,1,2026-08-25 03:15:04.534823358,Entregado,True
11468,9807,1,2025-09-13 12:21:22.503570192,Entregado,True
11469,9808,1,2026-01-02 00:38:49.155113641,Entregado,True
11470,9809,1,2026-06-13 20:27:07.721609464,Entregado,True
11471,9810,1,2025-05-25 07:48:38.082883654,Cliente ausente,False
11472,9810,2,2025-05-28 00:28:52.165767309,Entregado,True
11473,9811,1,2025-11-08 23:20:19.016648700,Entregado,True
11474,9812,1,2026-08-07 17:28:56.042100458,Entregado,True
11475,9813,1,2025-11-12 11:50:02.166680968,Entregado,True
11476,9814,1,2025-10-09 18:41:36.423245223,Entregado,True
11477,9815,1,2026-07-25 00:08:09.328798737,Entregado,True
11478,9816,1,2025-12-14 03:43:39.765927392,Entregado,True
11479,9817,1,2026-01-26 01:25:45.404905857,Entregado,True
11480,9818,1,2025-11-01 16:11:43.974198776,Entregado,True
11481,9819,1,2026-05-26 14:28:29.145561538,Entregado,True
11482,9820,1,2025-09-07 00:44:32.278669047,Entregado,True
11483,9821,1,2026-05-06 16:57:35.636015221,Entregado,True
11484,9822,1,2025-08-28 20:27:03.242189174,Entregado,True
11485,9823,1,2026-06-13 13:00:36.000000000,Entregado,True
11486,9824,1,2025-12-16 03:31:21.839481735,Entregado,True
11487,9825,1,2025-12-19 23:29:19.173523866,Reprogramado,False
11488,9825,2,2025-12-21 04:20:14.347047732,Entregado,True
11489,9826,1,2025-06-06 04:37:56.295653660,Reprogramado,False
11490,9826,2,2025-06-07 09:05:40.591307320,Entregado,True
11491,9827,1,2026-05-26 18:37:20.621278344,Entregado,True
11492,9828,1,2026-08-21 13:46:37.114422221,Entregado,True
11493,9829,1,2026-07-24 05:43:06.557558185,Entregado,True
11494,9830,1,2026-03-04 22:13:36.167643220,Entregado,True
11495,9831,1,2026-02-07 04:36:46.004035924,Entregado,True
11496,9832,1,2025-03-01 15:02:33.639965754,Cliente ausente,False
11497,9832,2,2025-03-02 23:29:07.279931504,Entregado,True
11498,9833,1,2025-05-23 14:55:01.407181555,Entregado,True
11499,9834,1,2026-04-14 10:19:32.325616754,Entregado,True
11500,9835,1,2025-05-31 13:26:29.293969610,Cliente ausente,False
11501,9835,2,2025-06-01 13:28:22.587939224,Entregado,True
11502,9836,1,2026-03-26 10:16:41.621134904,Entregado,True
11503,9837,1,2025-06-24 18:34:27.052035308,Entregado,True
11504,9838,1,2025-11-10 00:40:14.354607716,Entregado,True
11505,9839,1,2025-03-03 21:07:48.000000000,Entregado,True
11506,9840,1,2025-04-15 07:28:34.727411614,Cliente ausente,False
11507,9840,2,2025-04-16 20:44:33.454823225,Entregado,True
11508,9841,1,2025-01-30 01:51:21.064074667,Entregado,True
11509,9842,1,2026-08-21 23:20:04.619121367,Entregado,True
11510,9843,1,2025-05-16 05:55:01.358333551,Entregado,True
11511,9844,1,2025-03-02 12:00:01.028918379,Entregado,True
11512,9845,1,2025-03-31 21:14:15.354093210,Entregado,True
11513,9846,1,2025-03-14 18:34:55.376151747,Entregado,True
11514,9847,1,2025-07-08 15:44:00.729155173,Entregado,True
11515,9848,1,2026-03-14 15:02:25.703940220,Entregado,True
11516,9849,1,2026-07-27 04:14:24.160730636,Entregado,True
11517,9850,1,2026-04-20 15:25:34.145578426,Entregado,True
11518,9851,1,2025-06-21 02:00:16.242088978,Entregado,True
11519,9852,1,2026-08-02 06:48:27.018158061,Entregado,True
11520,9853,1,2025-05-05 08:34:50.387812154,Entregado,True
11521,9854,1,2025-08-03 07:53:27.915206380,Entregado,True
11522,9855,1,2025-07-02 16:26:51.154450119,Entregado,True
11523,9856,1,2025-03-16 02:52:17.536355234,Entregado,True
11524,9857,1,2026-07-11 19:29:25.982476454,Entregado,True
11525,9858,1,2025-07-19 06:58:57.259186586,Entregado,True
11526,9859,1,2026-07-23 11:06:20.559848083,Domicilio incorrecto,False
11527,9859,2,2026-07-23 14:25:17.119696166,Entregado,True
11528,9860,1,2025-10-20 07:46:41.795474930,Domicilio incorrecto,False
11529,9860,2,2025-10-21 11:09:23.590949857,Entregado,True
11530,9861,1,2025-03-02 00:58:46.244385624,Entregado,True
11531,9862,1,2025-10-29 07:38:29.749990117,Entregado,True
11532,9863,1,2025-11-15 08:44:38.130335710,Reprogramado,False
11533,9863,2,2025-11-16 01:29:52.260671421,Reprogramado,False
11534,9863,3,2025-11-16 18:15:06.391007128,Entregado,True
11535,9864,1,2026-01-07 03:37:28.893710135,Entregado,True
11536,9865,1,2025-03-26 08:48:48.867492567,Entregado,True
11537,9866,1,2025-04-07 00:50:22.096102340,Entregado,True
11538,9867,1,2025-09-27 17:11:14.221059342,Entregado,True
11539,9868,1,2025-06-14 17:32:09.901580175,Entregado,True
11540,9869,1,2026-05-18 07:06:27.624625714,Cliente ausente,False
11541,9869,2,2026-05-19 02:51:55.249251429,Entregado,True
11542,9870,1,2026-01-15 04:56:12.104489522,Entregado,True
11543,9871,1,2025-04-26 09:18:10.662678536,Entregado,True
11544,9872,1,2026-08-03 23:48:40.238605108,Entregado,True
11545,9873,1,2025-10-07 19:11:22.455945945,Entregado,True
11546,9874,1,2026-03-11 19:57:11.213954909,Entregado,True
11547,9875,1,2025-09-01 13:39:05.741431110,Entregado,True
11548,9876,1,2025-10-16 10:47:27.035615734,Entregado,True
11549,9877,1,2025-01-07 16:55:53.564127402,Entregado,True
11550,9878,1,2025-11-18 18:34:22.943876862,Entregado,True
11551,9879,1,2025-11-17 23:41:49.423012641,Acceso restringido,False
11552,9879,2,2025-11-18 15:18:14.846025286,Entregado,True
11553,9880,1,2025-01-08 12:52:31.949794210,Reprogramado,False
11554,9880,2,2025-01-08 16:58:15.899588425,Entregado,True
11555,9881,1,2025-02-24 22:06:19.254248222,Entregado,True
11556,9882,1,2025-05-25 18:52:36.001673007,Entregado,True
11557,9883,1,2025-10-11 19:16:27.686133948,Entregado,True
11558,9884,1,2025-04-02 05:42:48.182386615,Entregado,True
11559,9885,1,2025-01-31 09:39:50.163373378,Entregado,True
11560,9886,1,2026-06-13 07:23:43.937152360,Entregado,True
11561,9887,1,2025-10-01 07:59:31.474562935,Entregado,True
11562,9888,1,2025-04-11 14:23:09.964722026,Entregado,True
11563,9889,1,2025-07-25 00:58:01.122019237,Entregado,True
11564,9890,1,2025-07-11 23:16:55.112164665,Entregado,True
11565,9891,1,2026-07-04 05:02:04.793490603,Entregado,True
11566,9892,1,2025-10-25 12:30:44.416452927,Entregado,True
11567,9893,1,2025-12-10 20:15:03.989977574,Entregado,True
11568,9894,1,2025-02-23 07:54:22.126357666,Entregado,True
11569,9895,1,2025-02-18 14:48:35.756252330,Entregado,True
11570,9896,1,2026-02-28 14:47:31.851756913,Entregado,True
11571,9897,1,2026-04-11 19:58:45.541470572,Entregado,True
11572,9898,1,2026-07-11 05:44:53.371027363,Entregado,True
11573,9899,1,2026-03-09 02:23:25.169568903,Entregado,True
11574,9900,1,2026-02-02 18:43:03.054504320,Entregado,True
11575,9901,1,2025-07-17 18:58:49.930504644,Entregado,True
11576,9902,1,2025-03-10 04:22:05.010500384,Entregado,True
11577,9903,1,2026-07-11 03:49:09.256222272,Entregado,True
11578,9904,1,2026-08-27 05:40:07.530330799,Entregado,True
11579,9905,1,2025-01-30 05:38:46.113248083,Entregado,True
11580,9906,1,2026-04-24 05:48:37.692690278,Entregado,True
11581,9907,1,2026-07-27 17:03:57.495459416,Entregado,True
11582,9908,1,2025-03-24 22:39:28.664446496,Entregado,True
11583,9909,1,2026-02-07 07:42:30.318408964,Entregado,True
11584,9910,1,2026-01-31 05:52:41.583798958,Entregado,True
11585,9911,1,2025-02-16 00:09:43.114291574,Entregado,True
11586,9912,1,2026-04-24 05:56:19.753786636,Entregado,True
11587,9913,1,2025-04-03 07:29:26.303001338,Entregado,True
11588,9914,1,2025-11-28 07:46:41.594747602,Entregado,True
11589,9915,1,2026-02-21 12:26:42.725124765,Entregado,True
11590,9916,1,2025-04-22 11:18:58.593092144,Reprogramado,False
11591,9916,2,2025-04-24 13:55:21.186184285,Entregado,True
11592,9917,1,2025-08-08 13:22:26.609291756,Entregado,True
11593,9918,1,2026-04-09 11:46:23.207160871,Entregado,True
11594,9919,1,2026-06-03 02:00:09.533216919,Entregado,True
11595,9920,1,2026-07-10 10:49:49.198294711,Entregado,True
11596,9921,1,2025-09-18 17:55:03.544379212,Entregado,True
11597,9922,1,2025-03-12 17:31:29.116954149,Entregado,True
11598,9923,1,2026-01-18 14:35:00.850467721,Entregado,True
11599,9924,1,2026-05-11 23:56:13.170816502,Entregado,True
11600,9925,1,2025-08-15 04:09:30.738286335,Entregado,True
11601,9926,1,2025-10-11 08:29:37.024880409,Entregado,True
11602,9927,1,2025-12-01 04:55:58.911890152,Entregado,True
11603,9928,1,2026-05-12 12:42:58.005563983,Cliente ausente,False
11604,9928,2,2026-05-13 19:03:08.011127970,Entregado,True
11605,9929,1,2025-07-09 08:19:41.881022889,Entregado,True
11606,9930,1,2026-05-05 12:24:02.019300415,Entregado,True
11607,9931,1,2026-05-23 03:11:41.272309921,Entregado,True
11608,9932,1,2026-05-04 17:01:55.925243738,Acceso restringido,False
11609,9932,2,2026-05-05 05:17:03.850487480,Entregado,True
11610,9933,1,2025-02-27 23:16:59.484733874,Entregado,True
11611,9934,1,2026-05-30 03:54:30.699247665,Entregado,True
11612,9935,1,2025-09-09 02:34:22.223190716,Entregado,True
11613,9936,1,2025-04-16 15:40:14.914697473,Entregado,True
11614,9937,1,2026-07-14 21:48:30.602586844,Entregado,True
11615,9938,1,2025-03-03 20:48:46.362147339,Entregado,True
11616,9939,1,2026-08-03 17:28:22.342247017,Entregado,True
11617,9940,1,2025-08-30 03:22:34.021575980,Entregado,True
11618,9941,1,2026-01-08 23:07:50.334280442,Entregado,True
11619,9942,1,2025-01-28 01:34:44.525666290,Entregado,True
11620,9943,1,2026-01-30 21:55:03.685202817,Entregado,True
11621,9944,1,2026-09-01 06:17:54.761331112,Entregado,True
11622,9945,1,2025-04-23 12:06:27.971181914,Entregado,True
11623,9946,1,2026-01-29 12:55:59.614910997,Entregado,True
11624,9947,1,2025-09-15 18:11:38.814297802,Entregado,True
11625,9948,1,2026-07-07 22:49:16.569570759,Entregado,True
11626,9949,1,2025-04-10 14:37:18.986943759,Entregado,True
11627,9950,1,2026-06-23 18:27:07.128227936,Entregado,True
11628,9951,1,2025-04-15 11:13:04.477357012,Entregado,True
11629,9952,1,2026-08-12 00:22:06.623533372,Entregado,True
11630,9953,1,2026-08-20 18:28:40.112531670,Entregado,True
11631,9954,1,2026-05-12 23:52:55.683470751,Entregado,True
11632,9955,1,2025-08-02 12:42:00.000000000,Entregado,True
11633,9956,1,2025-04-25 15:56:48.989893704,Entregado,True
11634,9957,1,2025-11-09 12:57:25.767432752,Entregado,True
11635,9958,1,2026-07-24 02:07:59.748845098,Entregado,True
11636,9959,1,2025-04-14 05:20:17.044499482,Entregado,True
11637,9960,1,2025-03-28 01:33:41.171350399,Entregado,True
11638,9961,1,2025-10-31 20:06:26.987040774,Entregado,True
11639,9962,1,2026-07-28 14:03:07.711166296,Entregado,True
11640,9963,1,2025-08-06 14:47:42.070579162,Entregado,True
11641,9964,1,2026-07-23 15:43:10.679078074,Entregado,True
11642,9965,1,2026-06-27 15:23:09.991756471,Entregado,True
11643,9966,1,2025-04-04 01:50:35.908346990,Acceso restringido,False
11644,9966,2,2025-04-05 12:50:47.816693980,Entregado,True
11645,9967,1,2026-03-30 03:03:28.271651090,Cliente ausente,False
11646,9967,2,2026-03-31 14:03:20.543302180,Entregado,True
11647,9968,1,2025-03-17 04:33:56.800394298,Entregado,True
11648,9969,1,2026-06-11 22:08:37.370939964,Entregado,True
11649,9970,1,2026-02-06 20:43:50.819664583,Entregado,True
11650,9971,1,2025-03-24 09:14:38.995265155,Reprogramado,False
11651,9971,2,2025-03-26 04:34:05.990530306,Entregado,True
11652,9972,1,2025-08-06 16:45:24.053466765,Entregado,True
11653,9973,1,2025-05-07 14:12:25.582370914,Entregado,True
11654,9974,1,2025-01-04 19:40:21.871379301,Entregado,True
11655,9975,1,2025-01-21 18:49:15.206786234,Entregado,True
11656,9976,1,2025-07-01 13:23:49.440618394,Entregado,True
11657,9977,1,2026-02-17 15:45:50.314643222,Entregado,True
11658,9978,1,2025-03-05 02:27:59.367143948,Entregado,True
11659,9979,1,2025-10-02 12:15:04.328452688,Entregado,True
11660,9980,1,2025-01-12 03:00:37.004143867,Cliente ausente,False
11661,9980,2,2025-01-13 08:45:02.008287730,Entregado,True
11662,9981,1,2026-06-27 12:32:40.311182940,Entregado,True
11663,9982,1,2026-04-07 01:28:23.409438326,Entregado,True
11664,9983,1,2025-03-03 21:23:43.403066466,Entregado,True
11665,9984,1,2025-02-28 06:24:24.694089040,Entregado,True
11666,9985,1,2026-05-13 01:07:20.309664169,Entregado,True
11667,9986,1,2025-12-07 20:19:31.580471676,Entregado,True
11668,9987,1,2026-02-14 08:26:50.373152890,Entregado,True
11669,9988,1,2025-09-14 23:03:01.649855397,Entregado,True
11670,9989,1,2026-01-19 12:50:01.164201064,Entregado,True
11671,9990,1,2025-05-26 05:01:32.200664401,Cliente ausente,False
11672,9990,2,2025-05-27 05:05:28.401328802,Entregado,True
11673,9991,1,2026-08-17 13:50:06.556592101,Entregado,True
11674,9992,1,2025-12-09 00:23:57.758006864,Entregado,True
11675,9993,1,2026-02-10 15:14:12.802940638,Entregado,True
11676,9994,1,2025-10-16 11:19:54.379844065,Domicilio incorrecto,False
11677,9994,2,2025-10-17 13:38:36.759688134,Reprogramado,False
11678,9994,3,2025-10-18 15:57:19.139532199,Entregado,True
11679,9995,1,2025-08-05 05:56:43.862732995,Entregado,True
11680,9996,1,2026-06-17 16:56:58.070705092,Entregado,True
11681,9997,1,2026-08-02 02:23:55.362776974,Entregado,True
11682,9998,1,2026-07-05 21:32:07.320826132,Entregado,True
11683,9999,1,2025-08-01 13:25:26.918085838,Entregado,True
11684,10000,1,2025-06-22 16:41:50.116582384,Entregado,True
11685,10001,1,2025-09-21 16:14:52.304453412,Entregado,True
11686,10002,1,2026-01-28 20:41:33.058651473,Entregado,True
11687,10003,1,2026-02-27 21:26:37.211978616,Entregado,True
11688,10004,1,2025-03-04 17:56:49.684618917,Cliente ausente,False
11689,10004,2,2025-03-05 20:15:51.369237835,Reprogramado,False
11690,10004,3,2025-03-06 22:34:53.053856752,Entregado,True
11691,10005,1,2026-08-11 15:38:29.690126354,Entregado,True
11692,10006,1,2026-05-07 00:38:48.337620262,Entregado,True
11693,10007,1,2025-03-04 08:05:01.051077739,Entregado,True
11694,10008,1,2026-04-23 05:31:19.190886740,Entregado,True
11695,10009,1,2025-11-19 01:16:39.948799569,Entregado,True
11696,10010,1,2025-02-26 12:37:59.525939136,Entregado,True
11697,10011,1,2025-03-22 19:39:21.284478853,Entregado,True
11698,10012,1,2026-05-26 12:36:20.742545412,Entregado,True
11699,10013,1,2025-06-04 09:11:21.343143318,Entregado,True
11700,10014,1,2025-01-20 05:58:21.419636520,Entregado,True
11701,10015,1,2025-03-08 19:38:13.403995392,Entregado,True
11702,10016,1,2026-05-14 10:24:22.725418071,Reprogramado,False
11703,10016,2,2026-05-16 01:37:21.450836143,Entregado,True
11704,10017,1,2025-03-24 17:47:55.256227296,Entregado,True
11705,10018,1,2025-03-03 00:00:57.931494490,Entregado,True
11706,10019,1,2026-02-17 13:07:05.791026442,Entregado,True
11707,10020,1,2025-03-03 12:39:55.014529510,Entregado,True
11708,10021,1,2026-04-14 11:46:48.918434502,Entregado,True
11709,10022,1,2025-03-22 21:34:41.599362190,Reprogramado,False
11710,10022,2,2025-03-25 01:13:35.198724381,Entregado,True
11711,10023,1,2026-05-05 16:50:17.295956710,Entregado,True
11712,10024,1,2025-09-04 06:46:28.431772481,Entregado,True
11713,10025,1,2025-07-31 12:42:16.202570288,Entregado,True
11714,10026,1,2025-03-30 07:02:29.994109449,Entregado,True
11715,10027,1,2026-08-24 15:54:47.663060256,Cliente ausente,False
11716,10027,2,2026-08-25 12:10:35.326120512,Entregado,True
11717,10028,1,2025-02-09 19:52:04.803623450,Entregado,True
11718,10029,1,2025-06-30 04:41:55.264755523,Entregado,True
11719,10030,1,2026-04-26 06:53:58.948088118,Entregado,True
11720,10031,1,2026-08-17 19:54:07.987884908,Entregado,True
11721,10032,1,2025-08-11 19:20:30.282326685,Entregado,True
11722,10033,1,2025-10-03 16:53:10.464873885,Entregado,True
11723,10034,1,2025-06-04 15:38:55.317394413,Entregado,True
11724,10035,1,2026-04-11 11:02:03.004494943,Entregado,True
11725,10036,1,2026-02-15 20:19:53.244624036,Entregado,True
11726,10037,1,2025-09-12 06:52:21.341587584,Entregado,True
11727,10038,1,2025-08-03 16:30:45.693653212,Entregado,True
11728,10039,1,2026-04-25 19:49:16.185153385,Entregado,True
11729,10040,1,2026-02-27 07:55:57.915242191,Entregado,True
11730,10041,1,2025-06-22 11:51:02.830257694,Entregado,True
11731,10042,1,2025-07-22 14:57:36.000000000,Entregado,True
11732,10043,1,2026-05-08 12:19:51.756954456,Reprogramado,False
11733,10043,2,2026-05-09 12:51:43.513908912,Cliente ausente,False
11734,10043,3,2026-05-10 13:23:35.270863364,Entregado,True
11735,10044,1,2025-10-23 04:57:56.760680055,Entregado,True
11736,10045,1,2026-04-05 04:24:21.810240558,Entregado,True
11737,10046,1,2025-08-27 13:29:31.014742786,Cliente ausente,False
11738,10046,2,2025-08-28 17:12:14.029485573,Entregado,True
11739,10047,1,2026-03-04 18:42:15.400116093,Entregado,True
11740,10048,1,2025-06-08 04:34:36.993116528,Entregado,True
11741,10049,1,2025-12-17 20:05:06.273613323,Entregado,True
11742,10050,1,2026-03-19 16:00:08.048199135,Reprogramado,False
11743,10050,2,2026-03-20 23:27:52.096398271,Entregado,True
11744,10051,1,2025-09-03 09:41:25.710560170,Entregado,True
11745,10052,1,2025-07-29 00:54:45.812676952,Entregado,True
11746,10053,1,2026-03-07 15:33:42.868119229,Entregado,True
11747,10054,1,2025-09-17 09:09:54.175473241,Entregado,True
11748,10055,1,2026-08-10 10:22:55.918921508,Entregado,True
11749,10056,1,2025-02-04 20:39:54.757496847,Cliente ausente,False
11750,10056,2,2025-02-05 00:57:37.514993695,Entregado,True
11751,10057,1,2025-05-12 04:15:36.985953420,Entregado,True
11752,10058,1,2026-03-07 07:30:09.177043687,Entregado,True
11753,10059,1,2025-04-08 16:30:53.747280540,Entregado,True
11754,10060,1,2025-08-09 03:14:47.528650604,Entregado,True
11755,10061,1,2025-10-30 16:47:28.026114057,Entregado,True
11756,10062,1,2025-07-07 00:42:28.753872595,Entregado,True
11757,10063,1,2025-02-09 14:13:47.797452184,Entregado,True
11758,10064,1,2026-02-06 18:57:01.924336368,Entregado,True
11759,10065,1,2025-05-26 17:58:38.049051158,Entregado,True
11760,10066,1,2025-05-15 21:50:30.426952293,Entregado,True
11761,10067,1,2026-03-24 14:26:15.975834673,Entregado,True
11762,10068,1,2025-10-16 01:28:29.433979671,Cliente ausente,False
11763,10068,2,2025-10-16 20:36:34.867959343,Entregado,True
11764,10069,1,2025-09-18 03:13:17.512640396,Entregado,True
11765,10070,1,2025-02-10 10:43:58.684375012,Entregado,True
11766,10071,1,2025-11-02 08:41:33.876931282,Entregado,True
11767,10072,1,2025-10-12 20:49:02.827458998,Entregado,True
11768,10073,1,2026-06-12 03:11:13.259717490,Cliente ausente,False
11769,10073,2,2026-06-13 19:05:02.519434985,Entregado,True
11770,10074,1,2026-02-11 16:56:47.353987255,Acceso restringido,False
11771,10074,2,2026-02-12 06:05:34.707974506,Entregado,True
11772,10075,1,2025-12-29 15:33:07.381405587,Entregado,True
11773,10076,1,2026-04-15 14:15:01.611133102,Entregado,True
11774,10077,1,2026-07-21 01:32:07.577169500,Cliente ausente,False
11775,10077,2,2026-07-22 14:21:03.154339000,Entregado,True
11776,10078,1,2025-01-14 16:53:31.749907390,Entregado,True
11777,10079,1,2025-07-08 12:42:08.171795487,Entregado,True
11778,10080,1,2026-07-04 23:10:00.928791141,Entregado,True
11779,10081,1,2025-01-10 23:33:37.463593269,Entregado,True
11780,10082,1,2025-01-30 04:12:30.197133349,Entregado,True
11781,10083,1,2026-04-12 01:03:10.002335716,Entregado,True
11782,10084,1,2026-05-28 08:39:35.988946336,Entregado,True
11783,10085,1,2026-05-20 18:06:52.398312886,Entregado,True
11784,10086,1,2026-08-09 15:24:43.499010229,Entregado,True
11785,10087,1,2025-08-07 03:08:26.971597042,Cliente ausente,False
11786,10087,2,2025-08-07 22:33:05.943194089,Entregado,True
11787,10088,1,2026-03-07 02:34:41.730114295,Entregado,True
11788,10089,1,2025-01-05 02:19:32.027854238,Domicilio incorrecto,False
11789,10089,2,2025-01-06 00:53:28.055708473,Entregado,True
11790,10090,1,2025-07-09 00:39:43.253025926,Entregado,True
11791,10091,1,2025-02-13 04:10:36.925243939,Entregado,True
11792,10092,1,2026-02-18 06:39:30.104686314,Entregado,True
11793,10093,1,2025-07-11 14:05:40.484958896,Entregado,True
11794,10094,1,2025-02-15 03:29:00.389241700,Entregado,True
11795,10095,1,2025-04-08 14:54:56.929501303,Entregado,True
11796,10096,1,2026-06-05 10:51:39.251382746,Entregado,True
11797,10097,1,2025-05-20 14:56:29.660019568,Entregado,True
11798,10098,1,2026-05-26 22:44:25.915554466,Entregado,True
11799,10099,1,2026-06-05 12:55:15.458987424,Entregado,True
11800,10100,1,2025-02-07 22:49:44.037856617,Reprogramado,False
11801,10100,2,2025-02-09 02:43:40.075713238,Entregado,True
11802,10101,1,2026-08-03 22:28:00.605111026,Entregado,True
11803,10102,1,2026-06-04 08:31:29.672848106,Entregado,True
11804,10103,1,2025-06-05 04:40:26.049260532,Entregado,True
11805,10104,1,2025-04-24 14:26:16.257602439,Cliente ausente,False
11806,10104,2,2025-04-25 19:43:32.515204875,Entregado,True
11807,10105,1,2026-04-07 00:52:08.811174270,Entregado,True
11808,10106,1,2026-08-30 12:45:16.570615118,Entregado,True
11809,10107,1,2026-08-26 15:27:53.203131867,Entregado,True
11810,10108,1,2026-03-22 01:36:51.989991836,Entregado,True
11811,10109,1,2025-08-19 09:02:19.657651149,Entregado,True
11812,10110,1,2026-08-04 07:28:53.948919295,Entregado,True
11813,10111,1,2025-05-04 12:21:03.444880626,Entregado,True
11814,10112,1,2025-12-24 13:34:06.358856487,Entregado,True
11815,10113,1,2025-09-29 00:23:17.217829446,Entregado,True
11816,10114,1,2025-01-07 10:30:42.842011381,Entregado,True
11817,10115,1,2025-05-04 15:43:42.561928120,Entregado,True
11818,10116,1,2026-05-03 04:44:02.672066346,Entregado,True
11819,10117,1,2025-08-08 03:22:19.884650631,Entregado,True
11820,10118,1,2025-10-07 10:10:34.825005937,Entregado,True
11821,10119,1,2025-11-01 04:39:26.606467515,Reprogramado,False
11822,10119,2,2025-11-02 00:49:29.212935031,Entregado,True
11823,10120,1,2025-02-13 09:59:26.280843254,Entregado,True
11824,10121,1,2026-06-17 03:18:10.878939968,Entregado,True
11825,10122,1,2026-08-13 12:50:06.612075117,Entregado,True
11826,10123,1,2025-06-01 15:47:30.833210450,Entregado,True
11827,10124,1,2026-08-21 12:21:26.287393852,Entregado,True
11828,10125,1,2025-01-11 14:38:43.815971212,Entregado,True
11829,10126,1,2025-08-02 15:56:15.336293373,Entregado,True
11830,10127,1,2025-09-21 20:36:06.879447900,Entregado,True
11831,10128,1,2026-01-19 05:58:42.989702700,Entregado,True
11832,10129,1,2026-01-26 04:37:24.672741074,Reprogramado,False
11833,10129,2,2026-01-27 18:16:01.345482148,Entregado,True
11834,10130,1,2025-12-04 18:00:21.105404053,Entregado,True
11835,10131,1,2025-01-06 00:56:02.178066267,Cliente ausente,False
11836,10131,2,2025-01-06 15:22:40.356132531,Entregado,True
11837,10132,1,2025-03-24 11:49:12.000000000,Entregado,True
11838,10133,1,2025-06-05 10:57:47.845418047,Entregado,True
11839,10134,1,2025-07-02 21:40:55.786531605,Entregado,True
11840,10135,1,2025-06-17 18:36:45.856958364,Entregado,True
11841,10136,1,2026-04-16 17:43:28.792600201,Entregado,True
11842,10137,1,2025-03-22 20:12:58.646386710,Entregado,True
11843,10138,1,2026-02-19 15:28:21.594260708,Entregado,True
11844,10139,1,2026-07-12 08:35:12.906284236,Entregado,True
11845,10140,1,2026-01-20 17:17:28.131094881,Entregado,True
11846,10141,1,2025-11-13 01:51:14.239063645,Entregado,True
11847,10142,1,2026-01-30 14:18:00.000000000,Entregado,True
11848,10143,1,2026-06-29 08:19:47.750967998,Entregado,True
11849,10144,1,2025-01-05 03:07:59.453623321,Cliente ausente,False
11850,10144,2,2025-01-05 16:58:34.907246647,Entregado,True
11851,10145,1,2025-04-22 01:51:40.928660499,Entregado,True
11852,10146,1,2025-04-04 16:30:51.340581748,Reprogramado,False
11853,10146,2,2025-04-05 12:52:06.681163494,Entregado,True
11854,10147,1,2025-04-12 06:25:35.220567489,Entregado,True
11855,10148,1,2025-07-12 10:19:48.648262335,Cliente ausente,False
11856,10148,2,2025-07-13 09:03:37.296524671,Entregado,True
11857,10149,1,2025-12-03 00:06:57.695121763,Entregado,True
11858,10150,1,2025-08-02 22:36:50.184652237,Entregado,True
11859,10151,1,2026-08-19 18:14:39.994323511,Acceso restringido,False
11860,10151,2,2026-08-21 05:56:55.988647022,Entregado,True
11861,10152,1,2025-07-28 07:07:55.252731896,Entregado,True
11862,10153,1,2025-12-25 22:51:26.421962104,Entregado,True
11863,10154,1,2025-09-12 09:15:14.226888898,Entregado,True
11864,10155,1,2026-08-15 23:47:38.942140747,Entregado,True
11865,10156,1,2025-07-16 19:42:12.406020289,Cliente ausente,False
11866,10156,2,2025-07-17 21:49:00.812040578,Entregado,True
11867,10157,1,2025-11-21 10:17:26.818075366,Entregado,True
11868,10158,1,2026-02-27 18:05:56.458215315,Entregado,True
11869,10159,1,2026-05-15 12:09:27.634832640,Entregado,True
11870,10160,1,2025-12-02 10:08:22.442598495,Entregado,True
11871,10161,1,2025-10-23 16:41:53.693183554,Cliente ausente,False
11872,10161,2,2025-10-24 02:47:47.386367106,Domicilio incorrecto,False
11873,10161,3,2025-10-24 12:53:41.079550660,Entregado,True
11874,10162,1,2025-08-26 03:08:27.366872780,Acceso restringido,False
11875,10162,2,2025-08-27 21:05:30.733745557,Entregado,True
11876,10163,1,2025-01-10 20:59:04.758656208,Entregado,True
11877,10164,1,2026-06-21 08:20:31.130340662,Entregado,True
11878,10165,1,2025-03-16 20:07:29.568167486,Entregado,True
11879,10166,1,2026-05-18 19:05:45.690524372,Entregado,True
11880,10167,1,2025-05-21 06:40:40.733414238,Entregado,True
11881,10168,1,2026-01-23 16:54:39.265134634,Entregado,True
11882,10169,1,2026-07-01 03:08:02.192358213,Entregado,True
11883,10170,1,2025-11-22 07:48:13.280947686,Entregado,True
11884,10171,1,2026-08-25 01:26:04.810828401,Cliente ausente,False
11885,10171,2,2026-08-25 19:47:57.621656803,Cliente ausente,False
11886,10171,3,2026-08-26 14:09:50.432485204,Entregado,True
11887,10172,1,2025-03-17 13:41:10.729617864,Entregado,True
11888,10173,1,2026-01-25 20:01:29.570094105,Entregado,True
11889,10174,1,2025-08-27 11:04:58.894381653,Entregado,True
11890,10175,1,2025-11-20 06:57:25.604332768,Entregado,True
11891,10176,1,2025-11-03 21:51:48.624238040,Entregado,True
11892,10177,1,2025-01-10 13:58:05.631369051,Entregado,True
11893,10178,1,2025-07-27 16:15:17.867063923,Entregado,True
11894,10179,1,2026-02-17 23:07:42.373935170,Entregado,True
11895,10180,1,2025-09-18 22:56:50.206919190,Entregado,True
11896,10181,1,2025-02-16 01:48:24.497620214,Entregado,True
11897,10182,1,2025-05-09 04:11:53.133186696,Entregado,True
11898,10183,1,2025-06-22 21:22:09.315945954,Entregado,True
11899,10184,1,2026-06-30 00:49:45.346703304,Entregado,True
11900,10185,1,2026-02-23 14:12:08.126190684,Entregado,True
11901,10186,1,2026-04-01 06:16:57.743246150,Entregado,True
11902,10187,1,2025-07-26 13:11:42.242993635,Entregado,True
11903,10188,1,2025-12-02 19:02:14.406839865,Entregado,True
11904,10189,1,2025-01-23 01:10:07.923029858,Entregado,True
11905,10190,1,2025-03-07 18:25:14.774430493,Entregado,True
11906,10191,1,2026-08-02 12:57:48.360228541,Entregado,True
11907,10192,1,2025-04-02 11:52:48.189618724,Entregado,True
11908,10193,1,2026-04-26 20:04:12.652163198,Entregado,True
11909,10194,1,2025-02-14 16:22:35.014227405,Entregado,True
11910,10195,1,2025-05-23 17:31:20.085573565,Entregado,True
11911,10196,1,2026-06-02 16:15:59.677890980,Cliente ausente,False
11912,10196,2,2026-06-04 17:51:11.355781957,Entregado,True
11913,10197,1,2026-05-19 05:10:49.693581602,Entregado,True
11914,10198,1,2025-10-09 07:53:54.588745993,Entregado,True
11915,10199,1,2025-11-26 02:51:50.989248889,Entregado,True
11916,10200,1,2026-02-23 16:41:11.397751947,Entregado,True
11917,10201,1,2026-07-08 10:42:54.555495422,Entregado,True
11918,10202,1,2025-11-05 10:28:06.717208771,Entregado,True
11919,10203,1,2026-04-17 20:36:28.579516804,Domicilio incorrecto,False
11920,10203,2,2026-04-19 14:27:57.159033606,Entregado,True
11921,10204,1,2025-07-06 04:08:44.074413650,Entregado,True
11922,10205,1,2025-10-22 04:12:38.676318447,Entregado,True
11923,10206,1,2025-09-09 09:49:24.770916408,Entregado,True
11924,10207,1,2025-11-22 08:48:42.134203843,Entregado,True
11925,10208,1,2026-03-21 06:34:38.420948253,Entregado,True
11926,10209,1,2026-08-29 17:16:20.218654790,Entregado,True
11927,10210,1,2025-03-04 12:20:47.851277247,Entregado,True
11928,10211,1,2025-09-30 15:02:36.033124981,Entregado,True
11929,10212,1,2025-11-15 03:14:24.000000000,Entregado,True
11930,10213,1,2025-04-08 02:01:56.528523400,Entregado,True
11931,10214,1,2026-04-08 15:40:46.839808236,Entregado,True
11932,10215,1,2026-05-31 20:33:07.569107521,Entregado,True
11933,10216,1,2026-06-19 17:13:23.742156810,Entregado,True
11934,10217,1,2025-04-17 01:14:58.567135520,Entregado,True
11935,10218,1,2026-02-07 14:46:04.207567443,Entregado,True
11936,10219,1,2025-11-30 11:53:38.278120207,Entregado,True
11937,10220,1,2026-09-04 03:14:36.745154761,Entregado,True
11938,10221,1,2026-07-14 04:00:10.349146432,Entregado,True
11939,10222,1,2026-07-01 03:05:25.750907041,Entregado,True
11940,10223,1,2026-03-16 20:02:15.950282787,Entregado,True
11941,10224,1,2025-01-11 22:20:02.142224131,Entregado,True
11942,10225,1,2026-04-04 11:51:26.991177750,Entregado,True
11943,10226,1,2026-02-21 06:59:14.810256261,Entregado,True
11944,10227,1,2026-06-05 14:07:48.837229503,Entregado,True
11945,10228,1,2026-01-12 14:37:58.345384648,Reprogramado,False
11946,10228,2,2026-01-14 16:38:44.690769297,Entregado,True
11947,10229,1,2026-06-18 00:38:37.277057032,Entregado,True
11948,10230,1,2026-06-10 02:20:06.425238501,Entregado,True
11949,10231,1,2026-03-16 22:56:15.804253633,Entregado,True
11950,10232,1,2025-07-16 11:08:51.042517177,Entregado,True
11951,10233,1,2025-09-25 20:36:09.949197672,Entregado,True
11952,10234,1,2026-05-25 06:46:12.552579490,Entregado,True
11953,10235,1,2026-03-05 20:27:15.549778065,Entregado,True
11954,10236,1,2025-02-03 08:46:01.278643566,Entregado,True
11955,10237,1,2025-10-19 16:57:43.658979435,Cliente ausente,False
11956,10237,2,2025-10-21 03:38:03.317958872,Entregado,True
11957,10238,1,2026-07-31 23:27:38.789617424,Entregado,True
11958,10239,1,2026-05-05 13:14:12.998020686,Entregado,True
11959,10240,1,2026-02-10 21:54:43.230362209,Entregado,True
11960,10241,1,2025-01-29 01:36:04.353612267,Entregado,True
11961,10242,1,2025-05-28 00:05:29.396152899,Entregado,True
11962,10243,1,2025-10-16 14:18:38.780297874,Entregado,True
11963,10244,1,2026-08-06 18:54:05.859322081,Entregado,True
11964,10245,1,2025-09-11 00:51:47.652935907,Entregado,True
11965,10246,1,2025-06-12 21:47:29.652551872,Entregado,True
11966,10247,1,2025-04-22 14:56:06.549994921,Entregado,True
11967,10248,1,2026-02-03 15:07:30.207026132,Cliente ausente,False
11968,10248,2,2026-02-04 22:59:24.414052268,Cliente ausente,False
11969,10248,3,2026-02-06 06:51:18.621078400,Entregado,True
11970,10249,1,2025-10-01 03:15:15.927022053,Entregado,True
11971,10250,1,2026-06-17 19:16:41.398318084,Entregado,True
11972,10251,1,2025-10-06 06:20:32.124094879,Entregado,True
11973,10252,1,2025-09-06 20:00:13.799003925,Entregado,True
11974,10253,1,2025-11-24 22:36:16.486747308,Entregado,True
11975,10254,1,2025-01-20 22:36:13.051372518,Entregado,True
11976,10255,1,2026-02-16 02:15:04.135046616,Entregado,True
11977,10256,1,2026-02-17 22:49:11.133406326,Entregado,True
11978,10257,1,2025-05-06 01:26:52.643969296,Entregado,True
11979,10258,1,2025-11-20 09:17:59.912739402,Entregado,True
11980,10259,1,2025-06-06 07:09:14.636720520,Entregado,True
11981,10260,1,2026-08-08 08:04:42.420891126,Entregado,True
11982,10261,1,2026-07-13 00:56:20.907775996,Entregado,True
11983,10262,1,2025-01-21 20:48:44.911349190,Entregado,True
11984,10263,1,2026-01-27 06:43:07.843598209,Entregado,True
11985,10264,1,2025-12-14 15:05:24.000000000,Entregado,True
11986,10265,1,2026-04-24 07:16:10.045907554,Entregado,True
11987,10266,1,2025-07-24 01:32:05.120350922,Entregado,True
11988,10267,1,2025-01-13 17:15:20.793645633,Entregado,True
11989,10268,1,2026-06-17 08:12:03.193160972,Entregado,True
11990,10269,1,2025-04-18 08:26:36.250560391,Entregado,True
11991,10270,1,2025-09-05 15:02:18.793636483,Entregado,True
11992,10271,1,2026-08-22 11:48:14.470046740,Cliente ausente,False
11993,10271,2,2026-08-24 01:27:28.940093481,Entregado,True
11994,10272,1,2025-12-20 15:36:05.387306580,Entregado,True
11995,10273,1,2025-08-23 22:08:32.075544757,Acceso restringido,False
11996,10273,2,2025-08-25 01:55:28.151089514,Entregado,True
11997,10274,1,2025-02-08 04:20:34.782196009,Entregado,True
11998,10275,1,2025-12-12 20:41:35.846966036,Entregado,True
11999,10276,1,2026-08-31 05:44:12.241403757,Entregado,True
12000,10277,1,2025-10-23 23:26:36.773428354,Entregado,True
12001,10278,1,2026-03-24 12:54:41.006232968,Entregado,True
12002,10279,1,2025-09-11 23:47:40.251769713,Domicilio incorrecto,False
12003,10279,2,2025-09-13 15:08:20.503539423,Entregado,True
12004,10280,1,2026-08-17 00:38:57.732747961,Cliente ausente,False
12005,10280,2,2026-08-17 21:49:43.465495922,Acceso restringido,False
12006,10280,3,2026-08-18 19:00:29.198243883,Entregado,True
12007,10281,1,2025-07-04 05:44:18.132511149,Reprogramado,False
12008,10281,2,2025-07-04 17:41:12.265022299,Cliente ausente,False
12009,10281,3,2025-07-05 05:38:06.397533448,Entregado,True
12010,10282,1,2025-10-20 20:51:50.153361782,Entregado,True
12011,10283,1,2025-08-07 09:27:13.847402275,Entregado,True
12012,10284,1,2025-06-11 11:00:27.170103294,Entregado,True
12013,10285,1,2026-02-01 14:47:06.693906544,Entregado,True
12014,10286,1,2025-01-21 07:11:02.911269685,Acceso restringido,False
12015,10286,2,2025-01-22 04:24:29.822539374,Reprogramado,False
12016,10286,3,2025-01-23 01:37:56.733809059,Entregado,True
12017,10287,1,2026-04-18 17:18:39.761626417,Entregado,True
12018,10288,1,2026-03-10 20:22:27.944298580,Entregado,True
12019,10289,1,2025-03-11 17:57:25.844885751,Entregado,True
12020,10290,1,2025-03-19 18:34:12.069945990,Entregado,True
12021,10291,1,2025-04-13 12:41:20.949794368,Entregado,True
12022,10292,1,2026-08-13 06:42:56.229141391,Entregado,True
12023,10293,1,2025-07-29 23:09:06.549851970,Entregado,True
12024,10294,1,2025-08-01 13:33:36.000000000,Entregado,True
12025,10295,1,2025-04-24 03:44:23.100316746,Entregado,True
12026,10296,1,2025-05-14 06:55:31.952677879,Entregado,True
12027,10297,1,2025-07-16 09:45:36.000000000,Entregado,True
12028,10298,1,2025-01-27 04:29:36.470593370,Entregado,True
12029,10299,1,2026-04-18 12:39:16.355906546,Cliente ausente,False
12030,10299,2,2026-04-19 17:35:56.711813092,Entregado,True
12031,10300,1,2026-06-29 16:29:21.588773388,Entregado,True
12032,10301,1,2025-10-19 02:57:29.773186117,Entregado,True
12033,10302,1,2025-09-15 20:47:07.099990684,Entregado,True
12034,10303,1,2025-07-28 11:55:05.247406887,Entregado,True
12035,10304,1,2026-04-21 19:29:44.886897175,Entregado,True
12036,10305,1,2025-03-10 07:53:39.719940014,Entregado,True
12037,10306,1,2025-08-06 09:53:14.027321734,Entregado,True
12038,10307,1,2026-02-27 13:14:35.928805347,Entregado,True
12039,10308,1,2026-07-15 18:57:09.003307921,Entregado,True
12040,10309,1,2026-08-06 21:44:39.239006326,Entregado,True
12041,10310,1,2026-06-25 22:12:28.578610382,Entregado,True
12042,10311,1,2026-04-10 20:26:42.442248922,Entregado,True
12043,10312,1,2026-04-01 01:46:32.864991841,Reprogramado,False
12044,10312,2,2026-04-01 19:40:53.729983682,Reprogramado,False
12045,10312,3,2026-04-02 13:35:14.594975523,Entregado,True
12046,10313,1,2025-10-31 21:36:54.922218523,Entregado,True
12047,10314,1,2025-10-17 01:04:52.903743027,Entregado,True
12048,10315,1,2025-01-04 11:03:00.543028737,Entregado,True
12049,10316,1,2025-01-20 22:31:48.000000000,Entregado,True
12050,10317,1,2026-04-24 01:13:23.387253607,Cliente ausente,False
12051,10317,2,2026-04-25 15:57:22.774507218,Entregado,True
12052,10318,1,2026-05-09 05:10:13.973125382,Entregado,True
12053,10319,1,2026-03-30 22:46:38.200690934,Entregado,True
12054,10320,1,2026-03-17 07:37:41.401141298,Entregado,True
12055,10321,1,2026-02-03 17:52:47.961184598,Entregado,True
12056,10322,1,2025-06-04 08:17:30.543859806,Entregado,True
12057,10323,1,2025-08-13 04:11:13.134332702,Entregado,True
12058,10324,1,2026-03-12 16:31:43.809670113,Acceso restringido,False
12059,10324,2,2026-03-12 21:01:03.619340230,Entregado,True
12060,10325,1,2025-05-18 18:34:58.145661933,Entregado,True
12061,10326,1,2026-06-13 02:04:12.000000000,Entregado,True
12062,10327,1,2025-10-10 02:29:14.172981982,Entregado,True
12063,10328,1,2026-08-09 00:38:24.000000000,Entregado,True
12064,10329,1,2026-05-04 13:53:42.839941941,Entregado,True
12065,10330,1,2026-07-03 03:55:16.383745207,Cliente ausente,False
12066,10330,2,2026-07-05 09:46:56.767490414,Entregado,True
12067,10331,1,2025-09-04 07:00:33.705034293,Entregado,True
12068,10332,1,2025-01-21 04:47:27.490646868,Entregado,True
12069,10333,1,2026-07-13 23:39:06.519979306,Entregado,True
12070,10334,1,2025-05-26 01:43:44.491649908,Entregado,True
12071,10335,1,2026-05-17 19:18:23.132636967,Cliente ausente,False
12072,10335,2,2026-05-19 03:54:10.265273935,Entregado,True
12073,10336,1,2026-06-11 21:47:25.527992629,Entregado,True
12074,10337,1,2025-04-07 22:09:43.726141454,Entregado,True
12075,10338,1,2026-01-20 15:33:29.894792439,Entregado,True
12076,10339,1,2026-03-28 19:34:54.404500332,Entregado,True
12077,10340,1,2026-08-07 12:51:39.212651905,Cliente ausente,False
12078,10340,2,2026-08-08 06:33:42.425303810,Entregado,True
12079,10341,1,2025-10-17 19:56:06.040148568,Entregado,True
12080,10342,1,2026-04-24 12:48:24.143993229,Entregado,True
12081,10343,1,2025-06-20 23:22:46.224429628,Reprogramado,False
12082,10343,2,2025-06-21 14:44:20.448859257,Entregado,True
12083,10344,1,2026-06-10 22:48:47.710100872,Entregado,True
12084,10345,1,2026-01-08 01:02:48.098656014,Entregado,True
12085,10346,1,2026-01-31 19:53:26.677026884,Entregado,True
12086,10347,1,2025-07-07 02:25:43.807543615,Entregado,True
12087,10348,1,2026-05-28 13:17:14.176788417,Entregado,True
12088,10349,1,2026-03-10 04:21:37.952378272,Entregado,True
12089,10350,1,2025-07-31 21:51:30.774464640,Entregado,True
12090,10351,1,2025-11-26 06:11:54.122312716,Cliente ausente,False
12091,10351,2,2025-11-27 06:59:48.244625433,Entregado,True
12092,10352,1,2025-12-30 09:24:49.026216146,Entregado,True
12093,10353,1,2026-03-23 02:43:52.582349521,Entregado,True
12094,10354,1,2026-03-18 22:30:32.022190562,Entregado,True
12095,10355,1,2025-04-19 18:10:04.706247680,Entregado,True
12096,10356,1,2025-11-24 09:41:28.162921437,Entregado,True
12097,10357,1,2025-08-21 15:29:04.719028444,Cliente ausente,False
12098,10357,2,2025-08-23 00:08:21.438056889,Entregado,True
12099,10358,1,2025-09-08 14:48:11.473719231,Entregado,True
12100,10359,1,2025-11-14 10:11:43.110234366,Entregado,True
12101,10360,1,2025-09-24 14:56:36.308947952,Entregado,True
12102,10361,1,2026-05-20 05:43:46.548941512,Entregado,True
12103,10362,1,2025-09-23 10:43:42.670558675,Entregado,True
12104,10363,1,2026-02-23 10:48:30.571117772,Entregado,True
12105,10364,1,2025-03-13 14:38:09.556899136,Entregado,True
12106,10365,1,2025-08-24 23:25:22.492592972,Entregado,True
12107,10366,1,2026-03-09 07:43:56.537642686,Cliente ausente,False
12108,10366,2,2026-03-10 08:40:29.075285373,Entregado,True
12109,10367,1,2025-02-25 10:34:48.608138823,Entregado,True
12110,10368,1,2025-06-22 20:43:06.243108152,Entregado,True
12111,10369,1,2025-02-08 10:13:42.261526534,Entregado,True
12112,10370,1,2025-09-18 10:17:39.229077264,Domicilio incorrecto,False
12113,10370,2,2025-09-19 22:12:30.458154524,Entregado,True
12114,10371,1,2025-09-10 09:39:43.583795550,Cliente ausente,False
12115,10371,2,2025-09-11 22:01:27.167591100,Entregado,True
12116,10372,1,2025-01-16 03:50:08.054480125,Entregado,True
12117,10373,1,2025-03-01 09:36:15.959948774,Entregado,True
12118,10374,1,2026-03-15 04:35:39.503761324,Entregado,True
12119,10375,1,2025-08-21 00:04:15.648536708,Entregado,True
12120,10376,1,2025-07-15 00:00:40.735752678,Entregado,True
12121,10377,1,2025-12-25 14:43:28.701005815,Entregado,True
12122,10378,1,2025-12-24 11:45:51.153420808,Entregado,True
12123,10379,1,2025-09-17 07:18:44.564948712,Cliente ausente,False
12124,10379,2,2025-09-19 00:46:29.129897424,Entregado,True
12125,10380,1,2026-01-22 23:13:59.847451705,Entregado,True
12126,10381,1,2025-08-25 19:06:02.560660617,Entregado,True
12127,10382,1,2025-10-26 05:35:02.765403668,Entregado,True
12128,10383,1,2026-06-23 10:35:30.495332806,Entregado,True
12129,10384,1,2026-01-15 12:23:43.074647923,Entregado,True
12130,10385,1,2025-08-01 07:36:25.471615532,Entregado,True
12131,10386,1,2026-06-27 11:52:24.195249541,Entregado,True
12132,10387,1,2025-06-29 21:11:14.536924278,Entregado,True
12133,10388,1,2026-07-12 12:04:51.295807358,Entregado,True
12134,10389,1,2025-03-16 23:20:19.030304076,Entregado,True
12135,10390,1,2026-05-26 11:20:19.953486510,Entregado,True
12136,10391,1,2025-08-10 15:44:24.000000000,Entregado,True
12137,10392,1,2025-08-17 11:04:46.694714786,Entregado,True
12138,10393,1,2025-08-25 15:39:28.221491606,Entregado,True
12139,10394,1,2025-09-29 17:09:19.887249470,Entregado,True
12140,10395,1,2025-09-14 10:02:00.078190674,Entregado,True
12141,10396,1,2025-01-09 15:34:43.458877318,Entregado,True
12142,10397,1,2025-02-17 18:39:06.119464478,Entregado,True
12143,10398,1,2026-02-14 12:14:31.199439253,Entregado,True
12144,10399,1,2025-09-15 00:19:20.790183475,Entregado,True
12145,10400,1,2026-03-26 07:33:19.294707355,Entregado,True
12146,10401,1,2025-03-01 16:28:22.898571805,Entregado,True
12147,10402,1,2026-07-17 06:18:36.811287043,Entregado,True
12148,10403,1,2025-07-11 20:06:20.999404832,Entregado,True
12149,10404,1,2025-09-24 09:45:59.142093343,Entregado,True
12150,10405,1,2026-07-15 09:56:49.787076570,Entregado,True
12151,10406,1,2025-05-26 06:59:31.454057720,Entregado,True
12152,10407,1,2025-09-07 10:19:25.603465713,Entregado,True
12153,10408,1,2025-08-06 18:07:38.608258249,Domicilio incorrecto,False
12154,10408,2,2025-08-08 17:30:17.216516502,Entregado,True
12155,10409,1,2026-03-16 06:45:57.479493852,Entregado,True
12156,10410,1,2026-04-23 12:40:37.462065060,Entregado,True
12157,10411,1,2026-01-21 20:32:02.815435690,Entregado,True
12158,10412,1,2026-02-24 16:05:57.372177447,Entregado,True
12159,10413,1,2026-05-23 21:58:09.832634432,Cliente ausente,False
12160,10413,2,2026-05-25 12:50:19.665268864,Entregado,True
12161,10414,1,2025-06-03 23:25:38.313921540,Acceso restringido,False
12162,10414,2,2025-06-05 14:14:04.627843080,Entregado,True
12163,10415,1,2026-07-17 15:40:55.382925680,Entregado,True
12164,10416,1,2025-06-19 00:20:42.209174565,Entregado,True
12165,10417,1,2026-09-04 00:03:34.970476741,Entregado,True
12166,10418,1,2025-08-19 22:00:39.795587071,Entregado,True
12167,10419,1,2026-02-10 10:06:13.081193920,Cliente ausente,False
12168,10419,2,2026-02-11 22:40:02.162387841,Entregado,True
12169,10420,1,2025-05-25 23:47:14.617181781,Entregado,True
12170,10421,1,2026-06-16 06:23:16.462168612,Cliente ausente,False
12171,10421,2,2026-06-17 01:09:56.924337225,Entregado,True
12172,10422,1,2025-03-09 23:50:41.012369512,Reprogramado,False
12173,10422,2,2025-03-10 17:25:46.024739025,Entregado,True
12174,10423,1,2025-04-09 11:21:42.915272983,Entregado,True
12175,10424,1,2025-01-07 22:30:36.000000000,Entregado,True
12176,10425,1,2025-06-28 13:35:50.887157222,Entregado,True
12177,10426,1,2025-07-26 20:32:51.218201924,Entregado,True
12178,10427,1,2025-10-29 18:00:28.265645703,Entregado,True
12179,10428,1,2025-08-18 02:04:12.361420376,Cliente ausente,False
12180,10428,2,2025-08-18 11:47:24.722840752,Entregado,True
12181,10429,1,2025-09-29 03:33:38.872621526,Entregado,True
12182,10430,1,2025-03-26 03:21:04.120644992,Entregado,True
12183,10431,1,2026-05-18 23:40:53.584638603,Entregado,True
12184,10432,1,2026-05-06 10:31:45.329386389,Entregado,True
12185,10433,1,2026-04-24 19:11:16.738003694,Entregado,True
12186,10434,1,2025-10-19 15:59:43.085595706,Entregado,True
12187,10435,1,2025-04-16 13:54:09.973880733,Domicilio incorrecto,False
12188,10435,2,2025-04-17 00:03:19.947761470,Entregado,True
12189,10436,1,2026-08-01 05:17:33.056931379,Entregado,True
12190,10437,1,2025-08-13 15:05:02.643925462,Entregado,True
12191,10438,1,2026-01-20 01:25:30.262281826,Entregado,True
12192,10439,1,2025-04-17 04:04:30.821087254,Entregado,True
12193,10440,1,2025-04-24 21:12:35.999782830,Cliente ausente,False
12194,10440,2,2025-04-25 14:10:47.999565656,Entregado,True
12195,10441,1,2026-05-26 23:47:41.571646054,Entregado,True
12196,10442,1,2025-02-26 12:02:20.154735373,Entregado,True
12197,10443,1,2025-05-03 22:45:50.552689082,Entregado,True
12198,10444,1,2025-08-07 00:03:36.301185644,Entregado,True
12199,10445,1,2025-01-04 11:52:47.201828451,Acceso restringido,False
12200,10445,2,2025-01-05 08:28:46.403656903,Entregado,True
12201,10446,1,2025-04-04 12:10:43.723801837,Entregado,True
12202,10447,1,2026-02-13 17:04:10.140706678,Entregado,True
12203,10448,1,2026-03-21 08:46:32.001904916,Entregado,True
12204,10449,1,2026-03-09 11:58:11.195381769,Cliente ausente,False
12205,10449,2,2026-03-10 13:04:46.390763539,Entregado,True
12206,10450,1,2025-03-04 06:29:17.619797752,Entregado,True
12207,10451,1,2025-09-08 03:01:13.574157157,Entregado,True
12208,10452,1,2026-01-08 21:52:22.795561916,Entregado,True
12209,10453,1,2025-10-19 04:41:15.540345394,Entregado,True
12210,10454,1,2026-08-16 23:02:22.337925648,Entregado,True
12211,10455,1,2025-01-28 12:32:00.935695784,Entregado,True
12212,10456,1,2026-01-09 09:27:07.071696705,Entregado,True
12213,10457,1,2025-08-03 19:22:12.000000000,Entregado,True
12214,10458,1,2025-09-20 03:39:20.261274336,Entregado,True
12215,10459,1,2025-12-13 15:27:35.893391424,Reprogramado,False
12216,10459,2,2025-12-15 02:20:59.786782845,Cliente ausente,False
12217,10459,3,2025-12-16 13:14:23.680174271,Entregado,True
12218,10460,1,2026-02-19 00:34:27.293438906,Cliente ausente,False
12219,10460,2,2026-02-20 00:27:30.586877809,Entregado,True
12220,10461,1,2025-11-18 18:21:19.678372092,Reprogramado,False
12221,10461,2,2025-11-21 04:01:15.356744184,Entregado,True
12222,10462,1,2025-12-04 00:41:24.000000000,Entregado,True
12223,10463,1,2025-06-08 15:06:35.259101280,Entregado,True
12224,10464,1,2025-11-26 16:53:02.188828928,Entregado,True
12225,10465,1,2026-01-05 16:49:07.286373566,Entregado,True
12226,10466,1,2025-03-02 23:13:46.486012580,Entregado,True
12227,10467,1,2025-02-17 18:59:40.579701820,Entregado,True
12228,10468,1,2026-08-11 08:48:16.612885530,Entregado,True
12229,10469,1,2026-09-01 15:27:58.315455543,Entregado,True
12230,10470,1,2026-06-30 00:54:39.212294094,Entregado,True
12231,10471,1,2025-06-07 10:24:07.223303367,Entregado,True
12232,10472,1,2025-03-09 08:05:55.057785370,Entregado,True
12233,10473,1,2026-02-28 05:57:45.143867581,Entregado,True
12234,10474,1,2025-11-22 23:56:13.268382702,Entregado,True
12235,10475,1,2025-04-22 12:34:21.092273299,Entregado,True
12236,10476,1,2026-04-12 00:29:53.800574269,Entregado,True
12237,10477,1,2026-08-06 10:18:20.021807577,Entregado,True
12238,10478,1,2025-09-10 13:22:06.784466217,Entregado,True
12239,10479,1,2026-05-28 12:41:35.981162059,Entregado,True
12240,10480,1,2026-07-05 21:59:29.368228322,Entregado,True
12241,10481,1,2026-03-20 06:01:15.336318093,Entregado,True
12242,10482,1,2026-03-30 16:04:12.000000000,Entregado,True
12243,10483,1,2025-03-02 03:02:42.662402288,Cliente ausente,False
12244,10483,2,2025-03-02 13:30:37.324804581,Entregado,True
12245,10484,1,2025-12-12 03:07:40.569585751,Entregado,True
12246,10485,1,2026-02-03 10:18:46.141636273,Entregado,True
12247,10486,1,2025-04-26 18:21:42.007816547,Entregado,True
12248,10487,1,2025-08-11 17:08:14.757738903,Entregado,True
12249,10488,1,2025-03-09 14:57:36.000000000,Entregado,True
12250,10489,1,2025-11-12 09:50:11.937422288,Cliente ausente,False
12251,10489,2,2025-11-13 15:02:35.874844580,Entregado,True
12252,10490,1,2026-04-13 03:30:19.940824548,Cliente ausente,False
12253,10490,2,2026-04-13 16:21:03.881649092,Entregado,True
12254,10491,1,2026-03-04 07:47:22.372726610,Entregado,True
12255,10492,1,2025-09-26 23:50:52.725668967,Entregado,True
12256,10493,1,2026-07-18 03:41:49.348843389,Entregado,True
12257,10494,1,2025-10-18 09:19:17.996550254,Entregado,True
12258,10495,1,2026-03-01 23:52:24.311177079,Cliente ausente,False
12259,10495,2,2026-03-02 14:19:36.622354155,Entregado,True
12260,10496,1,2026-07-13 00:12:53.911127203,Entregado,True
12261,10497,1,2025-09-02 15:21:08.914285386,Entregado,True
12262,10498,1,2025-12-03 01:02:49.834734489,Entregado,True
12263,10499,1,2025-11-25 20:20:47.170302813,Entregado,True
12264,10500,1,2025-04-21 00:35:15.730286589,Entregado,True
12265,10501,1,2025-03-21 00:28:11.699261886,Entregado,True
12266,10502,1,2025-06-16 20:32:55.341696908,Entregado,True
12267,10503,1,2025-02-28 05:16:42.168918892,Entregado,True
12268,10504,1,2025-07-11 00:40:58.249780842,Entregado,True
12269,10505,1,2025-02-23 16:10:12.761385160,Entregado,True
12270,10506,1,2025-03-14 14:28:37.878392035,Cliente ausente,False
12271,10506,2,2025-03-15 23:38:39.756784066,Entregado,True
12272,10507,1,2025-11-24 00:57:57.548138461,Entregado,True
12273,10508,1,2025-12-07 22:32:54.907367071,Entregado,True
12274,10509,1,2025-06-07 11:30:51.366308173,Entregado,True
12275,10510,1,2025-03-02 15:49:21.283019950,Entregado,True
12276,10511,1,2025-10-03 14:24:14.233468546,Entregado,True
12277,10512,1,2025-07-22 09:38:21.583862426,Entregado,True
12278,10513,1,2025-10-24 10:49:14.454176008,Entregado,True
12279,10514,1,2025-11-20 00:19:28.205660870,Entregado,True
12280,10515,1,2025-11-28 00:55:02.619719166,Entregado,True
12281,10516,1,2026-01-28 19:16:47.532065754,Entregado,True
12282,10517,1,2025-10-15 01:16:02.570381770,Entregado,True
12283,10518,1,2025-06-27 18:27:45.303431198,Entregado,True
12284,10519,1,2025-12-16 13:16:35.925102069,Entregado,True
12285,10520,1,2026-01-18 10:44:52.681956075,Entregado,True
12286,10521,1,2025-10-01 01:41:52.823221983,Entregado,True
12287,10522,1,2026-05-09 06:21:21.702268656,Entregado,True
12288,10523,1,2026-07-04 11:07:18.400148439,Entregado,True
12289,10524,1,2026-08-23 22:03:14.864433526,Entregado,True
12290,10525,1,2025-06-08 12:30:05.717912256,Cliente ausente,False
12291,10525,2,2025-06-09 09:12:11.435824515,Cliente ausente,False
12292,10525,3,2025-06-10 05:54:17.153736771,Entregado,True
12293,10526,1,2026-03-09 03:18:41.676481195,Cliente ausente,False
12294,10526,2,2026-03-09 18:09:47.352962394,Cliente ausente,False
12295,10526,3,2026-03-10 09:00:53.029443589,Entregado,True
12296,10527,1,2025-11-24 05:27:07.905666898,Entregado,True
12297,10528,1,2025-04-27 15:44:22.999712132,Domicilio incorrecto,False
12298,10528,2,2025-04-28 21:00:33.999424264,Entregado,True
12299,10529,1,2026-06-08 22:08:09.184855930,Entregado,True
12300,10530,1,2026-03-15 03:04:46.057976281,Entregado,True
12301,10531,1,2026-06-09 23:58:53.339785388,Entregado,True
12302,10532,1,2026-07-29 22:15:20.300337615,Entregado,True
12303,10533,1,2025-09-26 20:28:53.326026033,Entregado,True
12304,10534,1,2026-02-04 19:29:57.131754835,Entregado,True
12305,10535,1,2025-04-13 15:42:47.340450043,Entregado,True
12306,10536,1,2025-03-05 20:42:02.643497776,Entregado,True
12307,10537,1,2026-05-30 10:44:22.486346540,Entregado,True
12308,10538,1,2025-08-10 10:20:24.000000000,Entregado,True
12309,10539,1,2026-03-13 06:11:33.612733838,Entregado,True
12310,10540,1,2025-07-12 21:22:37.841710393,Entregado,True
12311,10541,1,2025-11-30 22:45:32.845558773,Reprogramado,False
12312,10541,2,2025-12-01 04:20:53.691117550,Entregado,True
12313,10542,1,2026-07-12 15:11:20.778161949,Entregado,True
12314,10543,1,2026-08-08 05:02:58.883635316,Entregado,True
12315,10544,1,2025-10-30 08:38:25.096289276,Entregado,True
12316,10545,1,2026-07-25 22:15:19.730158776,Reprogramado,False
12317,10545,2,2026-07-27 09:15:39.460317548,Entregado,True
12318,10546,1,2025-04-29 05:22:48.094037212,Entregado,True
12319,10547,1,2026-06-07 13:13:50.877336997,Entregado,True
12320,10548,1,2025-03-29 07:05:03.420525177,Entregado,True
12321,10549,1,2026-01-16 02:39:40.158807325,Entregado,True
12322,10550,1,2025-05-29 11:13:32.041187889,Entregado,True
12323,10551,1,2025-04-30 00:50:07.845839188,Acceso restringido,False
12324,10551,2,2025-05-01 00:26:27.691678381,Cliente ausente,False
12325,10551,3,2025-05-02 00:02:47.537517570,Entregado,True
12326,10552,1,2025-05-16 23:30:12.473135668,Acceso restringido,False
12327,10552,2,2025-05-18 07:04:36.946271337,Domicilio incorrecto,False
12328,10552,3,2025-05-19 14:39:01.419407006,Entregado,True
12329,10553,1,2026-06-11 20:12:21.592002848,Entregado,True
12330,10554,1,2025-07-30 19:21:17.181165434,Entregado,True
12331,10555,1,2025-03-09 17:49:47.848898269,Entregado,True
12332,10556,1,2025-01-07 12:19:36.604183036,Entregado,True
12333,10557,1,2025-01-05 12:29:18.035970997,Entregado,True
12334,10558,1,2025-09-17 21:35:15.951964005,Entregado,True
12335,10559,1,2025-11-22 15:15:01.653366945,Domicilio incorrecto,False
12336,10559,2,2025-11-23 20:22:51.306733887,Entregado,True
12337,10560,1,2025-08-31 08:56:01.245913130,Entregado,True
12338,10561,1,2026-08-30 13:53:58.592597733,Entregado,True
12339,10562,1,2026-06-21 20:47:18.923471296,Entregado,True
12340,10563,1,2025-11-15 17:53:51.179196958,Entregado,True
12341,10564,1,2026-08-27 09:14:38.349907760,Entregado,True
12342,10565,1,2025-02-22 03:01:51.564181357,Entregado,True
12343,10566,1,2026-04-18 09:15:36.621319237,Entregado,True
12344,10567,1,2025-02-15 00:03:30.985795425,Entregado,True
12345,10568,1,2025-07-25 14:37:25.162237945,Entregado,True
12346,10569,1,2025-12-15 07:05:03.270601388,Entregado,True
12347,10570,1,2025-03-02 17:12:49.922550615,Entregado,True
12348,10571,1,2025-03-02 02:16:32.632495568,Entregado,True
12349,10572,1,2026-05-29 16:00:25.663297240,Entregado,True
12350,10573,1,2025-11-16 23:07:48.349444306,Entregado,True
12351,10574,1,2026-01-09 11:19:21.182850516,Entregado,True
12352,10575,1,2025-07-29 18:53:43.963283104,Entregado,True
12353,10576,1,2025-04-22 06:10:24.577140849,Entregado,True
12354,10577,1,2025-01-27 07:50:19.720810417,Entregado,True
12355,10578,1,2026-03-08 05:31:16.231899853,Entregado,True
12356,10579,1,2025-01-14 13:11:05.848684404,Entregado,True
12357,10580,1,2026-07-30 10:11:28.256817699,Entregado,True
12358,10581,1,2026-05-31 17:39:56.485678284,Cliente ausente,False
12359,10581,2,2026-06-02 01:05:28.971356568,Entregado,True
12360,10582,1,2025-05-26 15:21:31.622156089,Entregado,True
12361,10583,1,2026-06-08 16:14:54.677627944,Entregado,True
12362,10584,1,2025-10-25 03:03:30.944184015,Entregado,True
12363,10585,1,2025-11-23 17:36:54.760111686,Reprogramado,False
12364,10585,2,2025-11-25 19:58:49.520223368,Entregado,True
12365,10586,1,2025-07-13 08:32:56.208764950,Entregado,True
12366,10587,1,2025-10-19 21:56:17.790530751,Entregado,True
12367,10588,1,2026-02-24 22:05:27.771845308,Entregado,True
12368,10589,1,2026-04-07 06:35:38.919279681,Entregado,True
12369,10590,1,2025-02-18 03:06:00.000000000,Entregado,True
12370,10591,1,2025-09-23 02:13:55.422750118,Entregado,True
12371,10592,1,2025-09-12 06:56:28.476346930,Entregado,True
12372,10593,1,2026-06-26 15:25:07.563384912,Entregado,True
12373,10594,1,2026-06-06 20:31:25.555810641,Entregado,True
12374,10595,1,2025-01-31 05:44:12.084037828,Entregado,True
12375,10596,1,2026-06-26 21:27:37.035916480,Entregado,True
12376,10597,1,2025-05-23 14:58:48.000000000,Entregado,True
12377,10598,1,2025-08-08 06:41:08.906937903,Reprogramado,False
12378,10598,2,2025-08-09 21:58:17.813875803,Entregado,True
12379,10599,1,2026-08-17 06:28:48.297469738,Entregado,True
12380,10600,1,2025-05-25 09:34:09.418040263,Entregado,True
12381,10601,1,2025-05-22 12:43:00.977387761,Entregado,True
12382,10602,1,2026-04-11 01:27:33.260850460,Cliente ausente,False
12383,10602,2,2026-04-11 18:10:42.521700925,Entregado,True
12384,10603,1,2025-04-29 22:18:55.929740893,Entregado,True
12385,10604,1,2026-03-22 05:18:57.541099532,Entregado,True
12386,10605,1,2026-01-16 12:48:08.599006789,Cliente ausente,False
12387,10605,2,2026-01-17 12:03:17.198013582,Entregado,True
12388,10606,1,2025-10-06 13:13:34.524105491,Entregado,True
12389,10607,1,2025-12-29 12:40:50.073191374,Entregado,True
12390,10608,1,2026-01-06 15:59:32.657220913,Entregado,True
12391,10609,1,2025-08-05 10:43:51.251418584,Entregado,True
12392,10610,1,2025-09-18 09:07:25.483013076,Entregado,True
12393,10611,1,2025-04-09 14:58:19.782966320,Entregado,True
12394,10612,1,2025-07-30 12:53:10.526682883,Entregado,True
12395,10613,1,2026-07-04 03:23:31.112300932,Entregado,True
12396,10614,1,2025-01-25 01:05:36.439606521,Entregado,True
12397,10615,1,2026-03-11 13:30:03.122787859,Entregado,True
12398,10616,1,2026-01-07 17:48:51.242534211,Entregado,True
12399,10617,1,2026-01-29 17:13:54.026294905,Entregado,True
12400,10618,1,2025-08-08 12:28:57.459285453,Cliente ausente,False
12401,10618,2,2025-08-09 16:40:30.918570905,Entregado,True
12402,10619,1,2026-05-20 20:36:34.622390861,Entregado,True
12403,10620,1,2025-04-08 22:42:12.026504318,Entregado,True
12404,10621,1,2026-03-09 18:00:42.969471462,Cliente ausente,False
12405,10621,2,2026-03-11 07:42:49.938942927,Entregado,True
12406,10622,1,2025-07-08 16:03:24.440785560,Reprogramado,False
12407,10622,2,2025-07-09 21:51:12.881571120,Entregado,True
12408,10623,1,2026-05-20 13:34:34.221746118,Entregado,True
12409,10624,1,2026-01-12 01:07:11.083412600,Entregado,True
12410,10625,1,2026-03-13 21:21:45.862717172,Entregado,True
12411,10626,1,2026-03-02 12:12:33.658441459,Entregado,True
12412,10627,1,2025-05-27 01:00:01.818238579,Entregado,True
12413,10628,1,2026-06-29 10:16:14.405847229,Entregado,True
12414,10629,1,2026-05-15 17:05:06.158885326,Entregado,True
12415,10630,1,2025-01-06 10:57:00.000000000,Entregado,True
12416,10631,1,2025-11-17 07:30:46.873614358,Entregado,True
12417,10632,1,2025-08-19 21:10:08.336082939,Entregado,True
12418,10633,1,2025-05-05 04:46:56.200471204,Entregado,True
12419,10634,1,2026-05-15 09:52:22.999655704,Entregado,True
12420,10635,1,2026-04-23 08:54:18.253277668,Entregado,True
12421,10636,1,2026-07-31 15:23:52.616970830,Entregado,True
12422,10637,1,2026-05-25 20:21:10.612795273,Entregado,True
12423,10638,1,2026-08-17 19:36:10.975329619,Entregado,True
12424,10639,1,2025-06-25 04:30:13.709348258,Entregado,True
12425,10640,1,2025-09-30 03:37:56.265542943,Entregado,True
